school,brand_raw,brand,start_season,end_season,source_url,verified,evidence_summary,verification_basis,reviewed_on,evidence_id,evidence_tier,source_type,archive_url,snapshot_date,source_date,supporting_source_url,school_id
Auburn,Under Armour,Under Armour,2017-18,2024-25,https://auburntigers.com/news/2025/07/24/such-an-iconic-mark-how-auburn-equipment-managed-the-switch-to-nike,Y,"Retrospective confirms 19 years with Under Armour before July 1, 2025 switch.",official announcement; study-window coverage only,2026-09-30,legacy_000,A,official_announcement,,,,,auburn
Auburn,Nike,Nike,2025-26,2025-26,https://auburntigers.com/news/2025/07/1/auburn-athletics-begins-nike-era,Y,"Nike era begins July 1, 2025.",official announcement; study-window coverage only,2026-09-30,legacy_001,A,official_announcement,,,,,auburn
Rutgers,Nike,Nike,2025-26,2025-26,https://scarletknights.com/news/2024/12/17/general-athletics-signs-apparel-partnership-with-nike-and-bsn-sports,Y,All 24 programs; agreement begins July 2025.,official announcement; study-window coverage only,2026-09-30,legacy_002,A,official_announcement,,,,,rutgers
Cincinnati,Nike,Nike,2023-24,2025-26,https://gobearcats.com/news/2023/12/11/cincinnati-athletics-announces-agreement-with-nike-inc-through-2029,Y,Nike/Jordan via BSN from 2023; direct Nike agreement from 2025 through 2029. Mixed Nike/Jordan footprint; grouped Nike.,official announcement; study-window coverage only,2026-09-30,legacy_003,A,official_announcement,,,,,cincinnati
California,Nike,Nike,2023-24,2025-26,https://calbears.com/news/2023/1/11/athletics-news-cal-athletics-enters-into-new-partnership-with-nike,Y,"Three-year BSN/Nike agreement for all 30 programs begins July 1, 2023.",official announcement; study-window coverage only,2026-09-30,legacy_004,A,official_announcement,,,,,california
UCLA,Nike,Nike,2021-22,2025-26,https://uclabruins.com/documents/download/2024/9/19/02-Release_Indiana_2024_FB.pdf,Y,"Six-year deal begins July 1, 2021: Nike 22 teams; Jordan football and basketball. Department coded Nike with mixed footprint retained here.",official announcement; study-window coverage only,2026-09-30,legacy_005,A,official_announcement,,,,,ucla
Nebraska,adidas,adidas,2017-18,2025-26,https://huskers.com/news/2017/08/11/adidas-and-nebraska-renew-partnership-to-2028,Y,2017 renewal through 2028 covers all 24 varsity sports.,official announcement; study-window coverage only,2026-09-30,legacy_006,A,official_announcement,,,,,nebraska
Louisville,adidas,adidas,2017-18,2025-26,https://gocards.com/news/2017/8/25/general-louisville-adidas-strike-landmark-10-year-partnership-through-2027-28,Y,2017 extension through 2027-28 of existing partnership.,official announcement; study-window coverage only,2026-09-30,legacy_007,A,official_announcement,,,,,louisville
Kansas,adidas,adidas,2017-18,2025-26,https://news.adidas.com/sports-performance/adidas-and-university-of-kansas-announce-an-extension-in-their-long-term-partnership/s/75f006e9-ed57-4ba1-b3fe-ddc1372145ff,Y,2017 announcement extends existing university partnership through 2031.,official announcement; study-window coverage only,2026-09-30,legacy_008,A,official_announcement,,,,,kansas
Miami (FL),adidas,adidas,2017-18,2025-26,https://miamihurricanes.com/news/2021/02/15/championship-colors,Y,"University account states 2015 twelve-year sponsorship through June 30, 2027.",official announcement; study-window coverage only,2026-09-30,legacy_009,A,official_announcement,,,,,miami_fl
Indiana,adidas,adidas,2017-18,2023-24,https://iuhoosiers.com/news/2015/8/18/GEN_0818151235,Y,2015 eight-year extension through 2024. Later seasons remain unverified.,official announcement; study-window coverage only,2026-09-30,legacy_010,A,official_announcement,,,,,indiana
Arizona State,adidas,adidas,2017-18,2022-23,https://thesundevils.com/news/2014/12/16/sun-devil-athletics-adidas-announce-8-year-partnership,Y,Eight-year university partnership through June 2023. Renewal not yet verified.,official announcement; study-window coverage only,2026-09-30,legacy_011,A,official_announcement,,,,,arizona_state
Maryland,Under Armour,Under Armour,2017-18,2025-26,https://about.underarmour.com/en/stories/2024/06/university-of-maryland-and-under-armour-announce-12-year-extensi.html,Y,Department-wide outfitter since 2009; 2024 renewal through 2036.,official announcement; study-window coverage only,2026-09-30,legacy_012,A,official_announcement,,,,,maryland
Notre Dame,Under Armour,Under Armour,2017-18,2025-26,https://about.underarmour.com/en/stories/2023/08/under-armour-and-notre-dame-march-on-together-.html,Y,2023 announcement describes nearly decade-long relationship and ten-year renewal for 26 varsity teams.,official announcement; study-window coverage only,2026-09-30,legacy_013,A,official_announcement,,,,,notre_dame
Texas Tech,adidas,adidas,2024-25,2025-26,https://texastech.com/news/2024/7/1/general-texas-tech-adidas-launch-10-year-partnership,Y,"Ten-year all-department partnership effective July 1, 2024.",official announcement; study-window coverage only,2026-09-30,legacy_014,A,official_announcement,,,,,texas_tech
Michigan,Nike,Nike,2017-18,2025-26,https://finance.umich.edu/reports/2016/category/athletics/,Y,"University annual report confirms August 1, 2016 to 2027 partnership. Nike/Jordan department footprint.",official announcement; study-window coverage only,2026-09-30,legacy_015,A,official_announcement,,,,,michigan
Ohio State,Nike,Nike,2017-18,2025-26,https://ohiostatebuckeyes.com/news/2016/1/14/ohio-state-and-nike-sign-groundbreaking-college-partnership,Y,Existing partnership extended through 2033 in January 2016.,official announcement; study-window coverage only,2026-09-30,legacy_016,A,official_announcement,,,,,ohio_state
North Carolina,Nike,Nike,2018-19,2025-26,https://goheels.com/news/2018/12/18/general-carolina-announces-contract-extension-for-williams,Y,Ten-year exclusive footwear/apparel extension through June 2028. Nike/Jordan footprint; earlier season not inferred from extension alone.,official announcement; study-window coverage only,2026-09-30,legacy_017,A,official_announcement,,,,,north_carolina
Wisconsin,Under Armour,Under Armour,2017-18,2025-26,https://uwbadgers.com/news/2015/10/9/GEN_1012155509,Y,"Ten-year official outfitter agreement starts July 1, 2016.",official announcement; study-window coverage only,2026-09-30,legacy_018,A,official_announcement,,,,,wisconsin
Georgia Tech,adidas,adidas,2018-19,2023-24,https://ramblinwreck.com/news/2017/08/22/georgia-tech-joins-adidas-roster-of-collegiate-partnerships,Y,"Six-year all-17-program agreement starts July 1, 2018 through 2024.",official announcement; study-window coverage only,2026-09-30,legacy_019,A,official_announcement,,,,,georgia_tech
Tennessee,Nike,Nike,2017-18,2022-23,https://utsports.com/news/2014/1/31/UT_Announces_Partnership_With_NIKE,Y,"All 20 programs from July 1, 2015 through June 30, 2023. Later renewal not yet verified.",official announcement; study-window coverage only,2026-09-30,legacy_020,A,official_announcement,,,,,tennessee
Yale,Under Armour,Under Armour,2017-18,2025-26,https://yalebulldogs.com/news/2026/9/3/general-yale-athletics-and-under-armour-extend-partnership-through-2036.aspx,Y,2026 retrospective describes past decade of partnership and extension of exclusive provider arrangement for 35 programs.,official announcement; study-window coverage only,2026-09-30,legacy_021,A,official_announcement,,,,,yale
Boston College,New Balance,other,2021-22,2024-25,https://bceagles.com/news/2021/4/13/boston-college-athletics-announces-10-year-agreement-with-new-balance,Y,"Ten-year agreement begins June 1, 2021 for 30 of 31 teams; football excluded. First full academic season coded 2021-22; transitional 2020-21 remains unknown. Mixed department: primary provider only.",official announcement; study-window coverage only,2026-09-30,legacy_022,A,official_announcement,,,,,boston_college
Boston College,New Balance,other,2025-26,2025-26,https://bceagles.com/news/2025/6/2/football-new-balance-and-boston-college-expand-their-historic-sponsorship,Y,Football joins New Balance department arrangement beginning 2025 season.,official announcement; study-window coverage only,2026-09-30,legacy_023,A,official_announcement,,,,,boston_college
LSU,Nike,Nike,2017-18,2025-26,https://about.nike.com/en/newsroom/releases/nike-lsu-partnership-extension,Y,December 2025 retrospective describes five decades of partnership and extension through 2036.,official retrospective; study-window coverage only,2026-09-30,legacy_024,A,official_announcement,,,,,lsu
Arizona,Nike,Nike,2017-18,2024-25,https://arizonawildcats.com/news/2015/8/13/210266319,Y,"Agreement July 2015 through June 30, 2025.",official dated announcement,2026-09-30,legacy_025,A,official_announcement,,,,,arizona
Arizona,Nike,Nike,2025-26,2025-26,https://arizonawildcats.com/news/2025/3/3/general-wildcats-ink-landmark-contract-renewal-with-nike,Y,"Renewal July 1, 2025 through June 30, 2033.",official dated announcement,2026-09-30,legacy_026,A,official_announcement,,,,,arizona
BYU,Nike,Nike,2017-18,2025-26,https://byucougars.com/news/2019/03/08/byu-announces-new-nike-partnership,Y,2019 renewal through 2025-26; official retrospective explicitly states all-Nike school since 2009.,official dated announcement,2026-09-30,legacy_027,A,official_announcement,,,,,byu
Clemson,Nike,Nike,2018-19,2025-26,https://clemsontigers.com/news/2018/08/03/clemson-nike-agree-to-10-year-partnership-extension,Y,Ten-year all-sport extension through 2027-28.,official dated announcement,2026-09-30,legacy_028,A,official_announcement,,,,,clemson
Duke,Nike,Nike,2017-18,2025-26,https://goduke.com/news/2015/10/15/210424501,Y,2015 twelve-year renewal covers all 27 teams through 2027.,official dated announcement,2026-09-30,legacy_029,A,official_announcement,,,,,duke
Illinois,Nike,Nike,2017-18,2025-26,https://fightingillini.com/news/2016/1/15/GEN_0115160058,Y,2016 ten-year agreement for 21 varsity sports through 2025-26.,official dated announcement,2026-09-30,legacy_030,A,official_announcement,,,,,illinois
USC,Nike,Nike,2017-18,2025-26,https://usctrojans.com/news/2026/7/14/usc-trojans-athletics-nike-jerseys-uniforms-gear-apparel-shoes-deal-extension-nil,Y,2026 retrospective explicitly describes continuous all-school partnership for more than thirty years.,official retrospective,2026-09-30,legacy_031,A,official_announcement,,,,,usc
New Mexico,Nike,Nike,2017-18,2025-26,https://golobos.com/news/2023/10/12/lobos-nike-announce-extension-through-2027,Y,All-department Nike arrangement since 2008; renewed through 2027.,official retrospective and renewal,2026-09-30,legacy_032,A,official_announcement,,,,,new_mexico
Oklahoma,Nike,Nike,2017-18,2025-26,https://www.oudaily.com/sports/oklahoma-sports-ou-contract-with-nike-jordan-brand-worth-near-70-million/article_b59e45c0-911b-11e8-8d0b-43bb3d5f5abf.html,Y,Contract reporting: 2014-24 term extended through June 2028; Jordan football and basketball stay in Nike parent group.,university newspaper contract reporting,2026-09-30,legacy_033,A,secondary_contract_reporting,,,,,oklahoma
Pittsburgh,Nike,Nike,2017-18,2025-26,https://pittsburghpanthers.com/news/2023/7/6/general-pitt-extends-partnership-with-nike-through-2026,Y,2023 renewal through 2026; retrospective identifies nearly fifteen years of department partnership.,official retrospective and renewal,2026-09-30,legacy_034,A,official_announcement,,,,,pittsburgh
Ole Miss,Nike,Nike,2017-18,2025-26,https://olemisssports.com/news/2015/8/31/Ole_Miss_Makes_Major_Announcements,Y,2015 announcement extends Nike contract for twelve years.,official dated announcement,2026-09-30,legacy_035,A,official_announcement,,,,,ole_miss
UCF,Nike,Nike,2017-18,2025-26,https://ucfknights.com/news/2023/10/31/ucf-athletics-and-nike-extend-agreement-through-2029,Y,2023 announcement confirms Nike school since 2010; renewal through 2028-29.,official retrospective and renewal,2026-09-30,legacy_036,A,official_announcement,,,,,ucf
Utah,Under Armour,Under Armour,2017-18,2025-26,https://utahutes.com/news/2016/10/12/general-utah-athletics-and-under-armour-sign-extension,Y,2016 ten-year extension covers varsity programs through June 2027.,official dated announcement,2026-09-30,legacy_037,A,official_announcement,,,,,utah
Vanderbilt,Nike,Nike,2017-18,2022-23,https://vucommodores.com/news/2015/07/07/vanderbilt-nike-expand-agreement,Y,2015 announcement expands department-wide deal through 2023.,official dated announcement,2026-09-30,legacy_038,A,official_announcement,,,,,vanderbilt
Kentucky,Nike,Nike,2017-18,2024-25,https://www.sportsbusinessjournal.com/Daily/Issues/2015/03/05/Marketing-and-Sponsorship/UK-Nike/,Y,"2015 reporting: eight-year extension through August 31, 2025.",secondary contract reporting,2026-09-30,legacy_039,A,secondary_contract_reporting,,,,,kentucky
Kentucky,Nike,Nike,2025-26,2025-26,https://www.kentucky.com/sports/college/kentucky-sports/article311623013.html,Y,"Open-records reporting: new ten-year apparel deal effective July 1, 2025.",newspaper obtained contract,2026-09-30,legacy_040,A,secondary_contract_reporting,,,,,kentucky
Texas A&M,adidas,adidas,2022-23,2025-26,https://www.sportsbusinessjournal.com/Articles/2024/05/06/texas-am-aggies-renew-adidas-partnership/?issueId=VD7KES7GVMHBL2WFUIH7JMKCKU,Y,"Five-year agreement begins July 2022, ends 2027.",secondary contract reporting,2026-09-30,legacy_041,A,secondary_contract_reporting,,,,,texas_a_m
Virginia Tech,Nike,Nike,2017-18,2021-22,https://techsideline.com/article/2016/05/25/virginia-techs-nike-deal,Y,"Contract reporting states July 1, 2014 through June 30, 2022.",specialist publication contract reporting,2026-09-30,legacy_042,A,secondary_contract_reporting,,,,,virginia_tech
North Carolina State,adidas,adidas,2017-18,2021-22,https://www.youtube.com/watch?v=KGYQAXrN5w4,Y,Official NC State Athletics video description states July 2016 through June 2022 for 23 programs.,official dated announcement,2026-09-30,legacy_043,A,official_announcement,,,,,north_carolina_state
North Carolina State,adidas,adidas,2025-26,2025-26,https://www.on3.com/teams/nc-state-wolfpack/news/exclusive-nc-state-extends-partnership-with-adidas-runs-through-2032/,Y,Reporter inspected signed seven-year renewal through 2032.,secondary contract reporting,2026-09-30,legacy_044,A,secondary_contract_reporting,,,,,north_carolina_state
Denver,New Balance,other,2020-21,2020-21,https://denverpioneers.com/news/2021/3/3/athletics-university-of-denver-joins-with-new-balance-and-bsn-sports,Y,"Announcement confirms agreement commenced July 1, 2020. Unspecified multi-year end not extrapolated.",official dated announcement,2026-09-30,legacy_045,A,official_announcement,,,,,denver
Denver,Under Armour,Under Armour,2025-26,2025-26,https://denverpioneers.com/news/2025/6/3/athletics-denver-and-under-armour-begin-new-official-athletic-apparel-partnership,Y,June 2025 new multi-year department arrangement; first full academic season coded 2025-26. Transition season needs review.,official dated announcement,2026-09-30,legacy_046,A,official_announcement,,,,,denver
Rutgers,adidas,adidas,2017-18,2023-24,https://scarletknights.com/news/2017/2/13/Rutgers_Athletics_Announces_Partnership_with_adidas,Y,"All-school deal July 1, 2017 through 2023-24. Last extension year needs separate source.",official dated announcement,2026-09-30,legacy_047,A,official_announcement,,,,,rutgers
Boston College,Under Armour,Under Armour,2017-18,2018-19,https://bceagles.com/news/2015/3/12/Under_Armour_BC_Extend_Long_Term_Partnership,Y,2015 ten-year extension subsequently ended early; New Balance begins June 2021. Transitional 2020-21 is not assigned a single brand.,official dated announcement,2026-09-30,legacy_048,A,official_announcement,,,,,boston_college
California,Under Armour,Under Armour,2017-18,2018-19,https://calbears.com/news/2017/5/31/athletics-news-cal-under-armour-launch-partnership.aspx,Y,Ten-year arrangement launches June 2017; later termination means original scheduled end cannot be used.,official dated announcement,2026-09-30,legacy_049,A,official_announcement,,,,,california
UCLA,Under Armour,Under Armour,2017-18,2018-19,https://uclabruins.com/news/2017/07/1/ucla-under-armour-kick-off-partnership,Y,Arrangement launches July 2017; later termination means original scheduled end cannot be used.,official dated announcement,2026-09-30,legacy_050,A,official_announcement,,,,,ucla
Texas Tech,Under Armour,Under Armour,2017-18,2018-19,https://texastech.com/news/2015/2/17/Texas_Tech_Agrees_To_Six_Year_Extension_With_Under_Armour,Y,"2015 announcement confirms agreement through June 30, 2020.",official dated announcement,2026-09-30,legacy_051,A,official_announcement,,,,,texas_tech
Indiana,adidas,adidas,2024-25,2025-26,https://www.thedailyhoosier.com/iu-athletics-and-adidas-finalize-10-year-contract-extension/,Y,Finalized 2024 ten-year renewal extends agreement through 2034.,secondary reporting of finalized agreement,2026-09-30,legacy_052,A,secondary_contract_reporting,,,,,indiana
Tennessee,Nike,Nike,2023-24,2025-26,https://sports.yahoo.com/article/tennessee-athletics-switching-adidas-nike-181159677.html,Y,Reports extension of 2023 expiry through 2025-26; adidas begins following season.,syndicated newspaper reporting,2026-09-30,legacy_053,A,secondary_contract_reporting,,,,,tennessee
Northwestern,Under Armour,Under Armour,2017-18,2025-26,https://about.underarmour.com/en/stories/2025/03/under-armour-and-northwestern-university-announce-extension-of-p.html,Y,March 2025 renewal for several years; official outfitter for all 19 varsity programs since 2012.,official retrospective and renewal,2026-09-30,legacy_054,A,official_announcement,,,,,northwestern
South Carolina,Under Armour,Under Armour,2017-18,2025-26,https://www.sc.edu/uofsc/posts/2025/08/board-of-trustees-briefs-august-2025.php,Y,"University confirms department-wide UA history since 2011-12; replacement Nike contract starts July 1, 2026.",official retrospective and transition,2026-09-30,legacy_055,A,official_announcement,,,,,south_carolina
Penn State,Nike,Nike,2017-18,2025-26,https://www.centredaily.com/sports/college/penn-state-university/article316333759.html,Y,"July 1, 2026 adidas launch ends thirty-three-year Nike relationship.",local newspaper retrospective,2026-09-30,legacy_056,A,secondary_contract_reporting,,,,,penn_state
Texas,Nike,Nike,2017-18,2025-26,https://www.utsystem.edu/sites/default/files/offices/board-of-regents/board-meetings/board-minutes/10-30-2015meeting1141.pdf,Y,Board minutes pp.3-4 record carried motion; apparel term July 2016 through June 2031.,university board minutes,2026-09-30,legacy_057,A,board_record,,,,,texas
Texas A&M,adidas,adidas,2017-18,2021-22,https://cdn.vox-cdn.com/uploads/chorus_asset/file/3974634/Adidas_FINAL__1_.0.pdf,Y,"Contract schedule covers 2014-15 through 2021-22. Track and field explicitly excluded; primary department provider, not every sport.",public copy of contract,2026-09-30,legacy_058,A,contract,,,,,texas_a_m
Georgia,Nike,Nike,2017-18,2023-24,https://www.sportsbusinessjournal.com/Daily/Issues/2015/05/20/Marketing-and-Sponsorship/Georgia-Nike/,Y,"Documents reported to extend all-school Nike arrangement through June 30, 2024.",secondary contract reporting,2026-09-30,legacy_059,A,secondary_contract_reporting,,,,,georgia
Florida State,Nike,Nike,2018-19,2025-26,https://seminoles.com/documents/download/2024/1/15/Florida_State_University_Department_of_Intercollegiate_Athletics_FY23.pdf,Y,"Audited statement p.22 (PDF p.24): May 31, 2019 amendment extends existing Nike agreement through July 31, 2029.",university audited financial statements,2026-09-30,legacy_060,A,audited_statement,,,,,florida_state
Iowa State,Nike,Nike,2017-18,2017-18,https://www2.kusports.com/weblogs/tale-tait/2017/sep/28/kus-deal-with-adidas-is-companys-second/,Y,Nike identity supported for 2017-18; reported 2024 expiration conflicts with other compilations reporting 2018. Later seasons withheld pending contract.,newspaper contract compilation; underlying dates not independently inspected,2026-09-30,legacy_061,A,secondary_contract_reporting,,,,,iowa_state
Kansas State,Nike,Nike,2017-18,2020-21,https://www2.kusports.com/weblogs/tale-tait/2017/sep/28/kus-deal-with-adidas-is-companys-second/,Y,2017 contract roundup identifies Nike term through 2021.,newspaper contract compilation; underlying dates not independently inspected,2026-09-30,legacy_062,A,secondary_contract_reporting,,,,,kansas_state
Oklahoma State,Nike,Nike,2017-18,2024-25,https://www2.kusports.com/weblogs/tale-tait/2017/sep/28/kus-deal-with-adidas-is-companys-second/,Y,2017 contract roundup identifies Nike term through 2025.,newspaper contract compilation; underlying dates not independently inspected,2026-09-30,legacy_063,A,secondary_contract_reporting,,,,,oklahoma_state
West Virginia,Nike,Nike,2017-18,2025-26,https://www2.kusports.com/weblogs/tale-tait/2017/sep/28/kus-deal-with-adidas-is-companys-second/,Y,2017 contract roundup identifies Nike term through 2026. CRIA table incorrectly labels school UA; that conflicting entry is rejected.,newspaper contract compilation; underlying dates not independently inspected,2026-09-30,legacy_064,A,secondary_contract_reporting,,,,,west_virginia
Michigan State,Nike,Nike,2017-18,2023-24,https://www.sportsbusinessjournal.com/Daily/Issues/2015/07/20/Marketing-and-Sponsorship/MSU-Nike/,Y,"2015 report describes ten-year, $34 million extension.",secondary contract reporting,2026-09-30,legacy_065,A,secondary_contract_reporting,,,,,michigan_state
Michigan State,Nike,Nike,2024-25,2025-26,https://spartanavenue.com/posts/michigan-state-and-nike-strike-deal-to-extend-contract-01j364s62zn9,Y,"2024 report of extension through 2027, citing 247Sports.",secondary reporting; original extension not inspected,2026-09-30,legacy_066,A,secondary_contract_reporting,,,,,michigan_state
Washington,Nike,Nike,2017-18,2018-19,https://www.seattlepi.com/sports/uw_huskies_wsu_cougars/article/The-Three-Stripe-era-UW-athletics-announces-14064340.php,Y,July 2019 adidas activation ends twenty-year Nike relationship.,newspaper retrospective,2026-09-30,legacy_067,A,secondary_contract_reporting,,,,,washington
Washington,adidas,adidas,2020-21,2025-26,https://gohuskies.com/news/2018/4/10/general-university-of-washington-agrees-to-terms-on-10-year-partnership-with-adidas,Y,"Ten-year agreement starts July 2019, ends June 2029. Transition occurs in excluded 2019-20 season; confirmed activated by SeattlePI July 2019 report.",official dated announcement,2026-09-30,legacy_068,A,official_announcement,,,,,washington
Alabama,Nike,Nike,2017-18,2017-18,https://athleticdirectoru.com/articles/cash-is-king-in-intercollegiate-apparel-agreements/,Y,CRIA researchers table identifies provider in 2017-18 only. No forward-fill. Known erroneous Rutgers entry in compilation not used.,researchers contract compilation snapshot,2026-09-30,legacy_069,A,secondary_contract_reporting,,,,,alabama
Clemson,Nike,Nike,2017-18,2017-18,https://athleticdirectoru.com/articles/cash-is-king-in-intercollegiate-apparel-agreements/,Y,CRIA researchers table identifies provider in 2017-18 only. No forward-fill. Known erroneous Rutgers entry in compilation not used.,researchers contract compilation snapshot,2026-09-30,legacy_070,A,secondary_contract_reporting,,,,,clemson
Colorado,Nike,Nike,2017-18,2017-18,https://athleticdirectoru.com/articles/cash-is-king-in-intercollegiate-apparel-agreements/,Y,CRIA researchers table identifies provider in 2017-18 only. No forward-fill. Known erroneous Rutgers entry in compilation not used.,researchers contract compilation snapshot,2026-09-30,legacy_071,A,secondary_contract_reporting,,,,,colorado
Florida,Nike,Nike,2017-18,2017-18,https://athleticdirectoru.com/articles/cash-is-king-in-intercollegiate-apparel-agreements/,Y,CRIA researchers table identifies provider in 2017-18 only. No forward-fill. Known erroneous Rutgers entry in compilation not used.,researchers contract compilation snapshot,2026-09-30,legacy_072,A,secondary_contract_reporting,,,,,florida
Florida State,Nike,Nike,2017-18,2017-18,https://athleticdirectoru.com/articles/cash-is-king-in-intercollegiate-apparel-agreements/,Y,CRIA researchers table identifies provider in 2017-18 only. No forward-fill. Known erroneous Rutgers entry in compilation not used.,researchers contract compilation snapshot,2026-09-30,legacy_073,A,secondary_contract_reporting,,,,,florida_state
Houston,Nike,Nike,2017-18,2017-18,https://athleticdirectoru.com/articles/cash-is-king-in-intercollegiate-apparel-agreements/,Y,CRIA researchers table identifies provider in 2017-18 only. No forward-fill. Known erroneous Rutgers entry in compilation not used.,researchers contract compilation snapshot,2026-09-30,legacy_074,A,secondary_contract_reporting,,,,,houston
Iowa,Nike,Nike,2017-18,2017-18,https://athleticdirectoru.com/articles/cash-is-king-in-intercollegiate-apparel-agreements/,Y,CRIA researchers table identifies provider in 2017-18 only. No forward-fill. Known erroneous Rutgers entry in compilation not used.,researchers contract compilation snapshot,2026-09-30,legacy_075,A,secondary_contract_reporting,,,,,iowa
Minnesota,Nike,Nike,2017-18,2017-18,https://athleticdirectoru.com/articles/cash-is-king-in-intercollegiate-apparel-agreements/,Y,CRIA researchers table identifies provider in 2017-18 only. No forward-fill. Known erroneous Rutgers entry in compilation not used.,researchers contract compilation snapshot,2026-09-30,legacy_076,A,secondary_contract_reporting,,,,,minnesota
Missouri,Nike,Nike,2017-18,2017-18,https://athleticdirectoru.com/articles/cash-is-king-in-intercollegiate-apparel-agreements/,Y,CRIA researchers table identifies provider in 2017-18 only. No forward-fill. Known erroneous Rutgers entry in compilation not used.,researchers contract compilation snapshot,2026-09-30,legacy_077,A,secondary_contract_reporting,,,,,missouri
North Carolina,Nike,Nike,2017-18,2017-18,https://athleticdirectoru.com/articles/cash-is-king-in-intercollegiate-apparel-agreements/,Y,CRIA researchers table identifies provider in 2017-18 only. No forward-fill. Known erroneous Rutgers entry in compilation not used.,researchers contract compilation snapshot,2026-09-30,legacy_078,A,secondary_contract_reporting,,,,,north_carolina
Purdue,Nike,Nike,2017-18,2017-18,https://athleticdirectoru.com/articles/cash-is-king-in-intercollegiate-apparel-agreements/,Y,CRIA researchers table identifies provider in 2017-18 only. No forward-fill. Known erroneous Rutgers entry in compilation not used.,researchers contract compilation snapshot,2026-09-30,legacy_079,A,secondary_contract_reporting,,,,,purdue
Virginia,Nike,Nike,2017-18,2017-18,https://athleticdirectoru.com/articles/cash-is-king-in-intercollegiate-apparel-agreements/,Y,CRIA researchers table identifies provider in 2017-18 only. No forward-fill. Known erroneous Rutgers entry in compilation not used.,researchers contract compilation snapshot,2026-09-30,legacy_080,A,secondary_contract_reporting,,,,,virginia
Georgia Tech,Russell Athletic,other,2017-18,2017-18,https://athleticdirectoru.com/articles/cash-is-king-in-intercollegiate-apparel-agreements/,Y,2017-18 snapshot; adidas starts following season.,researchers contract compilation snapshot,2026-09-30,legacy_081,A,secondary_contract_reporting,,,,,georgia_tech
Rutgers,adidas,adidas,2024-25,2024-25,https://sports.yahoo.com/rutgers-approve-nike-athletics-apparel-200631396.html,Y,"December 2024 reporting confirms adidas tenure since July 2017, with Nike replacing it July 1, 2025.",syndicated newspaper reporting,2026-09-30,legacy_082,A,secondary_contract_reporting,,,,,rutgers
Cincinnati,Under Armour,Under Armour,2017-18,2022-23,https://www.si.com/college/cincinnati/news/uc-officially-announces-nike-jordan-brand-deal-with-bsn-sports,Y,"May 2023 report: apparel switches from Under Armour after nearly ten years. Financial agreement terminated early in 2020; this codes outfitter, not cash payments.",contemporary reporting and retrospective,2026-09-30,legacy_083,A,secondary_contract_reporting,,,,,cincinnati
California,Under Armour,Under Armour,2020-21,2022-23,https://writeforcalifornia.com/p/cal-under-armour-nike-deal,Y,"July 1, 2023 actual transition from Under Armour to Nike. Legal/financial termination and physical outfitting transition are distinct.",specialist publication transition report,2026-09-30,legacy_084,A,secondary_contract_reporting,,,,,california
Texas Tech,Under Armour,Under Armour,2020-21,2023-24,https://www.sportsbusinessjournal.com/Articles/2023/10/24/texas-tech-joining-adidas-leaving-under-armour-patrick-mahomes-instagram-post/,Y,2024 adidas transition ends eighteen-year run with Under Armour.,secondary retrospective,2026-09-30,legacy_085,A,secondary_contract_reporting,,,,,texas_tech
Alabama,Nike,Nike,2018-19,2025-26,https://www.sportsbusinessjournal.com/Articles/2025/08/28/alabama-quietly-extended-nike-deal-a-few-years-ago-terms-kept-private/?issueId=3MXGPV7JIFCSHHS6YCWC3BPPFM,Y,2013 contract through July 2025 and AD-confirmed renewal already in effect August 2025. Exact renewed expiration is undisclosed.,secondary reporting quoting athletic director,2026-09-30,legacy_086,A,secondary_contract_reporting,,,,,alabama
Colorado,Nike,Nike,2018-19,2024-25,https://football.hkm.com/wp-content/uploads/2020/08/2020_02-28_DORRELL_Karl_Employment_Agreement_FINAL_FOR_REGENT_APPROVAL-FULLY-EXECUTED.pdf,Y,"Executed employment contract identifies university Nike sponsorship term July 1, 2001 through June 30, 2025.",executed university contract cross-reference,2026-09-30,legacy_087,A,contract,,,,,colorado
Minnesota,Nike,Nike,2020-21,2022-23,https://regents.umn.edu/sites/regents.umn.edu/files/2020-02/minutes-dec2019.pdf,Y,"University board minutes identify Nike extension August 1, 2020 through July 31, 2023.","university board minutes; indexed text, download returned 403",2026-09-30,legacy_088,A,board_record,,,,,minnesota
Kansas State,Nike,Nike,2023-24,2025-26,https://www.kansas.com/sports/college/big-12/kansas-state/article285714486.html,Y,February 2024 report confirms current Nike outfitting and signed renewal July 2024 through July 2027.,newspaper obtained contract,2026-09-30,legacy_089,A,secondary_contract_reporting,,,,,kansas_state
Baylor,Nike,Nike,2017-18,2017-18,https://www2.kusports.com/weblogs/tale-tait/2017/sep/28/kus-deal-with-adidas-is-companys-second/,Y,2017 sponsor snapshot; source explicitly says contract years unavailable.,newspaper snapshot,2026-09-30,legacy_090,A,secondary_contract_reporting,,,,,baylor
TCU,Nike,Nike,2017-18,2017-18,https://www2.kusports.com/weblogs/tale-tait/2017/sep/28/kus-deal-with-adidas-is-companys-second/,Y,2017 sponsor snapshot; source explicitly says contract years unavailable.,newspaper snapshot,2026-09-30,legacy_091,A,secondary_contract_reporting,,,,,tcu
Houston,Nike,Nike,2022-23,2022-23,https://www.houstonchronicle.com/texas-sports-nation/college/article/houston-cougars-basketball-jordan-brand-impact-17851683.php,Y,March 2023 article identifies separate Nike contract for fifteen varsity programs and Jordan basketball. Primary department provider Nike.,local newspaper reporting,2026-09-30,legacy_092,A,secondary_contract_reporting,,,,,houston
Wake Forest,Nike,Nike,2021-22,2021-22,https://godeacs.com/news/2021/12/16/general-wake-forest-teams-with-winston-salem-headquartered-globally-renowned-hanesbrands-inc-as-primary-licensed-apparel-partner,Y,December 2021 confirms Nike remains exclusive uniform supplier; Hanesbrands arrangement is retail licensing.,official dated announcement,2026-09-30,legacy_093,B,official_announcement,,,2021-12-16,,wake_forest
Stanford,Nike,Nike,2022-23,2022-23,https://journals.indianapolis.iu.edu/index.php/jlas/article/download/27106/24837,Y,2023 paper p.61 identifies existing Nike deal supplying all athletics teams. No term extrapolation.,peer-reviewed research current-contract statement,2026-09-30,legacy_094,A,secondary_contract_reporting,,,,,stanford
Princeton,Nike,Nike,2021-22,2021-22,https://s3.us-east-2.amazonaws.com/sidearm.nextgen.sites/princeton.sidearmsports.com/documents/2021/7/28/NIL_FAQ_for_Student_Athletes_7_28_21.pdf?timestamp=20210728052335,Y,"July 28, 2021 NIL FAQ identifies exclusive Nike contract.",dated university policy snapshot,2026-09-30,legacy_095,B,official_policy,,,2021-07-28,,princeton
Princeton,Nike,Nike,2022-23,2022-23,https://goprincetontigers.com/documents/download/2023/5/24/Princeton_NIL_Policy__May_2023__26_.pdf_timestamp_20230524015649.pdf,Y,May 2023 NIL policy identifies Nike among exclusive university contracts.,dated university policy snapshot,2026-09-30,legacy_096,B,official_policy,,,2023-05-24,,princeton
Florida,Nike,Nike,2018-19,2023-24,https://www.onlygators.com/02/25/2015/florida-gators-extend-apparel-contract-with-nike/,Y,"2015 report extends Nike contract through April 1, 2024. Only full seasons covered here; later expiry season not extrapolated. Majority-season rule: Nike covered fall, winter and start of spring through April 1, 2024; later continuation supported separately. Expiration is not evidence of a brand switch.",specialist publication contract reporting,2026-09-30,legacy_097,A,secondary_contract_reporting,,,,,florida
Florida,Nike,Nike,2025-26,2025-26,https://floridagators.com/sports/2025/8/6/overview-name-image-likeness,Y,August 2025 NIL overview names Nike/Jordan as team sponsors. Mixed footprint normalized Nike.,dated university policy snapshot,2026-09-30,legacy_098,B,official_policy,,,2025-08-06,,florida
Kansas State,Nike,Nike,2021-22,2022-23,https://www.kansas.com/sports/college/big-12/kansas-state/article254569392.html,Y,September 2021 reporting quotes athletic director on three-year Nike extension through 2024.,dated newspaper report quoting athletic director; search-index evidence,2026-09-30,legacy_099,A,secondary_contract_reporting,,,,,kansas_state
UCLA,Under Armour,Under Armour,2020-21,2020-21,https://www.latimes.com/sports/story/2020-10-08/ucla-seeking-new-apparel-partner-will-wear-under-armour-this-year,Y,UCLA continued wearing Under Armour during 2020-21 despite its contract dispute.,dated newspaper report; outfit use does not establish sponsorship payments,2026-09-30,legacy_100,A,secondary_contract_reporting,,,,,ucla
Mississippi State,adidas,adidas,2017-18,2020-21,https://hailstate.com/sports/2014/4/16/209467396,Y,Athletic director announces seven-year extension in April 2014 covering all 16 sports.,official dated announcement,2026-09-30,legacy_101,A,official_announcement,,,,,mississippi_state
Georgia Tech,adidas,adidas,2024-25,2025-26,https://www.ajc.com/sports/2025/10/georgia-tech-switching-to-under-armour-for-uniforms-apparel/,Y,October 2025 reporting confirms adidas agreement was extended two years in 2024; replacement Under Armour begins in 2026.,dated newspaper report confirming executed extension,2026-09-30,legacy_102,A,contract,,,,,georgia_tech
Oregon,Nike,Nike,2017-18,2025-26,https://trustees.uoregon.edu/sites/default/files/minutes_-_full_bot_12.08.17.pdf,Y,"Board minutes PDF p.2 approve multi-sport Nike agreement on December 8, 2017. Companion board packet sets July 1, 2017–May 31, 2028 term.",approved university board minutes plus agreement packet,2026-09-30,legacy_103,A,board_record,,,,https://trustees.uoregon.edu/sites/default/files/bot_meeting_packet_12.08.17_v3.pdf,oregon
Minnesota,Nike,Nike,2023-24,2025-26,https://regents.umn.edu/sites/regents.umn.edu/files/2023-02/minutes-dec2022.pdf,Y,Minutes PDF p.12 specify department-exclusive Nike August 2023–July 2027; p.27 records full board approval of consent report.,approved university board minutes,2026-09-30,legacy_104,A,board_record,,,,,minnesota
SMU,Nike,Nike,2025-26,2025-26,https://web.archive.org/web/20251001093455/https://smumustangs.com/,Y,Archived official athletics site displays brand in department footer or sponsor section. Archived Snapshot reviewed during research; follow the archive URL to inspect the original.,dated official evidence,2026-09-30,tier_105,B,wayback_official_site,https://web.archive.org/web/20251001093455/https://smumustangs.com/,2025-10-01,2025-10-01,,smu
Houston,Nike,Nike,2025-26,2025-26,https://web.archive.org/web/20251001185258/https://uhcougars.com/,Y,Archived official athletics site displays brand in department footer or sponsor section. Archived Snapshot reviewed during research; follow the archive URL to inspect the original.,dated official evidence,2026-09-30,tier_106,B,wayback_official_site,https://web.archive.org/web/20251001185258/https://uhcougars.com/,2025-10-01,2025-10-01,,houston
Arizona State,adidas,adidas,2025-26,2025-26,https://web.archive.org/web/20251119100055/http://thesundevils.com/,Y,Archived official athletics site displays brand in department footer or sponsor section. Archived Snapshot reviewed during research; follow the archive URL to inspect the original.,dated official evidence,2026-09-30,tier_107,B,wayback_official_site,https://web.archive.org/web/20251119100055/http://thesundevils.com/,2025-11-19,2025-11-19,,arizona_state
Virginia Tech,Nike,Nike,2025-26,2025-26,https://web.archive.org/web/20251001074352/https://hokiesports.com/,Y,Archived official athletics site displays brand in department footer or sponsor section. Archived Snapshot reviewed during research; follow the archive URL to inspect the original.,dated official evidence,2026-09-30,tier_108,B,wayback_official_site,https://web.archive.org/web/20251001074352/https://hokiesports.com/,2025-10-01,2025-10-01,,virginia_tech
Mississippi State,adidas,adidas,2025-26,2025-26,https://web.archive.org/web/20251002011106/https://hailstate.com/,Y,Archived official athletics site displays brand in department footer or sponsor section. Archived Snapshot reviewed during research; follow the archive URL to inspect the original.,dated official evidence,2026-09-30,tier_109,B,wayback_official_site,https://web.archive.org/web/20251002011106/https://hailstate.com/,2025-10-02,2025-10-02,,mississippi_state
North Carolina State,adidas,adidas,2025-26,2025-26,https://web.archive.org/web/20251002035456/https://gopack.com/,Y,Archived official athletics site displays brand in department footer or sponsor section. Archived Snapshot reviewed during research; follow the archive URL to inspect the original.,dated official evidence,2026-09-30,tier_110,B,wayback_official_site,https://web.archive.org/web/20251002035456/https://gopack.com/,2025-10-02,2025-10-02,,north_carolina_state
SMU,Nike,Nike,2017-18,2017-18,https://web.archive.org/web/20171001043446/http://smumustangs.com/,Y,Archived official athletics site displays brand in department footer or sponsor section. Archived Snapshot reviewed during research; follow the archive URL to inspect the original.,dated official evidence,2026-09-30,tier_111,B,wayback_official_site,https://web.archive.org/web/20171001043446/http://smumustangs.com/,2017-10-01,2017-10-01,,smu
Arkansas,Nike,Nike,2017-18,2017-18,https://web.archive.org/web/20171001190209/http://www.arkansasrazorbacks.com/,Y,Archived official athletics site displays brand in department footer or sponsor section. Archived Snapshot reviewed during research; follow the archive URL to inspect the original.,dated official evidence,2026-09-30,tier_112,B,wayback_official_site,https://web.archive.org/web/20171001190209/http://www.arkansasrazorbacks.com/,2017-10-01,2017-10-01,,arkansas
Syracuse,Nike,Nike,2017-18,2018-19,https://cuse.com/news/2019/6/14/general-syracuse-and-nike-extend-partnership,Y,Official retrospective confirms every sport has worn Nike since 2002-03; June 2019 renewal covers all 20 teams.,official announcement,2026-09-30,tier_113,A,official_announcement,,,2019-06-14,,syracuse
Syracuse,Nike,Nike,2025-26,2025-26,https://cuse.com/news/2026/5/22/mens-lacrosse-cuse-at-championship-weekend-live-blog,Y,Dated official championship report confirms team Nike gear. Use corroborates previously documented department provider; team exceptions retained as limitation.,dated official evidence,2026-09-30,tier_114,B,official_dated_use,,,2026-05-22,,syracuse
Arkansas,Nike,Nike,2025-26,2025-26,https://arkansasrazorbacks.com/arkansas-to-celebrate-norm-debriyn-night-on-march-27-at-baum-walker-stadium/,Y,Dated official release confirms on-field Nike uniforms for March 2026; supports known department provider.,dated official evidence,2026-09-30,tier_115,B,official_dated_use,,,2026-02-03,,arkansas
Baylor,Nike,Nike,2018-19,2018-19,https://baylorbears.com/news/2019/4/15/baylor-athletics-unveils-united-a-unified-visual-identity-in-partnership-with-nike,Y,Official department-wide Nike identity release.,dated official evidence,2026-09-30,tier_116,B,official_dated_use,,,2019-04-14,,baylor
Baylor,Nike,Nike,2021-22,2021-22,https://baylorbears.com/documents/download/2022/5/2/BU_BSB_Game_Notes_2022_45_Tarleton.pdf,Y,Official 2022 game notes identify current Nike uniforms after department-wide 2019 redesign.,dated official evidence,2026-09-30,tier_117,B,official_game_notes,,,2022-05-02,,baylor
Baylor,Nike,Nike,2025-26,2025-26,https://baylorbears.com/documents/download/2025/12/12/BU_WBB_Notes_12_Texas.pdf,Y,Official 2025-26 notes show current Nike uniforms and wear records; department Nike identity independently documented.,dated official evidence,2026-09-30,tier_118,B,official_game_notes,,,2025-12-12,,baylor
Boston College,Under Armour,Under Armour,2020-21,2020-21,https://bceagles.com/news/2021/4/13/boston-college-athletics-announces-10-year-agreement-with-new-balance,Y,"Majority-of-competition assignment: Under Armour through May 31, 2021; New Balance begins June 1 after fall, winter and most spring competition. Football initially excepted.",official announcement,2026-09-30,tier_119,A,official_transition_announcement,,,2021-04-13,,boston_college
Cornell,Nike,Nike,2025-26,2025-26,https://web.archive.org/web/20251116000010/https://cornellbigred.com/,Y,Nike identified in archived official athletics footer partner/sponsor section; Snapshot reviewed during research; follow the archive URL to inspect the original.,dated official evidence,2026-09-30,tier_120,B,wayback_official_site,https://web.archive.org/web/20251116000010/https://cornellbigred.com/,2025-11-16,2025-11-16,,cornell
Baylor,Nike,Nike,2025-26,2025-26,https://web.archive.org/web/20251116054613/https://baylorbears.com/,Y,Nike identified in archived official athletics footer partner/sponsor section; Snapshot reviewed during research; follow the archive URL to inspect the original.,dated official evidence,2026-09-30,tier_121,B,wayback_official_site,https://web.archive.org/web/20251116054613/https://baylorbears.com/,2025-11-16,2025-11-16,,baylor
TCU,Nike,Nike,2025-26,2025-26,https://web.archive.org/web/20251116001121/https://gofrogs.com/,Y,Nike identified in archived official athletics footer partner/sponsor section; Snapshot reviewed during research; follow the archive URL to inspect the original.,dated official evidence,2026-09-30,tier_122,B,wayback_official_site,https://web.archive.org/web/20251116001121/https://gofrogs.com/,2025-11-16,2025-11-16,,tcu
Purdue,Nike,Nike,2025-26,2025-26,https://web.archive.org/web/20251115235824/https://purduesports.com/,Y,Nike identified in archived official athletics footer partner/sponsor section; Snapshot reviewed during research; follow the archive URL to inspect the original.,dated official evidence,2026-09-30,tier_123,B,wayback_official_site,https://web.archive.org/web/20251115235824/https://purduesports.com/,2025-11-15,2025-11-15,,purdue
Missouri,Nike,Nike,2025-26,2025-26,https://mutigers.com/documents/download/2025/9/16/GameNotes_FULL_USC_G4.pdf,Y,Official 2025 football notes header includes Nike alongside Missouri and SEC. Search-index extraction inspected; original download currently returns 404.,dated official evidence,2026-09-30,tier_124,B,official_game_notes_indexed,,,2025-09-16,,missouri
Virginia,Nike,Nike,2025-26,2025-26,https://static.virginiasports.com/pdfs/w-bball/2025-26/GameNotes/012426-NCSU-GameNotes.pdf,Y,"Official dated 2025-26 game notes p.42 broadcast sheet shows current team uniforms with Nike marks (e.g., Gabby White and Kymora Johnson). Visual evidence corroborates historical department provider; team scope noted.",dated official evidence,2026-09-30,tier_125,B,official_game_notes_visual,,,2026-01-24,,virginia
Iowa,Nike,Nike,2025-26,2025-26,https://storage.googleapis.com/hawkeyesports-prod/2025/08/08/lHevgLs5g2dEn9QRHyw3s8aAr2N1LOMtmBm9UyIC.pdf,Y,"Official 2025 media guide, printed p.53, current player Brian Allen pictured in Nike uniform. Visual evidence corroborates historical department provider; team scope noted.",dated official evidence,2026-09-30,tier_126,B,official_media_guide_visual,,,2025-08-08,,iowa
