season,model,metric,estimate,ci_low,ci_high,n,n_schools,bootstrap_repeats
pooled,lagged_ols,MAE,11.1170183724,10.3844575121,11.8622275086,712,356,2000
pooled,lagged_ols,RMSE,14.4004696934,13.5175787943,15.2486143348,712,356,2000
pooled,lightgbm,MAE,11.1825694754,10.4193018088,11.9464457773,712,356,2000
pooled,lightgbm,RMSE,14.5807007155,13.6655095533,15.4744762949,712,356,2000
pooled,lightgbm_no_brand,MAE,11.1825694754,10.4193018088,11.9464457773,712,356,2000
pooled,lightgbm_no_brand,RMSE,14.5807007155,13.6655095533,15.4744762949,712,356,2000
pooled,naive,MAE,11.0777521778,10.1741217965,12.0050390181,712,356,2000
pooled,naive,RMSE,15.6587482840,14.5593928608,16.7201668792,712,356,2000
2024-25,lagged_ols,MAE,10.9932026761,10.0305267359,12.0084402738,356,356,2000
2024-25,lagged_ols,RMSE,14.4560706235,13.2209535920,15.6287148856,356,356,2000
2024-25,lightgbm,MAE,10.9696122855,10.0199004003,11.9505236455,356,356,2000
2024-25,lightgbm,RMSE,14.4044904226,13.2251677698,15.6460839460,356,356,2000
2024-25,lightgbm_no_brand,MAE,10.9696122855,10.0199004003,11.9505236455,356,356,2000
2024-25,lightgbm_no_brand,RMSE,14.4044904226,13.2251677698,15.6460839460,356,356,2000
2024-25,naive,MAE,11.2241194294,10.0858970616,12.4218947260,356,356,2000
2024-25,naive,RMSE,15.9236759124,14.3734476875,17.4449924797,356,356,2000
2025-26,lagged_ols,MAE,11.2408340687,10.3177419338,12.1274579265,356,356,2000
2025-26,lagged_ols,RMSE,14.3446532516,13.2055407034,15.4256434502,356,356,2000
2025-26,lightgbm,MAE,11.3955266653,10.4236281338,12.3911251807,356,356,2000
2025-26,lightgbm,RMSE,14.7548067550,13.5691402864,15.9563754523,356,356,2000
2025-26,lightgbm_no_brand,MAE,11.3955266653,10.4236281338,12.3911251807,356,356,2000
2025-26,lightgbm_no_brand,RMSE,14.7548067550,13.5691402864,15.9563754523,356,356,2000
2025-26,naive,MAE,10.9313849261,9.8095450385,12.0660566059,356,356,2000
2025-26,naive,RMSE,15.3892605760,14.0010777705,16.7552026466,356,356,2000
