season,model,reference,metric,error_difference,ci_low,ci_high
pooled,lagged_ols,naive,MAE,0.0392661947,-0.4541589464,0.5432833667
pooled,lagged_ols,naive,RMSE,-1.2582785906,-1.7426883234,-0.7701655182
pooled,lightgbm,naive,MAE,0.1048172977,-0.4030928342,0.6111065538
pooled,lightgbm,naive,RMSE,-1.0780475684,-1.6380240031,-0.4945987971
pooled,lightgbm_no_brand,naive,MAE,0.1048172977,-0.4030928342,0.6111065538
pooled,lightgbm_no_brand,naive,RMSE,-1.0780475684,-1.6380240031,-0.4945987971
pooled,lightgbm,lightgbm_no_brand,MAE,0.0000000000,0.0000000000,0.0000000000
pooled,lightgbm,lightgbm_no_brand,RMSE,0.0000000000,0.0000000000,0.0000000000
2024-25,lagged_ols,naive,MAE,-0.2309167532,-0.8887817942,0.4501352577
2024-25,lagged_ols,naive,RMSE,-1.4676052889,-2.1725381691,-0.7056425786
2024-25,lightgbm,naive,MAE,-0.2545071438,-0.9636738863,0.4783952097
2024-25,lightgbm,naive,RMSE,-1.5191854898,-2.3276305351,-0.6089526534
2024-25,lightgbm_no_brand,naive,MAE,-0.2545071438,-0.9636738863,0.4783952097
2024-25,lightgbm_no_brand,naive,RMSE,-1.5191854898,-2.3276305351,-0.6089526534
2024-25,lightgbm,lightgbm_no_brand,MAE,0.0000000000,0.0000000000,0.0000000000
2024-25,lightgbm,lightgbm_no_brand,RMSE,0.0000000000,0.0000000000,0.0000000000
2025-26,lagged_ols,naive,MAE,0.3094491426,-0.3996445315,1.0032485831
2025-26,lagged_ols,naive,RMSE,-1.0446073244,-1.7373802302,-0.3180025597
2025-26,lightgbm,naive,MAE,0.4641417392,-0.2541629525,1.2007885263
2025-26,lightgbm,naive,RMSE,-0.6344538210,-1.3931492822,0.1955671662
2025-26,lightgbm_no_brand,naive,MAE,0.4641417392,-0.2541629525,1.2007885263
2025-26,lightgbm_no_brand,naive,RMSE,-0.6344538210,-1.3931492822,0.1955671662
2025-26,lightgbm,lightgbm_no_brand,MAE,0.0000000000,0.0000000000,0.0000000000
2025-26,lightgbm,lightgbm_no_brand,RMSE,0.0000000000,0.0000000000,0.0000000000
