level,feature,mean_mae_increase,std_mae_increase,shuffle_p025,shuffle_p975,repeats,rank
grouped,prior_performance,19.8734344888,0.7265829686,18.6010863370,21.1379432239,30,1
grouped,prior_sport_points,0.1056477985,0.0792963482,-0.0361916087,0.2280702845,30,2
grouped,brand,0.0000000000,0.0000000000,0.0000000000,0.0000000000,30,3
grouped,conference_prior,-0.0107751748,0.0242644428,-0.0482609099,0.0307110278,30,4
individual,points_pctile_lag1,16.9697009939,0.6433957981,15.9035004637,17.9472491624,30,1
individual,points_pctile_lag2,0.8356178875,0.1431604616,0.5772802462,1.0719808306,30,2
individual,sport_lag1__baseball,0.0435821089,0.0380711636,-0.0182465795,0.1179767599,30,3
individual,sport_lag1__women_s_basketball,0.0303600427,0.0236506239,-0.0166180761,0.0685727720,30,4
individual,sport_lag1__women_s_rowing,0.0230316042,0.0363011616,-0.0431870580,0.0855460009,30,5
individual,sport_lag1__men_s_outdoor_track_and_field,0.0225932738,0.0210280408,-0.0085630942,0.0660299768,30,6
individual,sport_lag1__women_s_golf,0.0153321617,0.0235551841,-0.0270083676,0.0496632748,30,7
individual,sport_lag1__men_s_swimming_and_diving,0.0141243817,0.0182472866,-0.0140789241,0.0493116391,30,8
individual,sport_lag1__men_s_indoor_track_and_field,0.0126190053,0.0251295379,-0.0385634835,0.0505255837,30,9
individual,sport_lag1__men_s_cross_country,0.0094241462,0.0160323559,-0.0221944939,0.0331856601,30,10
individual,sport_lag1__football_fbs,0.0088151450,0.0289746000,-0.0412669861,0.0505745972,30,11
individual,sport_lag1__men_s_lacrosse,0.0081284697,0.0026588862,0.0039461706,0.0129153149,30,12
individual,sport_lag1__women_s_tennis,0.0063282527,0.0160844051,-0.0218260194,0.0337953871,30,13
individual,sport_lag1__women_s_lacrosse,0.0052653029,0.0065808202,-0.0072098825,0.0145159857,30,14
individual,sport_lag1__men_s_basketball,0.0045032550,0.0387267725,-0.0578100718,0.0692512874,30,15
individual,sport_lag1__women_s_indoor_track_and_field,0.0042825651,0.0013408332,0.0020396984,0.0063515693,30,16
individual,sport_lag1__women_s_soccer,0.0033073131,0.0064652109,-0.0107892111,0.0139429836,30,17
individual,sport_lag1__women_s_swimming_and_diving,0.0030301439,0.0016652626,0.0000865320,0.0058188259,30,18
individual,sport_lag1__men_s_tennis,0.0024195818,0.0011528446,0.0004634257,0.0045580539,30,19
individual,sport_lag1__softball,0.0022636782,0.0068268019,-0.0098651049,0.0124965398,30,20
individual,sport_lag1__men_s_soccer,0.0019523498,0.0239737465,-0.0423694985,0.0464338205,30,21
individual,brand,0.0000000000,0.0000000000,0.0000000000,0.0000000000,30,22
individual,season_year,0.0000000000,0.0000000000,0.0000000000,0.0000000000,30,22
individual,sport_lag1__men_s_gymnastics,0.0000000000,0.0000000000,0.0000000000,0.0000000000,30,22
individual,sport_lag1__men_s_ice_hockey,0.0000000000,0.0000000000,0.0000000000,0.0000000000,30,22
individual,sport_lag1__men_s_volleyball,0.0000000000,0.0000000000,0.0000000000,0.0000000000,30,22
individual,sport_lag1__men_s_water_polo,0.0000000000,0.0000000000,0.0000000000,0.0000000000,30,22
individual,sport_lag1__rifle,0.0000000000,0.0000000000,0.0000000000,0.0000000000,30,22
individual,sport_lag1__skiing,0.0000000000,0.0000000000,0.0000000000,0.0000000000,30,22
individual,sport_lag1__women_s_cross_country,0.0000000000,0.0000000000,0.0000000000,0.0000000000,30,22
individual,sport_lag1__women_s_field_hockey,0.0000000000,0.0000000000,0.0000000000,0.0000000000,30,22
individual,sport_lag1__women_s_gymnastics,0.0000000000,0.0000000000,0.0000000000,0.0000000000,30,22
individual,sport_lag1__women_s_ice_hockey,0.0000000000,0.0000000000,0.0000000000,0.0000000000,30,22
individual,sport_lag1__women_s_water_polo,0.0000000000,0.0000000000,0.0000000000,0.0000000000,30,22
individual,sport_lag1__women_s_beach_volleyball,-0.0003081897,0.0031787162,-0.0053314332,0.0043620994,30,35
individual,sport_lag1__women_s_bowling,-0.0006063786,0.0012919455,-0.0031951816,0.0018828380,30,36
individual,sport_lag1__fencing,-0.0007601422,0.0064823124,-0.0126522958,0.0097708936,30,37
individual,sport_lag1__women_s_volleyball,-0.0016987482,0.0127423773,-0.0239415593,0.0286971368,30,38
individual,sport_lag1__football_fcs,-0.0032444663,0.0066865949,-0.0149078389,0.0064483782,30,39
individual,sport_lag1__men_s_golf,-0.0038646556,0.0179523549,-0.0320159751,0.0322947272,30,40
individual,sport_lag1__women_s_outdoor_track_and_field,-0.0078850197,0.0070774075,-0.0208921731,0.0047864042,30,41
individual,conference_prior,-0.0107751748,0.0242644428,-0.0482609099,0.0307110278,30,42
individual,sport_lag1__men_s_wrestling,-0.0198593017,0.0108825250,-0.0393074382,0.0005303558,30,43
