evidence_tiers,model,term,brand,coefficient,ci_low,ci_high,p_value,n,n_schools,n_per_brand,n_tier_A,n_tier_B,n_tier_C
A+B+C,plain,Intercept,,90.24021721045858,85.99039590087135,94.49003852004581,1.2887389280175459e-52,537,73,"{""Nike"": 350, ""Under Armour"": 86, ""adidas"": 94, ""other"": 7}",445,22,70
A+B+C,plain,"C(brand, Treatment(reference=""Nike""))[T.Under Armour]",Under Armour,-2.5334673442475584,-5.670091388563323,0.6031567000682059,0.11174523351564263,537,73,"{""Nike"": 350, ""Under Armour"": 86, ""adidas"": 94, ""other"": 7}",445,22,70
A+B+C,plain,"C(brand, Treatment(reference=""Nike""))[T.adidas]",adidas,-3.088518637908531,-6.576267749340621,0.3992304735235592,0.08175707711987841,537,73,"{""Nike"": 350, ""Under Armour"": 86, ""adidas"": 94, ""other"": 7}",445,22,70
A+B+C,plain,"C(brand, Treatment(reference=""Nike""))[T.other]",other,-14.747351831135786,-20.054306939873555,-9.440396722398019,4.6840657107616007e-07,537,73,"{""Nike"": 350, ""Under Armour"": 86, ""adidas"": 94, ""other"": 7}",445,22,70
A+B+C,plain,C(conference_model)[T.American],,-16.155949290942193,-22.788048376095492,-9.523850205788893,6.756181904851572e-06,537,73,"{""Nike"": 350, ""Under Armour"": 86, ""adidas"": 94, ""other"": 7}",445,22,70
A+B+C,plain,C(conference_model)[T.Big 12],,-3.767939669819366,-9.287576921935313,1.7516975822965821,0.17781407421524648,537,73,"{""Nike"": 350, ""Under Armour"": 86, ""adidas"": 94, ""other"": 7}",445,22,70
A+B+C,plain,C(conference_model)[T.Big Ten],,0.5691953997160477,-4.037727142328328,5.176117941760423,0.8061533089163858,537,73,"{""Nike"": 350, ""Under Armour"": 86, ""adidas"": 94, ""other"": 7}",445,22,70
A+B+C,plain,C(conference_model)[T.Ivy League],,-11.77154380299525,-20.924506606023055,-2.6185809999674454,0.012441751821710648,537,73,"{""Nike"": 350, ""Under Armour"": 86, ""adidas"": 94, ""other"": 7}",445,22,70
A+B+C,plain,C(conference_model)[T.Mountain West],,-10.529905564722508,-14.495233568885752,-6.564577560559264,1.2431667466105088e-06,537,73,"{""Nike"": 350, ""Under Armour"": 86, ""adidas"": 94, ""other"": 7}",445,22,70
A+B+C,plain,C(conference_model)[T.Pac-12],,2.7735064432284844,-2.1068338387023298,7.6538467251592985,0.2610193668966875,537,73,"{""Nike"": 350, ""Under Armour"": 86, ""adidas"": 94, ""other"": 7}",445,22,70
A+B+C,plain,C(conference_model)[T.SEC],,3.495467176200968,-0.8821162793030934,7.87305063170503,0.11581869263387032,537,73,"{""Nike"": 350, ""Under Armour"": 86, ""adidas"": 94, ""other"": 7}",445,22,70
A+B+C,plain,C(conference_model)[T.Summit],,2.4548058649921103,-0.9673830303050122,5.876994760289232,0.15705597796754336,537,73,"{""Nike"": 350, ""Under Armour"": 86, ""adidas"": 94, ""other"": 7}",445,22,70
A+B+C,plain,C(conference_model)[T.WCC],,1.062606575051821,-3.0321213439441452,5.157334494047787,0.6065214127857517,537,73,"{""Nike"": 350, ""Under Armour"": 86, ""adidas"": 94, ""other"": 7}",445,22,70
A+B+C,plain,C(season)[T.2018-19],,-0.08944470731126586,-0.9736681780278034,0.7947787634052716,0.8407580211788631,537,73,"{""Nike"": 350, ""Under Armour"": 86, ""adidas"": 94, ""other"": 7}",445,22,70
A+B+C,plain,C(season)[T.2020-21],,-0.7005123150473302,-3.193535215442476,1.7925105853478156,0.5771215943962814,537,73,"{""Nike"": 350, ""Under Armour"": 86, ""adidas"": 94, ""other"": 7}",445,22,70
A+B+C,plain,C(season)[T.2021-22],,0.44039375782428003,-0.9308384382480501,1.8116259538966102,0.5240530227122028,537,73,"{""Nike"": 350, ""Under Armour"": 86, ""adidas"": 94, ""other"": 7}",445,22,70
A+B+C,plain,C(season)[T.2022-23],,0.7288022993155003,-0.525359497124626,1.9829640957556267,0.25052236050168303,537,73,"{""Nike"": 350, ""Under Armour"": 86, ""adidas"": 94, ""other"": 7}",445,22,70
A+B+C,plain,C(season)[T.2023-24],,-0.34874247643284306,-2.6611576851895133,1.9636727323238272,0.7645551415002717,537,73,"{""Nike"": 350, ""Under Armour"": 86, ""adidas"": 94, ""other"": 7}",445,22,70
A+B+C,plain,C(season)[T.2024-25],,0.574404128725913,-1.0396092035060425,2.1884174609578686,0.480339540354722,537,73,"{""Nike"": 350, ""Under Armour"": 86, ""adidas"": 94, ""other"": 7}",445,22,70
A+B+C,plain,C(season)[T.2025-26],,0.20856458792736987,-1.3549192885638175,1.7720484644185572,0.7910587150976999,537,73,"{""Nike"": 350, ""Under Armour"": 86, ""adidas"": 94, ""other"": 7}",445,22,70
A+B+C,plain_matched,Intercept,,89.8677122868942,85.35411583165902,94.38130874212939,3.236428873185588e-50,401,72,"{""Nike"": 264, ""Under Armour"": 60, ""adidas"": 72, ""other"": 5}",321,20,60
A+B+C,plain_matched,"C(brand, Treatment(reference=""Nike""))[T.Under Armour]",Under Armour,-1.745245790935484,-4.712885095526633,1.222393513655665,0.24486650540485577,401,72,"{""Nike"": 264, ""Under Armour"": 60, ""adidas"": 72, ""other"": 5}",321,20,60
A+B+C,plain_matched,"C(brand, Treatment(reference=""Nike""))[T.adidas]",adidas,-2.860326649363653,-6.408290427226115,0.687637128498809,0.11238447811295756,401,72,"{""Nike"": 264, ""Under Armour"": 60, ""adidas"": 72, ""other"": 5}",321,20,60
A+B+C,plain_matched,"C(brand, Treatment(reference=""Nike""))[T.other]",other,-14.222019558867872,-18.08959085292404,-10.354448264811705,2.876442815051218e-10,401,72,"{""Nike"": 264, ""Under Armour"": 60, ""adidas"": 72, ""other"": 5}",321,20,60
A+B+C,plain_matched,C(conference_model)[T.American],,-15.505766959996366,-21.888161249468645,-9.123372670524088,7.212162020386114e-06,401,72,"{""Nike"": 264, ""Under Armour"": 60, ""adidas"": 72, ""other"": 5}",321,20,60
A+B+C,plain_matched,C(conference_model)[T.Big 12],,-4.047222805924445,-9.591027251948155,1.496581640099265,0.14989234522309455,401,72,"{""Nike"": 264, ""Under Armour"": 60, ""adidas"": 72, ""other"": 5}",321,20,60
A+B+C,plain_matched,C(conference_model)[T.Big Ten],,0.5513084320471391,-4.064149375967717,5.166766240061995,0.8124328950733418,401,72,"{""Nike"": 264, ""Under Armour"": 60, ""adidas"": 72, ""other"": 5}",321,20,60
A+B+C,plain_matched,C(conference_model)[T.Ivy League],,-4.822039855639456,-11.24728797787549,1.603208266596579,0.1389763219622111,401,72,"{""Nike"": 264, ""Under Armour"": 60, ""adidas"": 72, ""other"": 5}",321,20,60
A+B+C,plain_matched,C(conference_model)[T.Mountain West],,-10.412807515375679,-14.35654685226055,-6.469068178490808,1.4297388332422129e-06,401,72,"{""Nike"": 264, ""Under Armour"": 60, ""adidas"": 72, ""other"": 5}",321,20,60
A+B+C,plain_matched,C(conference_model)[T.Pac-12],,2.6947084642032277,-2.179983184573121,7.569400112979576,0.2740783048758672,401,72,"{""Nike"": 264, ""Under Armour"": 60, ""adidas"": 72, ""other"": 5}",321,20,60
A+B+C,plain_matched,C(conference_model)[T.SEC],,3.4946047259288555,-0.9335626137860249,7.922772065643736,0.12003213503713057,401,72,"{""Nike"": 264, ""Under Armour"": 60, ""adidas"": 72, ""other"": 5}",321,20,60
A+B+C,plain_matched,C(conference_model)[T.Summit],,-6.802525080376384,-11.434204138882869,-2.170846021869898,0.004575248169754536,401,72,"{""Nike"": 264, ""Under Armour"": 60, ""adidas"": 72, ""other"": 5}",321,20,60
A+B+C,plain_matched,C(conference_model)[T.WCC],,1.088539563789011,-3.0062365793054546,5.1833157068834765,0.597722601695872,401,72,"{""Nike"": 264, ""Under Armour"": 60, ""adidas"": 72, ""other"": 5}",321,20,60
A+B+C,plain_matched,C(season)[T.2021-22],,0.4492520206567079,-0.9725223891482508,1.8710264304616666,0.5306870919462754,401,72,"{""Nike"": 264, ""Under Armour"": 60, ""adidas"": 72, ""other"": 5}",321,20,60
A+B+C,plain_matched,C(season)[T.2022-23],,0.7388025618439487,-0.7422064355624334,2.2198115592503305,0.32326971931384796,401,72,"{""Nike"": 264, ""Under Armour"": 60, ""adidas"": 72, ""other"": 5}",321,20,60
A+B+C,plain_matched,C(season)[T.2023-24],,-0.18037274166847794,-2.653958489827781,2.293213006490825,0.8848090738764305,401,72,"{""Nike"": 264, ""Under Armour"": 60, ""adidas"": 72, ""other"": 5}",321,20,60
A+B+C,plain_matched,C(season)[T.2024-25],,0.7570488094724843,-0.9248104756276034,2.438908094572572,0.3724717452536407,401,72,"{""Nike"": 264, ""Under Armour"": 60, ""adidas"": 72, ""other"": 5}",321,20,60
A+B+C,plain_matched,C(season)[T.2025-26],,0.4216316181254598,-1.2069569822811976,2.0502202185321172,0.6073049993157523,401,72,"{""Nike"": 264, ""Under Armour"": 60, ""adidas"": 72, ""other"": 5}",321,20,60
A+B+C,lagged,Intercept,,36.69483826084584,14.94446927939476,58.445207242296924,0.0012416483829477249,401,72,"{""Nike"": 264, ""Under Armour"": 60, ""adidas"": 72, ""other"": 5}",321,20,60
A+B+C,lagged,"C(brand, Treatment(reference=""Nike""))[T.Under Armour]",Under Armour,-0.6579752893797026,-2.3837869821354962,1.067836403376091,0.44965093965452946,401,72,"{""Nike"": 264, ""Under Armour"": 60, ""adidas"": 72, ""other"": 5}",321,20,60
A+B+C,lagged,"C(brand, Treatment(reference=""Nike""))[T.adidas]",adidas,-0.9242236494796177,-2.6531205528062753,0.80467325384704,0.29007536989154076,401,72,"{""Nike"": 264, ""Under Armour"": 60, ""adidas"": 72, ""other"": 5}",321,20,60
A+B+C,lagged,"C(brand, Treatment(reference=""Nike""))[T.other]",other,-5.914433313161432,-9.886278467671916,-1.9425881586509468,0.00407001522603774,401,72,"{""Nike"": 264, ""Under Armour"": 60, ""adidas"": 72, ""other"": 5}",321,20,60
A+B+C,lagged,C(conference_model)[T.American],,-5.427549902058565,-10.32727608592489,-0.5278237181922396,0.030421599320759697,401,72,"{""Nike"": 264, ""Under Armour"": 60, ""adidas"": 72, ""other"": 5}",321,20,60
A+B+C,lagged,C(conference_model)[T.Big 12],,-1.1076353619761958,-3.6363282172126516,1.42105749326026,0.3853891820895253,401,72,"{""Nike"": 264, ""Under Armour"": 60, ""adidas"": 72, ""other"": 5}",321,20,60
A+B+C,lagged,C(conference_model)[T.Big Ten],,0.4950454680053187,-1.5718838742715024,2.56197481028214,0.6344269542224893,401,72,"{""Nike"": 264, ""Under Armour"": 60, ""adidas"": 72, ""other"": 5}",321,20,60
A+B+C,lagged,C(conference_model)[T.Ivy League],,6.257957194973823,-1.8336075700069614,14.349521959954608,0.12749452443084155,401,72,"{""Nike"": 264, ""Under Armour"": 60, ""adidas"": 72, ""other"": 5}",321,20,60
A+B+C,lagged,C(conference_model)[T.Mountain West],,-3.60303880527068,-7.0347982903405875,-0.1712793202007732,0.03988083316037783,401,72,"{""Nike"": 264, ""Under Armour"": 60, ""adidas"": 72, ""other"": 5}",321,20,60
A+B+C,lagged,C(conference_model)[T.Pac-12],,1.2988714021765553,-1.0170079444559597,3.61475074880907,0.26720324977511234,401,72,"{""Nike"": 264, ""Under Armour"": 60, ""adidas"": 72, ""other"": 5}",321,20,60
A+B+C,lagged,C(conference_model)[T.SEC],,1.5086408440749044,-0.6681554398331548,3.6854371279829636,0.17133085546998675,401,72,"{""Nike"": 264, ""Under Armour"": 60, ""adidas"": 72, ""other"": 5}",321,20,60
A+B+C,lagged,C(conference_model)[T.Summit],,-2.8268797338447627,-5.492488431761686,-0.16127103592783998,0.037977894662028694,401,72,"{""Nike"": 264, ""Under Armour"": 60, ""adidas"": 72, ""other"": 5}",321,20,60
A+B+C,lagged,C(conference_model)[T.WCC],,0.384472382847326,-1.5078814275872483,2.2768261932819005,0.6866128887923144,401,72,"{""Nike"": 264, ""Under Armour"": 60, ""adidas"": 72, ""other"": 5}",321,20,60
A+B+C,lagged,C(season)[T.2021-22],,1.0622698966999167,-0.8536967634612964,2.9782365568611295,0.27267394080977425,401,72,"{""Nike"": 264, ""Under Armour"": 60, ""adidas"": 72, ""other"": 5}",321,20,60
A+B+C,lagged,C(season)[T.2022-23],,0.2535787951434916,-1.1600463150584108,1.667203905345394,0.7216458466645479,401,72,"{""Nike"": 264, ""Under Armour"": 60, ""adidas"": 72, ""other"": 5}",321,20,60
A+B+C,lagged,C(season)[T.2023-24],,-0.30864507430961474,-2.250582216127867,1.6332920675086373,0.7522412879139238,401,72,"{""Nike"": 264, ""Under Armour"": 60, ""adidas"": 72, ""other"": 5}",321,20,60
A+B+C,lagged,C(season)[T.2024-25],,0.7787295614873928,-0.4495268889474875,2.0069860119222733,0.21029836879029964,401,72,"{""Nike"": 264, ""Under Armour"": 60, ""adidas"": 72, ""other"": 5}",321,20,60
A+B+C,lagged,C(season)[T.2025-26],,-0.14276385741989372,-1.418033079367332,1.1325053645275445,0.824006819071826,401,72,"{""Nike"": 264, ""Under Armour"": 60, ""adidas"": 72, ""other"": 5}",321,20,60
A+B+C,lagged,lag_points_pctile,,0.5873922000219756,0.34786511514359064,0.8269192849003605,6.069017364270916e-06,401,72,"{""Nike"": 264, ""Under Armour"": 60, ""adidas"": 72, ""other"": 5}",321,20,60
A+B,plain,Intercept,,90.07200986021282,85.50407532170941,94.63994439871622,2.142032484249961e-50,467,73,"{""Nike"": 289, ""Under Armour"": 86, ""adidas"": 85, ""other"": 7}",445,22,0
A+B,plain,"C(brand, Treatment(reference=""Nike""))[T.Under Armour]",Under Armour,-2.9539952366952527,-6.1837536456726365,0.27576317228213076,0.0724153041609969,467,73,"{""Nike"": 289, ""Under Armour"": 86, ""adidas"": 85, ""other"": 7}",445,22,0
A+B,plain,"C(brand, Treatment(reference=""Nike""))[T.adidas]",adidas,-3.4812399583865195,-6.9779517908081194,0.015471874035080546,0.05099535479312339,467,73,"{""Nike"": 289, ""Under Armour"": 86, ""adidas"": 85, ""other"": 7}",445,22,0
A+B,plain,"C(brand, Treatment(reference=""Nike""))[T.other]",other,-14.853647388612,-20.316421571448632,-9.390873205775367,7.533182391779316e-07,467,73,"{""Nike"": 289, ""Under Armour"": 86, ""adidas"": 85, ""other"": 7}",445,22,0
A+B,plain,C(conference_model)[T.American],,-16.16201111567188,-24.735602358380085,-7.5884198729636765,0.0003453573403233752,467,73,"{""Nike"": 289, ""Under Armour"": 86, ""adidas"": 85, ""other"": 7}",445,22,0
A+B,plain,C(conference_model)[T.Big 12],,-3.8540577710516333,-10.081678498264555,2.3735629561612885,0.2213323486542702,467,73,"{""Nike"": 289, ""Under Armour"": 86, ""adidas"": 85, ""other"": 7}",445,22,0
A+B,plain,C(conference_model)[T.Big Ten],,1.3689318413752156,-3.4937795458623677,6.231643228612799,0.5764090263778713,467,73,"{""Nike"": 289, ""Under Armour"": 86, ""adidas"": 85, ""other"": 7}",445,22,0
A+B,plain,C(conference_model)[T.Ivy League],,-11.526034772994162,-20.616798968762875,-2.435270577225449,0.013684213148165415,467,73,"{""Nike"": 289, ""Under Armour"": 86, ""adidas"": 85, ""other"": 7}",445,22,0
A+B,plain,C(conference_model)[T.Mountain West],,-10.578772682039144,-14.93040488284075,-6.227140481237539,7.0185834159508e-06,467,73,"{""Nike"": 289, ""Under Armour"": 86, ""adidas"": 85, ""other"": 7}",445,22,0
A+B,plain,C(conference_model)[T.Pac-12],,2.829371087134209,-2.364082424560969,8.022824598829386,0.28108828498623956,467,73,"{""Nike"": 289, ""Under Armour"": 86, ""adidas"": 85, ""other"": 7}",445,22,0
A+B,plain,C(conference_model)[T.SEC],,4.209466543158361,-0.31361391593416243,8.732547002250884,0.06765506520093448,467,73,"{""Nike"": 289, ""Under Armour"": 86, ""adidas"": 85, ""other"": 7}",445,22,0
A+B,plain,C(conference_model)[T.Summit],,2.884951776746526,-0.6523098142119439,6.4222133677049955,0.10835166032575144,467,73,"{""Nike"": 289, ""Under Armour"": 86, ""adidas"": 85, ""other"": 7}",445,22,0
A+B,plain,C(conference_model)[T.WCC],,0.9947810385865239,-3.4947061717717407,5.4842682489447885,0.6600215398251699,467,73,"{""Nike"": 289, ""Under Armour"": 86, ""adidas"": 85, ""other"": 7}",445,22,0
A+B,plain,C(season)[T.2018-19],,0.15577659089005635,-0.9118060037290776,1.2233591855091903,0.7719818387534118,467,73,"{""Nike"": 289, ""Under Armour"": 86, ""adidas"": 85, ""other"": 7}",445,22,0
A+B,plain,C(season)[T.2020-21],,-0.6202220448040956,-3.5531844837657207,2.3127403941575295,0.6746094868476911,467,73,"{""Nike"": 289, ""Under Armour"": 86, ""adidas"": 85, ""other"": 7}",445,22,0
A+B,plain,C(season)[T.2021-22],,1.0380180617365493,-0.42283292159832375,2.498869045071422,0.16095011551673516,467,73,"{""Nike"": 289, ""Under Armour"": 86, ""adidas"": 85, ""other"": 7}",445,22,0
A+B,plain,C(season)[T.2022-23],,0.9858308605120683,-0.3436055927365693,2.315267313760706,0.1437067330542845,467,73,"{""Nike"": 289, ""Under Armour"": 86, ""adidas"": 85, ""other"": 7}",445,22,0
A+B,plain,C(season)[T.2023-24],,-0.16252830348393843,-3.0076751319605886,2.6826185249927117,0.9096529505136624,467,73,"{""Nike"": 289, ""Under Armour"": 86, ""adidas"": 85, ""other"": 7}",445,22,0
A+B,plain,C(season)[T.2024-25],,1.0219652060580504,-0.805884160354863,2.849814572470964,0.26874504810291594,467,73,"{""Nike"": 289, ""Under Armour"": 86, ""adidas"": 85, ""other"": 7}",445,22,0
A+B,plain,C(season)[T.2025-26],,0.1312206445896429,-1.5279608740111843,1.79040216319047,0.8751674540557054,467,73,"{""Nike"": 289, ""Under Armour"": 86, ""adidas"": 85, ""other"": 7}",445,22,0
A+B,plain_matched,Intercept,,89.83467739824736,84.91147367565752,94.75788112083721,1.1897383829831662e-47,341,72,"{""Nike"": 213, ""Under Armour"": 60, ""adidas"": 63, ""other"": 5}",321,20,0
A+B,plain_matched,"C(brand, Treatment(reference=""Nike""))[T.Under Armour]",Under Armour,-2.2577877534433437,-5.374674387162717,0.8590988802760293,0.15303690490318433,341,72,"{""Nike"": 213, ""Under Armour"": 60, ""adidas"": 63, ""other"": 5}",321,20,0
A+B,plain_matched,"C(brand, Treatment(reference=""Nike""))[T.adidas]",adidas,-3.28985496283192,-6.829449411688169,0.24973948602432916,0.06800050235559708,341,72,"{""Nike"": 213, ""Under Armour"": 60, ""adidas"": 63, ""other"": 5}",321,20,0
A+B,plain_matched,"C(brand, Treatment(reference=""Nike""))[T.other]",other,-14.182280151560132,-18.50425678284086,-9.860303520279405,7.996247505949533e-09,341,72,"{""Nike"": 213, ""Under Armour"": 60, ""adidas"": 63, ""other"": 5}",321,20,0
A+B,plain_matched,C(conference_model)[T.American],,-15.719072576672268,-25.34178330835698,-6.096361844987555,0.0017271107296426614,341,72,"{""Nike"": 213, ""Under Armour"": 60, ""adidas"": 63, ""other"": 5}",321,20,0
A+B,plain_matched,C(conference_model)[T.Big 12],,-4.0198480676056505,-10.338690079809933,2.2989939445986325,0.2087685638290013,341,72,"{""Nike"": 213, ""Under Armour"": 60, ""adidas"": 63, ""other"": 5}",321,20,0
A+B,plain_matched,C(conference_model)[T.Big Ten],,1.5517285835369452,-3.370176308321503,6.473633475395394,0.531608270484614,341,72,"{""Nike"": 213, ""Under Armour"": 60, ""adidas"": 63, ""other"": 5}",321,20,0
A+B,plain_matched,C(conference_model)[T.Ivy League],,-4.438576977136022,-10.916357890485374,2.0392039362133296,0.17617208489531277,341,72,"{""Nike"": 213, ""Under Armour"": 60, ""adidas"": 63, ""other"": 5}",321,20,0
A+B,plain_matched,C(conference_model)[T.Mountain West],,-10.374185527844702,-14.763603071578494,-5.984767984110909,1.182818745030196e-05,341,72,"{""Nike"": 213, ""Under Armour"": 60, ""adidas"": 63, ""other"": 5}",321,20,0
A+B,plain_matched,C(conference_model)[T.Pac-12],,2.774102859640477,-2.4839645232570096,8.032170242537964,0.2963740334381515,341,72,"{""Nike"": 213, ""Under Armour"": 60, ""adidas"": 63, ""other"": 5}",321,20,0
A+B,plain_matched,C(conference_model)[T.SEC],,4.4805513423202825,-0.07954090393724389,9.040643588577808,0.054021093858439166,341,72,"{""Nike"": 213, ""Under Armour"": 60, ""adidas"": 63, ""other"": 5}",321,20,0
A+B,plain_matched,C(conference_model)[T.Summit],,-5.910766858382413,-10.928545101092586,-0.8929886156722393,0.02162199705371833,341,72,"{""Nike"": 213, ""Under Armour"": 60, ""adidas"": 63, ""other"": 5}",321,20,0
A+B,plain_matched,C(conference_model)[T.WCC],,1.0212065089419156,-3.5352039971499485,5.57761701503378,0.6563125732027305,341,72,"{""Nike"": 213, ""Under Armour"": 60, ""adidas"": 63, ""other"": 5}",321,20,0
A+B,plain_matched,C(season)[T.2021-22],,0.7824954885320601,-0.5892770773701841,2.1542680544343042,0.2591957837942721,341,72,"{""Nike"": 213, ""Under Armour"": 60, ""adidas"": 63, ""other"": 5}",321,20,0
A+B,plain_matched,C(season)[T.2022-23],,0.7066629244506624,-0.7403923812942579,2.1537182301955826,0.3334948951728338,341,72,"{""Nike"": 213, ""Under Armour"": 60, ""adidas"": 63, ""other"": 5}",321,20,0
A+B,plain_matched,C(season)[T.2023-24],,-0.2858901609112596,-3.1398825248882485,2.5681022030657292,0.84225698499209,341,72,"{""Nike"": 213, ""Under Armour"": 60, ""adidas"": 63, ""other"": 5}",321,20,0
A+B,plain_matched,C(season)[T.2024-25],,0.8741211757680776,-1.0590994262477313,2.8073417777838863,0.37032964262284745,341,72,"{""Nike"": 213, ""Under Armour"": 60, ""adidas"": 63, ""other"": 5}",321,20,0
A+B,plain_matched,C(season)[T.2025-26],,0.0754502472863301,-1.8486760255609878,1.999576520133648,0.9378984716928818,341,72,"{""Nike"": 213, ""Under Armour"": 60, ""adidas"": 63, ""other"": 5}",321,20,0
A+B,lagged,Intercept,,39.46040168826282,16.391819303503784,62.52898407302186,0.0010722333803127304,341,72,"{""Nike"": 213, ""Under Armour"": 60, ""adidas"": 63, ""other"": 5}",321,20,0
A+B,lagged,"C(brand, Treatment(reference=""Nike""))[T.Under Armour]",Under Armour,-0.9899901318958162,-2.90306609256759,0.9230858287759576,0.3056501593963135,341,72,"{""Nike"": 213, ""Under Armour"": 60, ""adidas"": 63, ""other"": 5}",321,20,0
A+B,lagged,"C(brand, Treatment(reference=""Nike""))[T.adidas]",adidas,-1.2615000989897474,-3.184280562906772,0.6612803649272774,0.1950287453144307,341,72,"{""Nike"": 213, ""Under Armour"": 60, ""adidas"": 63, ""other"": 5}",321,20,0
A+B,lagged,"C(brand, Treatment(reference=""Nike""))[T.other]",other,-6.329293255479788,-10.684383947676125,-1.974202563283452,0.004994140244098741,341,72,"{""Nike"": 213, ""Under Armour"": 60, ""adidas"": 63, ""other"": 5}",321,20,0
A+B,lagged,C(conference_model)[T.American],,-5.889897540222197,-11.91389651964382,0.13410143919942552,0.05517931546533906,341,72,"{""Nike"": 213, ""Under Armour"": 60, ""adidas"": 63, ""other"": 5}",321,20,0
A+B,lagged,C(conference_model)[T.Big 12],,-1.1994847438325231,-4.169172525810561,1.7702030381455152,0.4232937985929662,341,72,"{""Nike"": 213, ""Under Armour"": 60, ""adidas"": 63, ""other"": 5}",321,20,0
A+B,lagged,C(conference_model)[T.Big Ten],,0.9873993417914457,-1.3498768730240864,3.324675556606978,0.4024173877567191,341,72,"{""Nike"": 213, ""Under Armour"": 60, ""adidas"": 63, ""other"": 5}",321,20,0
A+B,lagged,C(conference_model)[T.Ivy League],,5.882166288319716,-2.259696237485498,14.02402881412493,0.15410915862306276,341,72,"{""Nike"": 213, ""Under Armour"": 60, ""adidas"": 63, ""other"": 5}",321,20,0
A+B,lagged,C(conference_model)[T.Mountain West],,-3.9484282626284832,-7.727507796846835,-0.16934872841013204,0.04082592512586419,341,72,"{""Nike"": 213, ""Under Armour"": 60, ""adidas"": 63, ""other"": 5}",321,20,0
A+B,lagged,C(conference_model)[T.Pac-12],,1.3803592665206246,-1.2381269924340819,3.998845525475331,0.29676536890927196,341,72,"{""Nike"": 213, ""Under Armour"": 60, ""adidas"": 63, ""other"": 5}",321,20,0
A+B,lagged,C(conference_model)[T.SEC],,2.0924527579418157,-0.33195324857584474,4.516858764459476,0.08961890325636597,341,72,"{""Nike"": 213, ""Under Armour"": 60, ""adidas"": 63, ""other"": 5}",321,20,0
A+B,lagged,C(conference_model)[T.Summit],,-2.5684558809050273,-5.454336802602884,0.3174250407928296,0.08024653083558225,341,72,"{""Nike"": 213, ""Under Armour"": 60, ""adidas"": 63, ""other"": 5}",321,20,0
A+B,lagged,C(conference_model)[T.WCC],,0.3669196291040073,-1.8247717835096031,2.5586110417176178,0.7395039567919439,341,72,"{""Nike"": 213, ""Under Armour"": 60, ""adidas"": 63, ""other"": 5}",321,20,0
A+B,lagged,C(season)[T.2021-22],,1.3210134384028827,-0.6852479697887657,3.327274846594531,0.19344353252408716,341,72,"{""Nike"": 213, ""Under Armour"": 60, ""adidas"": 63, ""other"": 5}",321,20,0
A+B,lagged,C(season)[T.2022-23],,0.050630447882889396,-1.4578272964903223,1.559088192256101,0.9468291402245116,341,72,"{""Nike"": 213, ""Under Armour"": 60, ""adidas"": 63, ""other"": 5}",321,20,0
A+B,lagged,C(season)[T.2023-24],,-0.43087536899866485,-2.6836074153215295,1.8218566773241998,0.7040621564263408,341,72,"{""Nike"": 213, ""Under Armour"": 60, ""adidas"": 63, ""other"": 5}",321,20,0
A+B,lagged,C(season)[T.2024-25],,0.8384985182826714,-0.5003552761281858,2.177352312693529,0.2158515613576145,341,72,"{""Nike"": 213, ""Under Armour"": 60, ""adidas"": 63, ""other"": 5}",321,20,0
A+B,lagged,C(season)[T.2025-26],,-0.33330504427971075,-1.7214736699799156,1.054863581420494,0.6335847092334043,341,72,"{""Nike"": 213, ""Under Armour"": 60, ""adidas"": 63, ""other"": 5}",321,20,0
A+B,lagged,lag_points_pctile,,0.5572054364508175,0.3028997178101491,0.811511155091486,4.177982016787445e-05,341,72,"{""Nike"": 213, ""Under Armour"": 60, ""adidas"": 63, ""other"": 5}",321,20,0
