school_raw,school,school_id,match_method,edit_distance
Abilene Christian,Abilene Christian,abilene_christian,reviewed_explicit,0
Air Force,Air Force,air_force,reviewed_explicit,0
Akron,Akron,akron,reviewed_explicit,0
Alabama,Alabama,alabama,reviewed_explicit,0
Alabama A&M,Alabama A&M,alabama_a_m,reviewed_explicit,0
Alabama State,Alabama State,alabama_state,reviewed_explicit,0
Albany,Albany,albany,reviewed_explicit,0
Alcorn State,Alcorn State,alcorn_state,reviewed_explicit,0
American,American,american,reviewed_explicit,0
Appalachian State,Appalachian State,appalachian_state,reviewed_explicit,0
Arizona,Arizona,arizona,reviewed_explicit,0
Arizona State,Arizona State,arizona_state,reviewed_explicit,0
Arkansas,Arkansas,arkansas,reviewed_explicit,0
Arkansas Little Rock,Arkansas Little Rock,arkansas_little_rock,reviewed_explicit,0
Arkansas Pine Bluff,Arkansas Pine Bluff,arkansas_pine_bluff,reviewed_explicit,0
Arkansas State,Arkansas State,arkansas_state,reviewed_explicit,0
Army West Point,Army West Point,army_west_point,reviewed_explicit,0
Auburn,Auburn,auburn,reviewed_explicit,0
Austin Peay State,Austin Peay State,austin_peay_state,reviewed_explicit,0
BYU,BYU,byu,reviewed_explicit,0
Ball State,Ball State,ball_state,reviewed_explicit,0
Baylor,Baylor,baylor,reviewed_explicit,0
Bellarmine,Bellarmine,bellarmine,reviewed_explicit,0
Belmont,Belmont,belmont,reviewed_explicit,0
Bethune-Cookman,Bethune-Cookman,bethune_cookman,reviewed_explicit,0
Binghamton,Binghamton,binghamton,reviewed_explicit,0
Boise State,Boise State,boise_state,reviewed_explicit,0
Boston College,Boston College,boston_college,reviewed_explicit,0
Boston University,Boston University,boston_university,reviewed_explicit,0
Bowling Green,Bowling Green,bowling_green,reviewed_explicit,0
Bradley,Bradley,bradley,reviewed_explicit,0
Brown,Brown,brown,reviewed_explicit,0
Bryant,Bryant,bryant,reviewed_explicit,0
Bucknell,Bucknell,bucknell,reviewed_explicit,0
Buffalo,Buffalo,buffalo,reviewed_explicit,0
Butler,Butler,butler,reviewed_explicit,0
Cal Poly,Cal Poly,cal_poly,reviewed_explicit,0
Cal State Bakersfield,Cal State Bakersfield,cal_state_bakersfield,reviewed_explicit,0
Cal State Fullerton,Cal State Fullerton,cal_state_fullerton,reviewed_explicit,0
Cal State Northridge,Cal State Northridge,cal_state_northridge,reviewed_explicit,0
California,California,california,reviewed_explicit,0
California Baptist,California Baptist,california_baptist,reviewed_explicit,0
Campbell,Campbell,campbell,reviewed_explicit,0
Canisius,Canisius,canisius,reviewed_explicit,0
Central Arkansas,Central Arkansas,central_arkansas,reviewed_explicit,0
Central Connecticut State,Central Connecticut State,central_connecticut_state,reviewed_explicit,0
Central Michigan,Central Michigan,central_michigan,reviewed_explicit,0
Charleston Southern,Charleston Southern,charleston_southern,reviewed_explicit,0
Charlotte,Charlotte,charlotte,reviewed_explicit,0
Chicago State,Chicago State,chicago_state,reviewed_explicit,0
Cincinnati,Cincinnati,cincinnati,reviewed_explicit,0
Citadel,Citadel,citadel,reviewed_explicit,0
Clemson,Clemson,clemson,reviewed_explicit,0
Cleveland State,Cleveland State,cleveland_state,reviewed_explicit,0
Coastal Carolina,Coastal Carolina,coastal_carolina,reviewed_explicit,0
Colgate,Colgate,colgate,reviewed_explicit,0
College of Charleston,College of Charleston,college_of_charleston,reviewed_explicit,0
Colorado,Colorado,colorado,reviewed_explicit,0
Colorado State,Colorado State,colorado_state,reviewed_explicit,0
Columbia,Columbia,columbia,reviewed_explicit,0
Coppin State,Coppin State,coppin_state,reviewed_explicit,0
Cornell,Cornell,cornell,reviewed_explicit,0
Creighton,Creighton,creighton,reviewed_explicit,0
Dartmouth,Dartmouth,dartmouth,reviewed_explicit,0
Davidson,Davidson,davidson,reviewed_explicit,0
Dayton,Dayton,dayton,reviewed_explicit,0
DePaul,DePaul,depaul,reviewed_explicit,0
Delaware,Delaware,delaware,reviewed_explicit,0
Delaware State,Delaware State,delaware_state,reviewed_explicit,0
Denver,Denver,denver,reviewed_explicit,0
Detroit,Detroit,detroit,reviewed_explicit,0
Drake,Drake,drake,reviewed_explicit,0
Drexel,Drexel,drexel,reviewed_explicit,0
Duke,Duke,duke,reviewed_explicit,0
Duquesne,Duquesne,duquesne,reviewed_explicit,0
East Carolina,East Carolina,east_carolina,reviewed_explicit,0
East Tennessee State,East Tennessee State,east_tennessee_state,reviewed_explicit,0
Eastern Illinois,Eastern Illinois,eastern_illinois,reviewed_explicit,0
Eastern Kentucky,Eastern Kentucky,eastern_kentucky,reviewed_explicit,0
Eastern Michigan,Eastern Michigan,eastern_michigan,reviewed_explicit,0
Eastern Washington,Eastern Washington,eastern_washington,reviewed_explicit,0
Elon,Elon,elon,reviewed_explicit,0
Evansville,Evansville,evansville,reviewed_explicit,0
FAU,Florida Atlantic,florida_atlantic,reviewed_explicit,14
FIU,Florida International,florida_international,reviewed_explicit,19
Fairfield,Fairfield,fairfield,reviewed_explicit,0
Fairleigh Dickinson,Fairleigh Dickinson,fairleigh_dickinson,reviewed_explicit,0
Florida,Florida,florida,reviewed_explicit,0
Florida A&M,Florida A&M,florida_a_m,reviewed_explicit,0
Florida Atlantic,Florida Atlantic,florida_atlantic,reviewed_explicit,0
Florida Gulf Coast,Florida Gulf Coast,florida_gulf_coast,reviewed_explicit,0
Florida International,Florida International,florida_international,reviewed_explicit,0
Florida State,Florida State,florida_state,reviewed_explicit,0
Fordham,Fordham,fordham,reviewed_explicit,0
Fresno State,Fresno State,fresno_state,reviewed_explicit,0
Furman,Furman,furman,reviewed_explicit,0
Gardner-Webb,Gardner-Webb,gardner_webb,reviewed_explicit,0
George Mason,George Mason,george_mason,reviewed_explicit,0
George Washington,George Washington,george_washington,reviewed_explicit,0
Georgetown,Georgetown,georgetown,reviewed_explicit,0
Georgia,Georgia,georgia,reviewed_explicit,0
Georgia Southern,Georgia Southern,georgia_southern,reviewed_explicit,0
Georgia State,Georgia State,georgia_state,reviewed_explicit,0
Georgia Tech,Georgia Tech,georgia_tech,reviewed_explicit,0
Gonzaga,Gonzaga,gonzaga,reviewed_explicit,0
Grambling State,Grambling State,grambling_state,reviewed_explicit,0
Grand Canyon,Grand Canyon,grand_canyon,reviewed_explicit,0
Hartford,Hartford,hartford,reviewed_explicit,0
Harvard,Harvard,harvard,reviewed_explicit,0
Hawaii,Hawaii,hawaii,reviewed_explicit,0
High Point,High Point,high_point,reviewed_explicit,0
Hofstra,Hofstra,hofstra,reviewed_explicit,0
Holy Cross,Holy Cross,holy_cross,reviewed_explicit,0
Houston,Houston,houston,reviewed_explicit,0
Houston Baptist,Houston Christian,houston_christian,reviewed_explicit,7
Houston Christian,Houston Christian,houston_christian,reviewed_explicit,0
Howard,Howard,howard,reviewed_explicit,0
IPFW,IPFW,ipfw,reviewed_explicit,0
IUPUI,IUPUI,iupui,reviewed_explicit,0
Idaho,Idaho,idaho,reviewed_explicit,0
Idaho State,Idaho State,idaho_state,reviewed_explicit,0
Illinois,Illinois,illinois,reviewed_explicit,0
Illinois Chicago,Illinois Chicago,illinois_chicago,reviewed_explicit,0
Illinois State,Illinois State,illinois_state,reviewed_explicit,0
Incarnate Word,Incarnate Word,incarnate_word,reviewed_explicit,0
Indiana,Indiana,indiana,reviewed_explicit,0
Indiana State,Indiana State,indiana_state,reviewed_explicit,0
Iona,Iona,iona,reviewed_explicit,0
Iowa,Iowa,iowa,reviewed_explicit,0
Iowa State,Iowa State,iowa_state,reviewed_explicit,0
Jackson State,Jackson State,jackson_state,reviewed_explicit,0
Jacksonville,Jacksonville,jacksonville,reviewed_explicit,0
Jacksonville State,Jacksonville State,jacksonville_state,reviewed_explicit,0
James Madison,James Madison,james_madison,reviewed_explicit,0
Kansas,Kansas,kansas,reviewed_explicit,0
Kansas State,Kansas State,kansas_state,reviewed_explicit,0
Kennesaw State,Kennesaw State,kennesaw_state,reviewed_explicit,0
Kent State,Kent State,kent_state,reviewed_explicit,0
Kentucky,Kentucky,kentucky,reviewed_explicit,0
LIU Brooklyn,LIU Brooklyn,liu_brooklyn,reviewed_explicit,0
LSU,LSU,lsu,reviewed_explicit,0
La Salle,La Salle,la_salle,reviewed_explicit,0
Lafayette,Lafayette,lafayette,reviewed_explicit,0
Lamar,Lamar,lamar,reviewed_explicit,0
Lehigh,Lehigh,lehigh,reviewed_explicit,0
Liberty,Liberty,liberty,reviewed_explicit,0
Lindenwood,Lindenwood,lindenwood,reviewed_explicit,0
Lipscomb,Lipscomb,lipscomb,reviewed_explicit,0
Long Beach State,Long Beach State,long_beach_state,reviewed_explicit,0
Longwood,Longwood,longwood,reviewed_explicit,0
Louisiana,Louisiana,louisiana,reviewed_explicit,0
Louisiana Lafayette,Louisiana,louisiana,reviewed_explicit,10
Louisiana Monroe,Louisiana Monroe,louisiana_monroe,reviewed_explicit,0
Louisiana Tech,Louisiana Tech,louisiana_tech,reviewed_explicit,0
Louisville,Louisville,louisville,reviewed_explicit,0
Loyola Chicago,Loyola Chicago,loyola_chicago,reviewed_explicit,0
Loyola Maryland,Loyola Maryland,loyola_maryland,reviewed_explicit,0
Loyola Marymount,Loyola Marymount,loyola_marymount,reviewed_explicit,0
Maine,Maine,maine,reviewed_explicit,0
Manhattan,Manhattan,manhattan,reviewed_explicit,0
Marist,Marist,marist,reviewed_explicit,0
Marquette,Marquette,marquette,reviewed_explicit,0
Marshall,Marshall,marshall,reviewed_explicit,0
Maryland,Maryland,maryland,reviewed_explicit,0
Maryland Eastern Shore,Maryland Eastern Shore,maryland_eastern_shore,reviewed_explicit,0
Massachusetts,Massachusetts,massachusetts,reviewed_explicit,0
Massachusetts Lowell,Massachusetts Lowell,massachusetts_lowell,reviewed_explicit,0
McNeese State,McNeese State,mcneese_state,reviewed_explicit,0
Memphis,Memphis,memphis,reviewed_explicit,0
Mercer,Mercer,mercer,reviewed_explicit,0
Merrimack,Merrimack,merrimack,reviewed_explicit,0
Miami (FL),Miami (FL),miami_fl,reviewed_explicit,0
Miami (OH),Miami (OH),miami_oh,reviewed_explicit,0
Michigan,Michigan,michigan,reviewed_explicit,0
Michigan State,Michigan State,michigan_state,reviewed_explicit,0
Middle Tennessee State,Middle Tennessee State,middle_tennessee_state,reviewed_explicit,0
Minnesota,Minnesota,minnesota,reviewed_explicit,0
Mississippi State,Mississippi State,mississippi_state,reviewed_explicit,0
Missouri,Missouri,missouri,reviewed_explicit,0
Missouri State,Missouri State,missouri_state,reviewed_explicit,0
Monmouth,Monmouth,monmouth,reviewed_explicit,0
Montana,Montana,montana,reviewed_explicit,0
Montana State,Montana State,montana_state,reviewed_explicit,0
Morehead State,Morehead State,morehead_state,reviewed_explicit,0
Morgan State,Morgan State,morgan_state,reviewed_explicit,0
Mount St. Mary's,Mount St. Mary's,mount_st_mary_s,reviewed_explicit,0
Murray State,Murray State,murray_state,reviewed_explicit,0
NJIT,NJIT,njit,reviewed_explicit,0
Navy,Navy,navy,reviewed_explicit,0
Nebraska,Nebraska,nebraska,reviewed_explicit,0
Nebraska Omaha,Nebraska Omaha,nebraska_omaha,reviewed_explicit,0
Nevada,Nevada,nevada,reviewed_explicit,0
New Hampshire,New Hampshire,new_hampshire,reviewed_explicit,0
New Mexico,New Mexico,new_mexico,reviewed_explicit,0
New Mexico State,New Mexico State,new_mexico_state,reviewed_explicit,0
New Orleans,New Orleans,new_orleans,reviewed_explicit,0
Niagara,Niagara,niagara,reviewed_explicit,0
Nicholls State,Nicholls State,nicholls_state,reviewed_explicit,0
Norfolk State,Norfolk State,norfolk_state,reviewed_explicit,0
North Alabama,North Alabama,north_alabama,reviewed_explicit,0
North Carolina,North Carolina,north_carolina,reviewed_explicit,0
North Carolina A&T,North Carolina A&T,north_carolina_a_t,reviewed_explicit,0
North Carolina A&T State,North Carolina A&T,north_carolina_a_t,reviewed_explicit,6
North Carolina Asheville,North Carolina Asheville,north_carolina_asheville,reviewed_explicit,0
North Carolina Central,North Carolina Central,north_carolina_central,reviewed_explicit,0
North Carolina Greensboro,North Carolina Greensboro,north_carolina_greensboro,reviewed_explicit,0
North Carolina State,North Carolina State,north_carolina_state,reviewed_explicit,0
North Carolina Wilmington,North Carolina Wilmington,north_carolina_wilmington,reviewed_explicit,0
North Dakota,North Dakota,north_dakota,reviewed_explicit,0
North Dakota State,North Dakota State,north_dakota_state,reviewed_explicit,0
North Florida,North Florida,north_florida,reviewed_explicit,0
North Texas,North Texas,north_texas,reviewed_explicit,0
Northeastern,Northeastern,northeastern,reviewed_explicit,0
Northern Arizona,Northern Arizona,northern_arizona,reviewed_explicit,0
Northern Colorado,Northern Colorado,northern_colorado,reviewed_explicit,0
Northern Illinois,Northern Illinois,northern_illinois,reviewed_explicit,0
Northern Iowa,Northern Iowa,northern_iowa,reviewed_explicit,0
Northern Kentucky,Northern Kentucky,northern_kentucky,reviewed_explicit,0
Northwestern,Northwestern,northwestern,reviewed_explicit,0
Northwestern State,Northwestern State,northwestern_state,reviewed_explicit,0
Notre Dame,Notre Dame,notre_dame,reviewed_explicit,0
Oakland,Oakland,oakland,reviewed_explicit,0
Ohio,Ohio,ohio,reviewed_explicit,0
Ohio State,Ohio State,ohio_state,reviewed_explicit,0
Oklahoma,Oklahoma,oklahoma,reviewed_explicit,0
Oklahoma State,Oklahoma State,oklahoma_state,reviewed_explicit,0
Old Dominion,Old Dominion,old_dominion,reviewed_explicit,0
Ole Miss,Ole Miss,ole_miss,reviewed_explicit,0
Omaha,Nebraska Omaha,nebraska_omaha,reviewed_explicit,9
Oral Roberts,Oral Roberts,oral_roberts,reviewed_explicit,0
Oregon,Oregon,oregon,reviewed_explicit,0
Oregon State,Oregon State,oregon_state,reviewed_explicit,0
Pacific,Pacific,pacific,reviewed_explicit,0
Penn State,Penn State,penn_state,reviewed_explicit,0
Pennsylvania,Pennsylvania,pennsylvania,reviewed_explicit,0
Pepperdine,Pepperdine,pepperdine,reviewed_explicit,0
Pittsburgh,Pittsburgh,pittsburgh,reviewed_explicit,0
Portland,Portland,portland,reviewed_explicit,0
Portland State,Portland State,portland_state,reviewed_explicit,0
Prairie View A&M,Prairie View A&M,prairie_view_a_m,reviewed_explicit,0
Presbyterian College,Presbyterian College,presbyterian_college,reviewed_explicit,0
Princeton,Princeton,princeton,reviewed_explicit,0
Providence,Providence,providence,reviewed_explicit,0
Purdue,Purdue,purdue,reviewed_explicit,0
Queens (N.C.),Queens (N.C.),queens_n_c,reviewed_explicit,0
Quinnipiac,Quinnipiac,quinnipiac,reviewed_explicit,0
Radford,Radford,radford,reviewed_explicit,0
Rhode Island,Rhode Island,rhode_island,reviewed_explicit,0
Rice,Rice,rice,reviewed_explicit,0
Richmond,Richmond,richmond,reviewed_explicit,0
Rider,Rider,rider,reviewed_explicit,0
Robert Morris,Robert Morris,robert_morris,reviewed_explicit,0
Rutgers,Rutgers,rutgers,reviewed_explicit,0
SIU Edwardsville,SIU Edwardsville,siu_edwardsville,reviewed_explicit,0
SMU,SMU,smu,reviewed_explicit,0
Sacramento State,Sacramento State,sacramento_state,reviewed_explicit,0
Sacred Heart,Sacred Heart,sacred_heart,reviewed_explicit,0
Saint Francis (PA),Saint Francis (PA),saint_francis_pa,reviewed_explicit,0
Saint Joseph's,Saint Joseph's,saint_joseph_s,reviewed_explicit,0
Saint Louis,Saint Louis,saint_louis,reviewed_explicit,0
Saint Mary's (CA),Saint Mary's (CA),saint_mary_s_ca,reviewed_explicit,0
Saint Peter's,Saint Peter's,saint_peter_s,reviewed_explicit,0
Sam Houston State,Sam Houston State,sam_houston_state,reviewed_explicit,0
Samford,Samford,samford,reviewed_explicit,0
San Diego,San Diego,san_diego,reviewed_explicit,0
San Diego State,San Diego State,san_diego_state,reviewed_explicit,0
San Francisco,San Francisco,san_francisco,reviewed_explicit,0
San Jose State,San Jose State,san_jose_state,reviewed_explicit,0
Santa Clara,Santa Clara,santa_clara,reviewed_explicit,0
Seattle,Seattle,seattle,reviewed_explicit,0
Seton Hall,Seton Hall,seton_hall,reviewed_explicit,0
Siena,Siena,siena,reviewed_explicit,0
South Alabama,South Alabama,south_alabama,reviewed_explicit,0
South Carolina,South Carolina,south_carolina,reviewed_explicit,0
South Carolina State,South Carolina State,south_carolina_state,reviewed_explicit,0
South Carolina Upstate,South Carolina Upstate,south_carolina_upstate,reviewed_explicit,0
South Dakota,South Dakota,south_dakota,reviewed_explicit,0
South Dakota State,South Dakota State,south_dakota_state,reviewed_explicit,0
South Florida,South Florida,south_florida,reviewed_explicit,0
Southeast Missouri State,Southeast Missouri State,southeast_missouri_state,reviewed_explicit,0
Southeastern Louisiana,Southeastern Louisiana,southeastern_louisiana,reviewed_explicit,0
Southern,Southern,southern,reviewed_explicit,0
Southern Illinois,Southern Illinois,southern_illinois,reviewed_explicit,0
Southern Mississippi,Southern Mississippi,southern_mississippi,reviewed_explicit,0
Southern Utah,Southern Utah,southern_utah,reviewed_explicit,0
St. Bonaventure,St. Bonaventure,st_bonaventure,reviewed_explicit,0
St. Francis (NY),St. Francis (NY),st_francis_ny,reviewed_explicit,0
St. John's (NY),St. John's (NY),st_john_s_ny,reviewed_explicit,0
St. Mary's College of California,Saint Mary's (CA),saint_mary_s_ca,reviewed_explicit,23
St. Thomas,St. Thomas,st_thomas,reviewed_explicit,0
Stanford,Stanford,stanford,reviewed_explicit,0
Stephen F. Austin,Stephen F. Austin,stephen_f_austin,reviewed_explicit,0
Stetson,Stetson,stetson,reviewed_explicit,0
Stonehill,Stonehill,stonehill,reviewed_explicit,0
Stonehill (2026-27),Stonehill,stonehill,reviewed_explicit,10
Stony Brook,Stony Brook,stony_brook,reviewed_explicit,0
Syracuse,Syracuse,syracuse,reviewed_explicit,0
TCU,TCU,tcu,reviewed_explicit,0
Tarleton State,Tarleton State,tarleton_state,reviewed_explicit,0
Temple,Temple,temple,reviewed_explicit,0
Tennessee,Tennessee,tennessee,reviewed_explicit,0
Tennessee Chattanooga,Tennessee Chattanooga,tennessee_chattanooga,reviewed_explicit,0
Tennessee Martin,Tennessee Martin,tennessee_martin,reviewed_explicit,0
Tennessee State,Tennessee State,tennessee_state,reviewed_explicit,0
Tennessee Tech,Tennessee Tech,tennessee_tech,reviewed_explicit,0
Texas,Texas,texas,reviewed_explicit,0
Texas A&M,Texas A&M,texas_a_m,reviewed_explicit,0
Texas A&M Corpus Christi,Texas A&M Corpus Christi,texas_a_m_corpus_christi,reviewed_explicit,0
Texas Arlington,Texas Arlington,texas_arlington,reviewed_explicit,0
Texas Southern,Texas Southern,texas_southern,reviewed_explicit,0
Texas State,Texas State,texas_state,reviewed_explicit,0
Texas Tech,Texas Tech,texas_tech,reviewed_explicit,0
Toledo,Toledo,toledo,reviewed_explicit,0
Towson,Towson,towson,reviewed_explicit,0
Troy,Troy,troy,reviewed_explicit,0
Tulane,Tulane,tulane,reviewed_explicit,0
Tulsa,Tulsa,tulsa,reviewed_explicit,0
UAB,UAB,uab,reviewed_explicit,0
UC Davis,UC Davis,uc_davis,reviewed_explicit,0
UC Irvine,UC Irvine,uc_irvine,reviewed_explicit,0
UC Riverside,UC Riverside,uc_riverside,reviewed_explicit,0
UC San Diego,UC San Diego,uc_san_diego,reviewed_explicit,0
UC Santa Barbara,UC Santa Barbara,uc_santa_barbara,reviewed_explicit,0
UCF,UCF,ucf,reviewed_explicit,0
UCLA,UCLA,ucla,reviewed_explicit,0
UConn,UConn,uconn,reviewed_explicit,0
UMBC,UMBC,umbc,reviewed_explicit,0
UMKC,UMKC,umkc,reviewed_explicit,0
UNLV,UNLV,unlv,reviewed_explicit,0
USC,USC,usc,reviewed_explicit,0
UTEP,UTEP,utep,reviewed_explicit,0
UTRGV,UTRGV,utrgv,reviewed_explicit,0
UTSA,UTSA,utsa,reviewed_explicit,0
Uconn,UConn,uconn,reviewed_explicit,0
Utah,Utah,utah,reviewed_explicit,0
Utah State,Utah State,utah_state,reviewed_explicit,0
Utah Valley,Utah Valley,utah_valley,reviewed_explicit,0
VCU,VCU,vcu,reviewed_explicit,0
Valparaiso,Valparaiso,valparaiso,reviewed_explicit,0
Vanderbilt,Vanderbilt,vanderbilt,reviewed_explicit,0
Vermont,Vermont,vermont,reviewed_explicit,0
Villanova,Villanova,villanova,reviewed_explicit,0
Virginia,Virginia,virginia,reviewed_explicit,0
Virginia Military Institute,Virginia Military Institute,virginia_military_institute,reviewed_explicit,0
Virginia Tech,Virginia Tech,virginia_tech,reviewed_explicit,0
Wagner,Wagner,wagner,reviewed_explicit,0
Wake Forest,Wake Forest,wake_forest,reviewed_explicit,0
Washington,Washington,washington,reviewed_explicit,0
Washington State,Washington State,washington_state,reviewed_explicit,0
Weber State,Weber State,weber_state,reviewed_explicit,0
West Virginia,West Virginia,west_virginia,reviewed_explicit,0
Western Carolina,Western Carolina,western_carolina,reviewed_explicit,0
Western Illinois,Western Illinois,western_illinois,reviewed_explicit,0
Western Kentucky,Western Kentucky,western_kentucky,reviewed_explicit,0
Western Michigan,Western Michigan,western_michigan,reviewed_explicit,0
Wichita State,Wichita State,wichita_state,reviewed_explicit,0
William & Mary,William & Mary,william_mary,reviewed_explicit,0
Winthrop,Winthrop,winthrop,reviewed_explicit,0
Wisconsin,Wisconsin,wisconsin,reviewed_explicit,0
Wisconsin Green Bay,Wisconsin Green Bay,wisconsin_green_bay,reviewed_explicit,0
Wisconsin Milwaukee,Wisconsin Milwaukee,wisconsin_milwaukee,reviewed_explicit,0
Wofford,Wofford,wofford,reviewed_explicit,0
Wright State,Wright State,wright_state,reviewed_explicit,0
Wyoming,Wyoming,wyoming,reviewed_explicit,0
Xavier,Xavier,xavier,reviewed_explicit,0
Yale,Yale,yale,reviewed_explicit,0
Youngstown State,Youngstown State,youngstown_state,reviewed_explicit,0
