season,school_raw,conference,rank,total_points,sport,sport_points,points_pctile,period,points_basis,source_value,source_place,sport_place,excluded_at_publication,published_counted_points,counted_points,counted_points_basis,excluded,value_method,status,source_url,source_page,source_url_final,source_page_final,school_id,school,brand,evidence_tier,in_research_scope
2017-18,Stanford,Pac 12,1,1442.0,Women's Rowing,77.5,100.0,spring,final_publication,77.5,4,4.0,False,77.5,77.5,printed_final,False,printed,matches_final_subtotal,https://dxbhsrqyrr690.cloudfront.net/sidearm.nextgen.sites/nacda.com/documents/2018/7/18/June29overallDI.pdf,1,https://dxbhsrqyrr690.cloudfront.net/sidearm.nextgen.sites/nacda.com/documents/2018/7/18/June29overallDI.pdf,1,stanford,Stanford,,unknown,True
2017-18,USC,Pac 12,4,1147.0,Women's Rowing,54.0,98.97260273972604,spring,final_publication,54,12,12.0,False,54.0,54.0,printed_final,False,printed,matches_final_subtotal,https://dxbhsrqyrr690.cloudfront.net/sidearm.nextgen.sites/nacda.com/documents/2018/7/18/June29overallDI.pdf,1,https://dxbhsrqyrr690.cloudfront.net/sidearm.nextgen.sites/nacda.com/documents/2018/7/18/June29overallDI.pdf,1,usc,USC,Nike,A,True
2017-18,Texas,Big 12,5,1143.25,Women's Rowing,85.0,98.63013698630137,spring,final_publication,85,3,3.0,False,85.0,85.0,printed_final,False,printed,matches_final_subtotal,https://dxbhsrqyrr690.cloudfront.net/sidearm.nextgen.sites/nacda.com/documents/2018/7/18/June29overallDI.pdf,1,https://dxbhsrqyrr690.cloudfront.net/sidearm.nextgen.sites/nacda.com/documents/2018/7/18/June29overallDI.pdf,1,texas,Texas,Nike,A,True
2017-18,Michigan,Big Ten,6,1131.0,Women's Rowing,69.0,98.28767123287672,spring,final_publication,69,7,7.0,False,69.0,69.0,printed_final,False,printed,matches_final_subtotal,https://dxbhsrqyrr690.cloudfront.net/sidearm.nextgen.sites/nacda.com/documents/2018/7/18/June29overallDI.pdf,1,https://dxbhsrqyrr690.cloudfront.net/sidearm.nextgen.sites/nacda.com/documents/2018/7/18/June29overallDI.pdf,1,michigan,Michigan,Nike,A,True
2017-18,Ohio State,Big Ten,7,1118.0,Women's Rowing,72.0,97.94520547945206,spring,final_publication,72,6,6.0,False,72.0,72.0,printed_final,False,printed,matches_final_subtotal,https://dxbhsrqyrr690.cloudfront.net/sidearm.nextgen.sites/nacda.com/documents/2018/7/18/June29overallDI.pdf,1,https://dxbhsrqyrr690.cloudfront.net/sidearm.nextgen.sites/nacda.com/documents/2018/7/18/June29overallDI.pdf,1,ohio_state,Ohio State,Nike,A,True
2017-18,California,Pac 12,20,830.25,Women's Rowing,100.0,93.4931506849315,spring,final_publication,100,1,1.0,False,100.0,100.0,printed_final,False,printed,matches_final_subtotal,https://dxbhsrqyrr690.cloudfront.net/sidearm.nextgen.sites/nacda.com/documents/2018/7/18/June29overallDI.pdf,1,https://dxbhsrqyrr690.cloudfront.net/sidearm.nextgen.sites/nacda.com/documents/2018/7/18/June29overallDI.pdf,1,california,California,Under Armour,A,True
2017-18,Virginia,ACC,21,830.0,Women's Rowing,77.5,93.15068493150685,spring,final_publication,77.5,4,4.0,False,77.5,77.5,printed_final,False,printed,matches_final_subtotal,https://dxbhsrqyrr690.cloudfront.net/sidearm.nextgen.sites/nacda.com/documents/2018/7/18/June29overallDI.pdf,1,https://dxbhsrqyrr690.cloudfront.net/sidearm.nextgen.sites/nacda.com/documents/2018/7/18/June29overallDI.pdf,1,virginia,Virginia,Nike,A,True
2017-18,Wisconsin,Big Ten,22,804.0,Women's Rowing,45.0,92.63698630136986,spring,final_publication,45,15,15.0,False,45.0,45.0,printed_final,False,printed,matches_final_subtotal,https://dxbhsrqyrr690.cloudfront.net/sidearm.nextgen.sites/nacda.com/documents/2018/7/18/June29overallDI.pdf,1,https://dxbhsrqyrr690.cloudfront.net/sidearm.nextgen.sites/nacda.com/documents/2018/7/18/June29overallDI.pdf,1,wisconsin,Wisconsin,Under Armour,A,True
2017-18,Washington,Pac 12,29,693.25,Women's Rowing,90.0,90.41095890410958,spring,final_publication,90,2,2.0,False,90.0,90.0,printed_final,False,printed,matches_final_subtotal,https://dxbhsrqyrr690.cloudfront.net/sidearm.nextgen.sites/nacda.com/documents/2018/7/18/June29overallDI.pdf,1,https://dxbhsrqyrr690.cloudfront.net/sidearm.nextgen.sites/nacda.com/documents/2018/7/18/June29overallDI.pdf,1,washington,Washington,Nike,A,True
2017-18,Princeton,Ivy League,40,579.5,Women's Rowing,63.0,86.64383561643835,spring,final_publication,63,9,9.0,False,63.0,63.0,printed_final,False,printed,matches_final_subtotal,https://dxbhsrqyrr690.cloudfront.net/sidearm.nextgen.sites/nacda.com/documents/2018/7/18/June29overallDI.pdf,1,https://dxbhsrqyrr690.cloudfront.net/sidearm.nextgen.sites/nacda.com/documents/2018/7/18/June29overallDI.pdf,1,princeton,Princeton,,unknown,True
2017-18,Syracuse,ACC,46,539.75,Women's Rowing,42.0,84.58904109589042,spring,final_publication,42,16,16.0,False,42.0,42.0,printed_final,False,printed,matches_final_subtotal,https://dxbhsrqyrr690.cloudfront.net/sidearm.nextgen.sites/nacda.com/documents/2018/7/18/June29overallDI.pdf,1,https://dxbhsrqyrr690.cloudfront.net/sidearm.nextgen.sites/nacda.com/documents/2018/7/18/June29overallDI.pdf,1,syracuse,Syracuse,Nike,A,True
2017-18,Indiana,Big Ten,49,491.0,Women's Rowing,51.0,83.56164383561644,spring,final_publication,51,13,13.0,False,51.0,51.0,printed_final,False,printed,matches_final_subtotal,https://dxbhsrqyrr690.cloudfront.net/sidearm.nextgen.sites/nacda.com/documents/2018/7/18/June29overallDI.pdf,1,https://dxbhsrqyrr690.cloudfront.net/sidearm.nextgen.sites/nacda.com/documents/2018/7/18/June29overallDI.pdf,1,indiana,Indiana,adidas,A,True
2017-18,Iowa,Big Ten,54,457.5,Women's Rowing,57.0,81.84931506849315,spring,final_publication,57,11,11.0,False,57.0,57.0,printed_final,False,printed,matches_final_subtotal,https://dxbhsrqyrr690.cloudfront.net/sidearm.nextgen.sites/nacda.com/documents/2018/7/18/June29overallDI.pdf,2,https://dxbhsrqyrr690.cloudfront.net/sidearm.nextgen.sites/nacda.com/documents/2018/7/18/June29overallDI.pdf,2,iowa,Iowa,Nike,A,True
2017-18,Navy,Patriot,74,298.0,Women's Rowing,40.0,75.0,spring,final_publication,40,17,17.0,False,40.0,40.0,printed_final,False,printed,matches_final_subtotal,https://dxbhsrqyrr690.cloudfront.net/sidearm.nextgen.sites/nacda.com/documents/2018/7/18/June29overallDI.pdf,2,https://dxbhsrqyrr690.cloudfront.net/sidearm.nextgen.sites/nacda.com/documents/2018/7/18/June29overallDI.pdf,2,navy,Navy,,unknown,False
2017-18,Yale,Ivy League,79,262.0,Women's Rowing,66.0,73.28767123287672,spring,final_publication,66,8,8.0,False,66.0,66.0,printed_final,False,printed,matches_final_subtotal,https://dxbhsrqyrr690.cloudfront.net/sidearm.nextgen.sites/nacda.com/documents/2018/7/18/June29overallDI.pdf,2,https://dxbhsrqyrr690.cloudfront.net/sidearm.nextgen.sites/nacda.com/documents/2018/7/18/June29overallDI.pdf,2,yale,Yale,Under Armour,A,True
2017-18,Washington State,Pac 12,80,260.5,Women's Rowing,48.0,72.94520547945206,spring,final_publication,48,14,14.0,False,48.0,48.0,printed_final,False,printed,matches_final_subtotal,https://dxbhsrqyrr690.cloudfront.net/sidearm.nextgen.sites/nacda.com/documents/2018/7/18/June29overallDI.pdf,2,https://dxbhsrqyrr690.cloudfront.net/sidearm.nextgen.sites/nacda.com/documents/2018/7/18/June29overallDI.pdf,2,washington_state,Washington State,,unknown,False
2017-18,UCF,American,86,230.0,Women's Rowing,34.0,70.8904109589041,spring,final_publication,34,20,20.0,False,34.0,34.0,printed_final,False,printed,matches_final_subtotal,https://dxbhsrqyrr690.cloudfront.net/sidearm.nextgen.sites/nacda.com/documents/2018/7/18/June29overallDI.pdf,2,https://dxbhsrqyrr690.cloudfront.net/sidearm.nextgen.sites/nacda.com/documents/2018/7/18/June29overallDI.pdf,2,ucf,UCF,Nike,A,True
2017-18,Gonzaga,WCC,113,164.5,Women's Rowing,38.0,61.64383561643836,spring,final_publication,38,18,18.0,False,38.0,38.0,printed_final,False,printed,matches_final_subtotal,https://dxbhsrqyrr690.cloudfront.net/sidearm.nextgen.sites/nacda.com/documents/2018/7/18/June29overallDI.pdf,3,https://dxbhsrqyrr690.cloudfront.net/sidearm.nextgen.sites/nacda.com/documents/2018/7/18/June29overallDI.pdf,3,gonzaga,Gonzaga,,unknown,False
2017-18,Northeastern,CAA,137,127.0,Women's Rowing,36.0,53.42465753424658,spring,final_publication,36,19,19.0,False,36.0,36.0,printed_final,False,printed,matches_final_subtotal,https://dxbhsrqyrr690.cloudfront.net/sidearm.nextgen.sites/nacda.com/documents/2018/7/18/June29overallDI.pdf,3,https://dxbhsrqyrr690.cloudfront.net/sidearm.nextgen.sites/nacda.com/documents/2018/7/18/June29overallDI.pdf,3,northeastern,Northeastern,,unknown,False
2017-18,Jacksonville,Atlantic Sun,147,108.5,Women's Rowing,30.0,50.0,spring,final_publication,30,22,22.0,False,30.0,30.0,printed_final,False,printed,matches_final_subtotal,https://dxbhsrqyrr690.cloudfront.net/sidearm.nextgen.sites/nacda.com/documents/2018/7/18/June29overallDI.pdf,3,https://dxbhsrqyrr690.cloudfront.net/sidearm.nextgen.sites/nacda.com/documents/2018/7/18/June29overallDI.pdf,3,jacksonville,Jacksonville,,unknown,False
2017-18,Brown,Ivy League,151,102.0,Women's Rowing,60.0,48.63013698630137,spring,final_publication,60,10,10.0,False,60.0,60.0,printed_final,False,printed,matches_final_subtotal,https://dxbhsrqyrr690.cloudfront.net/sidearm.nextgen.sites/nacda.com/documents/2018/7/18/June29overallDI.pdf,3,https://dxbhsrqyrr690.cloudfront.net/sidearm.nextgen.sites/nacda.com/documents/2018/7/18/June29overallDI.pdf,3,brown,Brown,,unknown,False
2017-18,Rhode Island,Atlantic 10,184,82.0,Women's Rowing,32.0,37.15753424657534,spring,final_publication,32,21,21.0,False,32.0,32.0,printed_final,False,printed,matches_final_subtotal,https://dxbhsrqyrr690.cloudfront.net/sidearm.nextgen.sites/nacda.com/documents/2018/7/18/June29overallDI.pdf,4,https://dxbhsrqyrr690.cloudfront.net/sidearm.nextgen.sites/nacda.com/documents/2018/7/18/June29overallDI.pdf,4,rhode_island,Rhode Island,,unknown,False
2018-19,Stanford,Pac 12,1,1503.75,Women's Rowing,80.0,100.0,spring,final_publication,80,4,4.0,False,80.0,80.0,printed_final,False,printed,matches_final_subtotal,https://dxbhsrqyrr690.cloudfront.net/sidearm.nextgen.sites/nacda.com/documents/2019/6/27/June28DIOverall.pdf,1,https://dxbhsrqyrr690.cloudfront.net/sidearm.nextgen.sites/nacda.com/documents/2019/6/27/June28DIOverall.pdf,1,stanford,Stanford,,unknown,True
2018-19,Michigan,Big Ten,2,1272.25,Women's Rowing,85.0,99.66101694915255,spring,final_publication,85,3,3.0,False,85.0,85.0,printed_final,False,printed,matches_final_subtotal,https://dxbhsrqyrr690.cloudfront.net/sidearm.nextgen.sites/nacda.com/documents/2019/6/27/June28DIOverall.pdf,1,https://dxbhsrqyrr690.cloudfront.net/sidearm.nextgen.sites/nacda.com/documents/2019/6/27/June28DIOverall.pdf,1,michigan,Michigan,Nike,A,True
2018-19,Texas,Big 12,4,1148.5,Women's Rowing,90.0,98.98305084745763,spring,final_publication,90,2,2.0,False,90.0,90.0,printed_final,False,printed,matches_final_subtotal,https://dxbhsrqyrr690.cloudfront.net/sidearm.nextgen.sites/nacda.com/documents/2019/6/27/June28DIOverall.pdf,1,https://dxbhsrqyrr690.cloudfront.net/sidearm.nextgen.sites/nacda.com/documents/2019/6/27/June28DIOverall.pdf,1,texas,Texas,Nike,A,True
2018-19,Virginia,ACC,8,1037.5,Women's Rowing,60.0,97.6271186440678,spring,final_publication,60,10,10.0,False,60.0,60.0,printed_final,False,printed,matches_final_subtotal,https://dxbhsrqyrr690.cloudfront.net/sidearm.nextgen.sites/nacda.com/documents/2019/6/27/June28DIOverall.pdf,1,https://dxbhsrqyrr690.cloudfront.net/sidearm.nextgen.sites/nacda.com/documents/2019/6/27/June28DIOverall.pdf,1,virginia,Virginia,Nike,C,True
2018-19,Duke,ACC,9,1001.0,Women's Rowing,42.0,97.28813559322032,spring,final_publication,42,16,16.0,False,42.0,42.0,printed_final,False,printed,matches_final_subtotal,https://dxbhsrqyrr690.cloudfront.net/sidearm.nextgen.sites/nacda.com/documents/2019/6/27/June28DIOverall.pdf,1,https://dxbhsrqyrr690.cloudfront.net/sidearm.nextgen.sites/nacda.com/documents/2019/6/27/June28DIOverall.pdf,1,duke,Duke,Nike,A,True
2018-19,Ohio State,Big Ten,12,986.0,Women's Rowing,75.0,96.27118644067797,spring,final_publication,75,5,5.0,False,75.0,75.0,printed_final,False,printed,matches_final_subtotal,https://dxbhsrqyrr690.cloudfront.net/sidearm.nextgen.sites/nacda.com/documents/2019/6/27/June28DIOverall.pdf,1,https://dxbhsrqyrr690.cloudfront.net/sidearm.nextgen.sites/nacda.com/documents/2019/6/27/June28DIOverall.pdf,1,ohio_state,Ohio State,Nike,A,True
2018-19,Wisconsin,Big Ten,16,895.0,Women's Rowing,45.0,94.91525423728814,spring,final_publication,45,15,15.0,False,45.0,45.0,printed_final,False,printed,matches_final_subtotal,https://dxbhsrqyrr690.cloudfront.net/sidearm.nextgen.sites/nacda.com/documents/2019/6/27/June28DIOverall.pdf,1,https://dxbhsrqyrr690.cloudfront.net/sidearm.nextgen.sites/nacda.com/documents/2019/6/27/June28DIOverall.pdf,1,wisconsin,Wisconsin,Under Armour,A,True
2018-19,California,Pac 12,18,835.75,Women's Rowing,72.0,94.23728813559322,spring,final_publication,72,6,6.0,False,72.0,72.0,printed_final,False,printed,matches_final_subtotal,https://dxbhsrqyrr690.cloudfront.net/sidearm.nextgen.sites/nacda.com/documents/2019/6/27/June28DIOverall.pdf,1,https://dxbhsrqyrr690.cloudfront.net/sidearm.nextgen.sites/nacda.com/documents/2019/6/27/June28DIOverall.pdf,1,california,California,Under Armour,A,True
2018-19,Washington,Pac 12,24,801.0,Women's Rowing,100.0,92.20338983050848,spring,final_publication,100,1,1.0,False,100.0,100.0,printed_final,False,printed,matches_final_subtotal,https://dxbhsrqyrr690.cloudfront.net/sidearm.nextgen.sites/nacda.com/documents/2019/6/27/June28DIOverall.pdf,1,https://dxbhsrqyrr690.cloudfront.net/sidearm.nextgen.sites/nacda.com/documents/2019/6/27/June28DIOverall.pdf,1,washington,Washington,Nike,A,True
2018-19,Princeton,Ivy League,30,722.5,Women's Rowing,69.0,90.16949152542372,spring,final_publication,69,7,7.0,False,69.0,69.0,printed_final,False,printed,matches_final_subtotal,https://dxbhsrqyrr690.cloudfront.net/sidearm.nextgen.sites/nacda.com/documents/2019/6/27/June28DIOverall.pdf,1,https://dxbhsrqyrr690.cloudfront.net/sidearm.nextgen.sites/nacda.com/documents/2019/6/27/June28DIOverall.pdf,1,princeton,Princeton,,unknown,True
2018-19,Indiana,Big Ten,32,719.5,Women's Rowing,54.0,89.49152542372882,spring,final_publication,54,12,12.0,False,54.0,54.0,printed_final,False,printed,matches_final_subtotal,https://dxbhsrqyrr690.cloudfront.net/sidearm.nextgen.sites/nacda.com/documents/2019/6/27/June28DIOverall.pdf,1,https://dxbhsrqyrr690.cloudfront.net/sidearm.nextgen.sites/nacda.com/documents/2019/6/27/June28DIOverall.pdf,1,indiana,Indiana,adidas,A,True
2018-19,Iowa,Big Ten,38,629.5,Women's Rowing,51.0,87.45762711864407,spring,final_publication,51,13,13.0,False,51.0,51.0,printed_final,False,printed,matches_final_subtotal,https://dxbhsrqyrr690.cloudfront.net/sidearm.nextgen.sites/nacda.com/documents/2019/6/27/June28DIOverall.pdf,1,https://dxbhsrqyrr690.cloudfront.net/sidearm.nextgen.sites/nacda.com/documents/2019/6/27/June28DIOverall.pdf,1,iowa,Iowa,Nike,C,True
2018-19,Harvard,Ivy League,57,425.5,Women's Rowing,48.0,81.01694915254237,spring,final_publication,48,14,14.0,False,48.0,48.0,printed_final,False,printed,matches_final_subtotal,https://dxbhsrqyrr690.cloudfront.net/sidearm.nextgen.sites/nacda.com/documents/2019/6/27/June28DIOverall.pdf,2,https://dxbhsrqyrr690.cloudfront.net/sidearm.nextgen.sites/nacda.com/documents/2019/6/27/June28DIOverall.pdf,2,harvard,Harvard,,unknown,True
2018-19,UCF,American,62,393.5,Women's Rowing,38.0,79.3220338983051,spring,final_publication,38,18,18.0,False,38.0,38.0,printed_final,False,printed,matches_final_subtotal,https://dxbhsrqyrr690.cloudfront.net/sidearm.nextgen.sites/nacda.com/documents/2019/6/27/June28DIOverall.pdf,2,https://dxbhsrqyrr690.cloudfront.net/sidearm.nextgen.sites/nacda.com/documents/2019/6/27/June28DIOverall.pdf,2,ucf,UCF,Nike,A,True
2018-19,Navy,Patriot,72,307.0,Women's Rowing,40.0,75.9322033898305,spring,final_publication,40,17,17.0,False,40.0,40.0,printed_final,False,printed,matches_final_subtotal,https://dxbhsrqyrr690.cloudfront.net/sidearm.nextgen.sites/nacda.com/documents/2019/6/27/June28DIOverall.pdf,2,https://dxbhsrqyrr690.cloudfront.net/sidearm.nextgen.sites/nacda.com/documents/2019/6/27/June28DIOverall.pdf,2,navy,Navy,,unknown,False
2018-19,Yale,Ivy League,74,303.0,Women's Rowing,66.0,75.2542372881356,spring,final_publication,66,8,8.0,False,66.0,66.0,printed_final,False,printed,matches_final_subtotal,https://dxbhsrqyrr690.cloudfront.net/sidearm.nextgen.sites/nacda.com/documents/2019/6/27/June28DIOverall.pdf,2,https://dxbhsrqyrr690.cloudfront.net/sidearm.nextgen.sites/nacda.com/documents/2019/6/27/June28DIOverall.pdf,2,yale,Yale,Under Armour,A,True
2018-19,Rutgers,Big Ten,82,259.0,Women's Rowing,57.0,72.54237288135593,spring,final_publication,57,11,11.0,False,57.0,57.0,printed_final,False,printed,matches_final_subtotal,https://dxbhsrqyrr690.cloudfront.net/sidearm.nextgen.sites/nacda.com/documents/2019/6/27/June28DIOverall.pdf,2,https://dxbhsrqyrr690.cloudfront.net/sidearm.nextgen.sites/nacda.com/documents/2019/6/27/June28DIOverall.pdf,2,rutgers,Rutgers,adidas,A,True
2018-19,Gonzaga,WCC,109,157.0,Women's Rowing,34.0,63.389830508474574,spring,final_publication,34,20,20.0,False,34.0,34.0,printed_final,False,printed,matches_final_subtotal,https://dxbhsrqyrr690.cloudfront.net/sidearm.nextgen.sites/nacda.com/documents/2019/6/27/June28DIOverall.pdf,3,https://dxbhsrqyrr690.cloudfront.net/sidearm.nextgen.sites/nacda.com/documents/2019/6/27/June28DIOverall.pdf,3,gonzaga,Gonzaga,,unknown,False
2018-19,Brown,Ivy League,118,144.0,Women's Rowing,63.0,60.33898305084746,spring,final_publication,63,9,9.0,False,63.0,63.0,printed_final,False,printed,matches_final_subtotal,https://dxbhsrqyrr690.cloudfront.net/sidearm.nextgen.sites/nacda.com/documents/2019/6/27/June28DIOverall.pdf,3,https://dxbhsrqyrr690.cloudfront.net/sidearm.nextgen.sites/nacda.com/documents/2019/6/27/June28DIOverall.pdf,3,brown,Brown,,unknown,False
2018-19,Northeastern,CAA,141,111.0,Women's Rowing,36.0,52.3728813559322,spring,final_publication,36,19,19.0,False,36.0,36.0,printed_final,False,printed,matches_final_subtotal,https://dxbhsrqyrr690.cloudfront.net/sidearm.nextgen.sites/nacda.com/documents/2019/6/27/June28DIOverall.pdf,3,https://dxbhsrqyrr690.cloudfront.net/sidearm.nextgen.sites/nacda.com/documents/2019/6/27/June28DIOverall.pdf,3,northeastern,Northeastern,,unknown,False
2018-19,Rhode Island,Atlantic 10,176,87.0,Women's Rowing,32.0,40.67796610169492,spring,final_publication,32,21,21.0,False,32.0,32.0,printed_final,False,printed,matches_final_subtotal,https://dxbhsrqyrr690.cloudfront.net/sidearm.nextgen.sites/nacda.com/documents/2019/6/27/June28DIOverall.pdf,4,https://dxbhsrqyrr690.cloudfront.net/sidearm.nextgen.sites/nacda.com/documents/2019/6/27/June28DIOverall.pdf,4,rhode_island,Rhode Island,,unknown,False
2018-19,Marist,MAAC,217,55.0,Women's Rowing,30.0,26.610169491525426,spring,final_publication,30,22,22.0,False,30.0,30.0,printed_final,False,printed,matches_final_subtotal,https://dxbhsrqyrr690.cloudfront.net/sidearm.nextgen.sites/nacda.com/documents/2019/6/27/June28DIOverall.pdf,5,https://dxbhsrqyrr690.cloudfront.net/sidearm.nextgen.sites/nacda.com/documents/2019/6/27/June28DIOverall.pdf,5,marist,Marist,,unknown,False
2020-21,Texas,Big 12,1,1252.0,Women's Rowing,100.0,100.0,spring,final_publication,100,1,1.0,False,100.0,100.0,printed_final,False,printed,matches_final_subtotal,https://dxbhsrqyrr690.cloudfront.net/sidearm.nextgen.sites/nacda.com/documents/2021/7/1/July2OverallDI.pdf,1,https://dxbhsrqyrr690.cloudfront.net/sidearm.nextgen.sites/nacda.com/documents/2021/7/1/July2OverallDI.pdf,1,texas,Texas,Nike,A,True
2020-21,Stanford,Pac 12,2,1195.75,Women's Rowing,90.0,99.65870307167236,spring,final_publication,90,2,2.0,False,90.0,90.0,printed_final,False,printed,matches_final_subtotal,https://dxbhsrqyrr690.cloudfront.net/sidearm.nextgen.sites/nacda.com/documents/2021/7/1/July2OverallDI.pdf,1,https://dxbhsrqyrr690.cloudfront.net/sidearm.nextgen.sites/nacda.com/documents/2021/7/1/July2OverallDI.pdf,1,stanford,Stanford,,unknown,True
2020-21,Michigan,Big Ten,3,1126.5,Women's Rowing,80.0,99.31740614334473,spring,final_publication,80,4,4.0,False,80.0,80.0,printed_final,False,printed,matches_final_subtotal,https://dxbhsrqyrr690.cloudfront.net/sidearm.nextgen.sites/nacda.com/documents/2021/7/1/July2OverallDI.pdf,1,https://dxbhsrqyrr690.cloudfront.net/sidearm.nextgen.sites/nacda.com/documents/2021/7/1/July2OverallDI.pdf,1,michigan,Michigan,Nike,A,True
2020-21,Alabama,SEC,7,1017.25,Women's Rowing,51.0,97.95221843003414,spring,final_publication,51,13,13.0,False,51.0,51.0,printed_final,False,printed,matches_final_subtotal,https://dxbhsrqyrr690.cloudfront.net/sidearm.nextgen.sites/nacda.com/documents/2021/7/1/July2OverallDI.pdf,1,https://dxbhsrqyrr690.cloudfront.net/sidearm.nextgen.sites/nacda.com/documents/2021/7/1/July2OverallDI.pdf,1,alabama,Alabama,Nike,A,True
2020-21,Ohio State,Big Ten,9,972.5,Women's Rowing,72.0,97.26962457337883,spring,final_publication,72,6,6.0,False,72.0,72.0,printed_final,False,printed,matches_final_subtotal,https://dxbhsrqyrr690.cloudfront.net/sidearm.nextgen.sites/nacda.com/documents/2021/7/1/July2OverallDI.pdf,1,https://dxbhsrqyrr690.cloudfront.net/sidearm.nextgen.sites/nacda.com/documents/2021/7/1/July2OverallDI.pdf,1,ohio_state,Ohio State,Nike,A,True
2020-21,Virginia,ACC,11,970.25,Women's Rowing,75.0,96.58703071672356,spring,final_publication,75,5,5.0,False,75.0,75.0,printed_final,False,printed,matches_final_subtotal,https://dxbhsrqyrr690.cloudfront.net/sidearm.nextgen.sites/nacda.com/documents/2021/7/1/July2OverallDI.pdf,1,https://dxbhsrqyrr690.cloudfront.net/sidearm.nextgen.sites/nacda.com/documents/2021/7/1/July2OverallDI.pdf,1,virginia,Virginia,Nike,C,True
2020-21,Duke,ACC,21,831.5,Women's Rowing,42.0,93.1740614334471,spring,final_publication,42,16,16.0,False,42.0,42.0,printed_final,False,printed,matches_final_subtotal,https://dxbhsrqyrr690.cloudfront.net/sidearm.nextgen.sites/nacda.com/documents/2021/7/1/July2OverallDI.pdf,1,https://dxbhsrqyrr690.cloudfront.net/sidearm.nextgen.sites/nacda.com/documents/2021/7/1/July2OverallDI.pdf,1,duke,Duke,Nike,A,True
2020-21,Tennessee,SEC,26,748.0,Women's Rowing,40.0,91.46757679180888,spring,final_publication,40,17,17.0,False,40.0,40.0,printed_final,False,printed,matches_final_subtotal,https://dxbhsrqyrr690.cloudfront.net/sidearm.nextgen.sites/nacda.com/documents/2021/7/1/July2OverallDI.pdf,1,https://dxbhsrqyrr690.cloudfront.net/sidearm.nextgen.sites/nacda.com/documents/2021/7/1/July2OverallDI.pdf,1,tennessee,Tennessee,Nike,A,True
2020-21,Washington,Pac 12,33,611.5,Women's Rowing,85.0,89.07849829351537,spring,final_publication,85,3,3.0,False,85.0,85.0,printed_final,False,printed,matches_final_subtotal,https://dxbhsrqyrr690.cloudfront.net/sidearm.nextgen.sites/nacda.com/documents/2021/7/1/July2OverallDI.pdf,1,https://dxbhsrqyrr690.cloudfront.net/sidearm.nextgen.sites/nacda.com/documents/2021/7/1/July2OverallDI.pdf,1,washington,Washington,adidas,A,True
2020-21,Wisconsin,Big Ten,37,551.0,Women's Rowing,48.0,87.71331058020478,spring,final_publication,48,14,14.0,False,48.0,48.0,printed_final,False,printed,matches_final_subtotal,https://dxbhsrqyrr690.cloudfront.net/sidearm.nextgen.sites/nacda.com/documents/2021/7/1/July2OverallDI.pdf,1,https://dxbhsrqyrr690.cloudfront.net/sidearm.nextgen.sites/nacda.com/documents/2021/7/1/July2OverallDI.pdf,1,wisconsin,Wisconsin,Under Armour,A,True
2020-21,California,Pac 12,40,532.75,Women's Rowing,63.0,86.51877133105802,spring,final_publication,63,9,9.0,False,63.0,63.0,printed_final,False,printed,matches_final_subtotal,https://dxbhsrqyrr690.cloudfront.net/sidearm.nextgen.sites/nacda.com/documents/2021/7/1/July2OverallDI.pdf,1,https://dxbhsrqyrr690.cloudfront.net/sidearm.nextgen.sites/nacda.com/documents/2021/7/1/July2OverallDI.pdf,1,california,California,Under Armour,A,True
2020-21,Rutgers,Big Ten,60,369.25,Women's Rowing,69.0,79.86348122866895,spring,final_publication,69,7,7.0,False,69.0,69.0,printed_final,False,printed,matches_final_subtotal,https://dxbhsrqyrr690.cloudfront.net/sidearm.nextgen.sites/nacda.com/documents/2021/7/1/July2OverallDI.pdf,2,https://dxbhsrqyrr690.cloudfront.net/sidearm.nextgen.sites/nacda.com/documents/2021/7/1/July2OverallDI.pdf,2,rutgers,Rutgers,adidas,A,True
2020-21,Syracuse,ACC,64,328.0,Women's Rowing,60.0,78.49829351535837,spring,final_publication,60,10,10.0,False,60.0,60.0,printed_final,False,printed,matches_final_subtotal,https://dxbhsrqyrr690.cloudfront.net/sidearm.nextgen.sites/nacda.com/documents/2021/7/1/July2OverallDI.pdf,2,https://dxbhsrqyrr690.cloudfront.net/sidearm.nextgen.sites/nacda.com/documents/2021/7/1/July2OverallDI.pdf,2,syracuse,Syracuse,Nike,C,True
2020-21,Gonzaga,WCC,83,206.5,Women's Rowing,34.0,72.01365187713311,spring,final_publication,34,20,20.0,False,34.0,34.0,printed_final,False,printed,matches_final_subtotal,https://dxbhsrqyrr690.cloudfront.net/sidearm.nextgen.sites/nacda.com/documents/2021/7/1/July2OverallDI.pdf,2,https://dxbhsrqyrr690.cloudfront.net/sidearm.nextgen.sites/nacda.com/documents/2021/7/1/July2OverallDI.pdf,2,gonzaga,Gonzaga,,unknown,False
2020-21,Navy,Patriot,86,203.5,Women's Rowing,38.0,70.98976109215018,spring,final_publication,38,18,18.0,False,38.0,38.0,printed_final,False,printed,matches_final_subtotal,https://dxbhsrqyrr690.cloudfront.net/sidearm.nextgen.sites/nacda.com/documents/2021/7/1/July2OverallDI.pdf,2,https://dxbhsrqyrr690.cloudfront.net/sidearm.nextgen.sites/nacda.com/documents/2021/7/1/July2OverallDI.pdf,2,navy,Navy,,unknown,False
2020-21,Washington State,Pac 12,90,175.75,Women's Rowing,45.0,69.6245733788396,spring,final_publication,45,15,15.0,False,45.0,45.0,printed_final,False,printed,matches_final_subtotal,https://dxbhsrqyrr690.cloudfront.net/sidearm.nextgen.sites/nacda.com/documents/2021/7/1/July2OverallDI.pdf,2,https://dxbhsrqyrr690.cloudfront.net/sidearm.nextgen.sites/nacda.com/documents/2021/7/1/July2OverallDI.pdf,2,washington_state,Washington State,,unknown,False
2020-21,Northeastern,CAA,101,151.0,Women's Rowing,36.0,65.8703071672355,spring,final_publication,36,19,19.0,False,36.0,36.0,printed_final,False,printed,matches_final_subtotal,https://dxbhsrqyrr690.cloudfront.net/sidearm.nextgen.sites/nacda.com/documents/2021/7/1/July2OverallDI.pdf,2,https://dxbhsrqyrr690.cloudfront.net/sidearm.nextgen.sites/nacda.com/documents/2021/7/1/July2OverallDI.pdf,2,northeastern,Northeastern,,unknown,False
2020-21,SMU,American,125,118.0,Women's Rowing,57.0,57.67918088737202,spring,final_publication,57,11,11.0,False,57.0,57.0,printed_final,False,printed,matches_final_subtotal,https://dxbhsrqyrr690.cloudfront.net/sidearm.nextgen.sites/nacda.com/documents/2021/7/1/July2OverallDI.pdf,3,https://dxbhsrqyrr690.cloudfront.net/sidearm.nextgen.sites/nacda.com/documents/2021/7/1/July2OverallDI.pdf,3,smu,SMU,Nike,C,True
2020-21,Marist,MAAC,130,115.0,Women's Rowing,30.0,55.972696245733786,spring,final_publication,30,22,22.0,False,30.0,30.0,printed_final,False,printed,matches_final_subtotal,https://dxbhsrqyrr690.cloudfront.net/sidearm.nextgen.sites/nacda.com/documents/2021/7/1/July2OverallDI.pdf,3,https://dxbhsrqyrr690.cloudfront.net/sidearm.nextgen.sites/nacda.com/documents/2021/7/1/July2OverallDI.pdf,3,marist,Marist,,unknown,False
2020-21,Brown,Ivy League,199,66.0,Women's Rowing,66.0,32.42320819112628,spring,final_publication,66,8,8.0,False,66.0,66.0,printed_final,False,printed,matches_final_subtotal,https://dxbhsrqyrr690.cloudfront.net/sidearm.nextgen.sites/nacda.com/documents/2021/7/1/July2OverallDI.pdf,4,https://dxbhsrqyrr690.cloudfront.net/sidearm.nextgen.sites/nacda.com/documents/2021/7/1/July2OverallDI.pdf,4,brown,Brown,,unknown,False
2020-21,Princeton,Ivy League,211,54.0,Women's Rowing,54.0,28.327645051194537,spring,final_publication,54,12,12.0,False,54.0,54.0,printed_final,False,printed,matches_final_subtotal,https://dxbhsrqyrr690.cloudfront.net/sidearm.nextgen.sites/nacda.com/documents/2021/7/1/July2OverallDI.pdf,4,https://dxbhsrqyrr690.cloudfront.net/sidearm.nextgen.sites/nacda.com/documents/2021/7/1/July2OverallDI.pdf,4,princeton,Princeton,,unknown,True
2020-21,Rhode Island,Atlantic 10,249,32.0,Women's Rowing,32.0,15.187713310580206,spring,final_publication,32,21,21.0,False,32.0,32.0,printed_final,False,printed,matches_final_subtotal,https://dxbhsrqyrr690.cloudfront.net/sidearm.nextgen.sites/nacda.com/documents/2021/7/1/July2OverallDI.pdf,5,https://dxbhsrqyrr690.cloudfront.net/sidearm.nextgen.sites/nacda.com/documents/2021/7/1/July2OverallDI.pdf,5,rhode_island,Rhode Island,,unknown,False
2021-22,Texas,Big 12,1,1449.5,Women's Rowing,100.0,100.0,spring,final_publication,100,1,1.0,False,100.0,100.0,printed_final,False,printed,matches_final_subtotal,https://dxbhsrqyrr690.cloudfront.net/sidearm.nextgen.sites/nacda.com/documents/2022/6/30/FinalDIstandings.pdf,1,https://dxbhsrqyrr690.cloudfront.net/sidearm.nextgen.sites/nacda.com/documents/2022/6/30/FinalDIstandings.pdf,1,texas,Texas,Nike,A,True
2021-22,Stanford,Pac-12,2,1352.25,Women's Rowing,90.0,99.66101694915255,spring,final_publication,90,2,2.0,False,90.0,90.0,printed_final,False,printed,matches_final_subtotal,https://dxbhsrqyrr690.cloudfront.net/sidearm.nextgen.sites/nacda.com/documents/2022/6/30/FinalDIstandings.pdf,1,https://dxbhsrqyrr690.cloudfront.net/sidearm.nextgen.sites/nacda.com/documents/2022/6/30/FinalDIstandings.pdf,1,stanford,Stanford,,unknown,True
2021-22,Michigan,Big Ten,3,1245.25,Women's Rowing,60.0,99.32203389830508,spring,final_publication,60,10,10.0,False,60.0,60.0,printed_final,False,printed,matches_final_subtotal,https://dxbhsrqyrr690.cloudfront.net/sidearm.nextgen.sites/nacda.com/documents/2022/6/30/FinalDIstandings.pdf,1,https://dxbhsrqyrr690.cloudfront.net/sidearm.nextgen.sites/nacda.com/documents/2022/6/30/FinalDIstandings.pdf,1,michigan,Michigan,Nike,A,True
2021-22,Ohio State,Big Ten,4,1184.5,Women's Rowing,66.0,98.98305084745763,spring,final_publication,66,8,8.0,False,66.0,66.0,printed_final,False,printed,matches_final_subtotal,https://dxbhsrqyrr690.cloudfront.net/sidearm.nextgen.sites/nacda.com/documents/2022/6/30/FinalDIstandings.pdf,1,https://dxbhsrqyrr690.cloudfront.net/sidearm.nextgen.sites/nacda.com/documents/2022/6/30/FinalDIstandings.pdf,1,ohio_state,Ohio State,Nike,A,True
2021-22,Virginia,ACC,11,942.5,Women's Rowing,63.0,96.61016949152544,spring,final_publication,63,9,9.0,False,63.0,63.0,printed_final,False,printed,matches_final_subtotal,https://dxbhsrqyrr690.cloudfront.net/sidearm.nextgen.sites/nacda.com/documents/2022/6/30/FinalDIstandings.pdf,1,https://dxbhsrqyrr690.cloudfront.net/sidearm.nextgen.sites/nacda.com/documents/2022/6/30/FinalDIstandings.pdf,1,virginia,Virginia,Nike,C,True
2021-22,USC,Pac-12,12,933.75,Women's Rowing,45.0,96.27118644067797,spring,final_publication,45,15,15.0,False,45.0,45.0,printed_final,False,printed,matches_final_subtotal,https://dxbhsrqyrr690.cloudfront.net/sidearm.nextgen.sites/nacda.com/documents/2022/6/30/FinalDIstandings.pdf,1,https://dxbhsrqyrr690.cloudfront.net/sidearm.nextgen.sites/nacda.com/documents/2022/6/30/FinalDIstandings.pdf,1,usc,USC,Nike,A,True
2021-22,Princeton,Ivy League,18,868.25,Women's Rowing,85.0,94.23728813559322,spring,final_publication,85,3,3.0,False,85.0,85.0,printed_final,False,printed,matches_final_subtotal,https://dxbhsrqyrr690.cloudfront.net/sidearm.nextgen.sites/nacda.com/documents/2022/6/30/FinalDIstandings.pdf,1,https://dxbhsrqyrr690.cloudfront.net/sidearm.nextgen.sites/nacda.com/documents/2022/6/30/FinalDIstandings.pdf,1,princeton,Princeton,Nike,B,True
2021-22,Duke,ACC,21,849.5,Women's Rowing,42.0,93.22033898305084,spring,final_publication,42,16,16.0,False,42.0,42.0,printed_final,False,printed,matches_final_subtotal,https://dxbhsrqyrr690.cloudfront.net/sidearm.nextgen.sites/nacda.com/documents/2022/6/30/FinalDIstandings.pdf,1,https://dxbhsrqyrr690.cloudfront.net/sidearm.nextgen.sites/nacda.com/documents/2022/6/30/FinalDIstandings.pdf,1,duke,Duke,Nike,A,True
2021-22,California,Pac-12,27,780.75,Women's Rowing,72.0,91.18644067796608,spring,final_publication,72,6,6.0,False,72.0,72.0,printed_final,False,printed,matches_final_subtotal,https://dxbhsrqyrr690.cloudfront.net/sidearm.nextgen.sites/nacda.com/documents/2022/6/30/FinalDIstandings.pdf,1,https://dxbhsrqyrr690.cloudfront.net/sidearm.nextgen.sites/nacda.com/documents/2022/6/30/FinalDIstandings.pdf,1,california,California,Under Armour,A,True
2021-22,Washington,Pac-12,30,730.25,Women's Rowing,80.0,90.16949152542372,spring,final_publication,80,4,4.0,False,80.0,80.0,printed_final,False,printed,matches_final_subtotal,https://dxbhsrqyrr690.cloudfront.net/sidearm.nextgen.sites/nacda.com/documents/2022/6/30/FinalDIstandings.pdf,1,https://dxbhsrqyrr690.cloudfront.net/sidearm.nextgen.sites/nacda.com/documents/2022/6/30/FinalDIstandings.pdf,1,washington,Washington,adidas,A,True
2021-22,Rutgers,Big Ten,48,518.5,Women's Rowing,51.0,84.06779661016948,spring,final_publication,51,13,13.0,False,51.0,51.0,printed_final,False,printed,matches_final_subtotal,https://dxbhsrqyrr690.cloudfront.net/sidearm.nextgen.sites/nacda.com/documents/2022/6/30/FinalDIstandings.pdf,1,https://dxbhsrqyrr690.cloudfront.net/sidearm.nextgen.sites/nacda.com/documents/2022/6/30/FinalDIstandings.pdf,1,rutgers,Rutgers,adidas,A,True
2021-22,Oregon State,Pac-12,51,512.0,Women's Rowing,48.0,83.05084745762711,spring,final_publication,48,14,14.0,False,48.0,48.0,printed_final,False,printed,matches_final_subtotal,https://dxbhsrqyrr690.cloudfront.net/sidearm.nextgen.sites/nacda.com/documents/2022/6/30/FinalDIstandings.pdf,1,https://dxbhsrqyrr690.cloudfront.net/sidearm.nextgen.sites/nacda.com/documents/2022/6/30/FinalDIstandings.pdf,1,oregon_state,Oregon State,,unknown,False
2021-22,Yale,Ivy League,56,434.5,Women's Rowing,75.0,81.35593220338984,spring,final_publication,75,5,5.0,False,75.0,75.0,printed_final,False,printed,matches_final_subtotal,https://dxbhsrqyrr690.cloudfront.net/sidearm.nextgen.sites/nacda.com/documents/2022/6/30/FinalDIstandings.pdf,2,https://dxbhsrqyrr690.cloudfront.net/sidearm.nextgen.sites/nacda.com/documents/2022/6/30/FinalDIstandings.pdf,2,yale,Yale,Under Armour,A,True
2021-22,Pennsylvania,Ivy League,60,406.5,Women's Rowing,57.0,80.0,spring,final_publication,57,11,11.0,False,57.0,57.0,printed_final,False,printed,matches_final_subtotal,https://dxbhsrqyrr690.cloudfront.net/sidearm.nextgen.sites/nacda.com/documents/2022/6/30/FinalDIstandings.pdf,2,https://dxbhsrqyrr690.cloudfront.net/sidearm.nextgen.sites/nacda.com/documents/2022/6/30/FinalDIstandings.pdf,2,pennsylvania,Pennsylvania,,unknown,False
2021-22,Syracuse,ACC,72,304.0,Women's Rowing,40.0,75.9322033898305,spring,final_publication,40,17,17.0,False,40.0,40.0,printed_final,False,printed,matches_final_subtotal,https://dxbhsrqyrr690.cloudfront.net/sidearm.nextgen.sites/nacda.com/documents/2022/6/30/FinalDIstandings.pdf,2,https://dxbhsrqyrr690.cloudfront.net/sidearm.nextgen.sites/nacda.com/documents/2022/6/30/FinalDIstandings.pdf,2,syracuse,Syracuse,Nike,C,True
2021-22,Gonzaga,WCC,78,264.5,Women's Rowing,38.0,73.89830508474576,spring,final_publication,38,18,18.0,False,38.0,38.0,printed_final,False,printed,matches_final_subtotal,https://dxbhsrqyrr690.cloudfront.net/sidearm.nextgen.sites/nacda.com/documents/2022/6/30/FinalDIstandings.pdf,2,https://dxbhsrqyrr690.cloudfront.net/sidearm.nextgen.sites/nacda.com/documents/2022/6/30/FinalDIstandings.pdf,2,gonzaga,Gonzaga,,unknown,False
2021-22,SMU,American,89,209.5,Women's Rowing,54.0,70.16949152542374,spring,final_publication,54,12,12.0,False,54.0,54.0,printed_final,False,printed,matches_final_subtotal,https://dxbhsrqyrr690.cloudfront.net/sidearm.nextgen.sites/nacda.com/documents/2022/6/30/FinalDIstandings.pdf,2,https://dxbhsrqyrr690.cloudfront.net/sidearm.nextgen.sites/nacda.com/documents/2022/6/30/FinalDIstandings.pdf,2,smu,SMU,Nike,C,True
2021-22,Brown,Ivy League,95,198.0,Women's Rowing,69.0,68.13559322033899,spring,final_publication,69,7,7.0,False,69.0,69.0,printed_final,False,printed,matches_final_subtotal,https://dxbhsrqyrr690.cloudfront.net/sidearm.nextgen.sites/nacda.com/documents/2022/6/30/FinalDIstandings.pdf,2,https://dxbhsrqyrr690.cloudfront.net/sidearm.nextgen.sites/nacda.com/documents/2022/6/30/FinalDIstandings.pdf,2,brown,Brown,,unknown,False
2021-22,Northeastern,CAA,119,142.0,Women's Rowing,34.0,59.83050847457627,spring,final_publication,34,20,20.0,False,34.0,34.0,printed_final,False,printed,matches_final_subtotal,https://dxbhsrqyrr690.cloudfront.net/sidearm.nextgen.sites/nacda.com/documents/2022/6/30/FinalDIstandings.pdf,3,https://dxbhsrqyrr690.cloudfront.net/sidearm.nextgen.sites/nacda.com/documents/2022/6/30/FinalDIstandings.pdf,3,northeastern,Northeastern,,unknown,False
2021-22,Boston University,Patriot,166,99.5,Women's Rowing,36.0,44.06779661016949,spring,final_publication,36,19,19.0,False,36.0,36.0,printed_final,False,printed,matches_final_subtotal,https://dxbhsrqyrr690.cloudfront.net/sidearm.nextgen.sites/nacda.com/documents/2022/6/30/FinalDIstandings.pdf,4,https://dxbhsrqyrr690.cloudfront.net/sidearm.nextgen.sites/nacda.com/documents/2022/6/30/FinalDIstandings.pdf,4,boston_university,Boston University,,unknown,False
2021-22,Jacksonville,ASUN,188,83.0,Women's Rowing,30.0,36.271186440677965,spring,final_publication,30,22,22.0,False,30.0,30.0,printed_final,False,printed,matches_final_subtotal,https://dxbhsrqyrr690.cloudfront.net/sidearm.nextgen.sites/nacda.com/documents/2022/6/30/FinalDIstandings.pdf,4,https://dxbhsrqyrr690.cloudfront.net/sidearm.nextgen.sites/nacda.com/documents/2022/6/30/FinalDIstandings.pdf,4,jacksonville,Jacksonville,,unknown,False
2021-22,Rhode Island,Atlantic 10,256,32.0,Women's Rowing,32.0,13.389830508474576,spring,final_publication,32,21,21.0,False,32.0,32.0,printed_final,False,printed,matches_final_subtotal,https://dxbhsrqyrr690.cloudfront.net/sidearm.nextgen.sites/nacda.com/documents/2022/6/30/FinalDIstandings.pdf,5,https://dxbhsrqyrr690.cloudfront.net/sidearm.nextgen.sites/nacda.com/documents/2022/6/30/FinalDIstandings.pdf,5,rhode_island,Rhode Island,,unknown,False
2022-23,Stanford,Pac-12,1,1412.0,Women's Rowing,100.0,100.0,spring,final_publication,100,1,1.0,False,100.0,100.0,printed_final,False,printed,matches_final_subtotal,https://dxbhsrqyrr690.cloudfront.net/sidearm.nextgen.sites/nacda.com/documents/2023/6/27/Final22.23Standings.pdf,1,https://dxbhsrqyrr690.cloudfront.net/sidearm.nextgen.sites/nacda.com/documents/2023/6/27/Final22.23Standings.pdf,1,stanford,Stanford,Nike,A,True
2022-23,Texas,Big 12,2,1370.5,Women's Rowing,80.0,99.672131147541,spring,final_publication,80,4,4.0,False,80.0,80.0,printed_final,False,printed,matches_final_subtotal,https://dxbhsrqyrr690.cloudfront.net/sidearm.nextgen.sites/nacda.com/documents/2023/6/27/Final22.23Standings.pdf,1,https://dxbhsrqyrr690.cloudfront.net/sidearm.nextgen.sites/nacda.com/documents/2023/6/27/Final22.23Standings.pdf,1,texas,Texas,Nike,A,True
2022-23,Ohio State,Big Ten,3,1170.75,Women's Rowing,54.0,99.34426229508196,spring,final_publication,54,12,12.0,False,54.0,54.0,printed_final,False,printed,matches_final_subtotal,https://dxbhsrqyrr690.cloudfront.net/sidearm.nextgen.sites/nacda.com/documents/2023/6/27/Final22.23Standings.pdf,1,https://dxbhsrqyrr690.cloudfront.net/sidearm.nextgen.sites/nacda.com/documents/2023/6/27/Final22.23Standings.pdf,1,ohio_state,Ohio State,Nike,A,True
2022-23,Virginia,ACC,4,1105.5,Women's Rowing,60.0,99.01639344262296,spring,final_publication,60,10,10.0,False,60.0,60.0,printed_final,False,printed,matches_final_subtotal,https://dxbhsrqyrr690.cloudfront.net/sidearm.nextgen.sites/nacda.com/documents/2023/6/27/Final22.23Standings.pdf,1,https://dxbhsrqyrr690.cloudfront.net/sidearm.nextgen.sites/nacda.com/documents/2023/6/27/Final22.23Standings.pdf,1,virginia,Virginia,Nike,C,True
2022-23,USC,Pac-12,10,1048.0,Women's Rowing,42.0,97.04918032786884,spring,final_publication,42,16,16.0,False,42.0,42.0,printed_final,False,printed,matches_final_subtotal,https://dxbhsrqyrr690.cloudfront.net/sidearm.nextgen.sites/nacda.com/documents/2023/6/27/Final22.23Standings.pdf,1,https://dxbhsrqyrr690.cloudfront.net/sidearm.nextgen.sites/nacda.com/documents/2023/6/27/Final22.23Standings.pdf,1,usc,USC,Nike,A,True
2022-23,Michigan,Big Ten,11,1045.75,Women's Rowing,57.0,96.72131147540983,spring,final_publication,57,11,11.0,False,57.0,57.0,printed_final,False,printed,matches_final_subtotal,https://dxbhsrqyrr690.cloudfront.net/sidearm.nextgen.sites/nacda.com/documents/2023/6/27/Final22.23Standings.pdf,1,https://dxbhsrqyrr690.cloudfront.net/sidearm.nextgen.sites/nacda.com/documents/2023/6/27/Final22.23Standings.pdf,1,michigan,Michigan,Nike,A,True
2022-23,Duke,ACC,16,977.8,Women's Rowing,48.0,95.08196721311477,spring,final_publication,48,14,14.0,False,48.0,48.0,printed_final,False,printed,matches_final_subtotal,https://dxbhsrqyrr690.cloudfront.net/sidearm.nextgen.sites/nacda.com/documents/2023/6/27/Final22.23Standings.pdf,1,https://dxbhsrqyrr690.cloudfront.net/sidearm.nextgen.sites/nacda.com/documents/2023/6/27/Final22.23Standings.pdf,1,duke,Duke,Nike,A,True
2022-23,Washington,Pac-12,21,861.75,Women's Rowing,90.0,93.44262295081968,spring,final_publication,90,2,2.0,False,90.0,90.0,printed_final,False,printed,matches_final_subtotal,https://dxbhsrqyrr690.cloudfront.net/sidearm.nextgen.sites/nacda.com/documents/2023/6/27/Final22.23Standings.pdf,1,https://dxbhsrqyrr690.cloudfront.net/sidearm.nextgen.sites/nacda.com/documents/2023/6/27/Final22.23Standings.pdf,1,washington,Washington,adidas,A,True
2022-23,California,Pac-12,22,833.25,Women's Rowing,66.0,93.11475409836063,spring,final_publication,66,8,8.0,False,66.0,66.0,printed_final,False,printed,matches_final_subtotal,https://dxbhsrqyrr690.cloudfront.net/sidearm.nextgen.sites/nacda.com/documents/2023/6/27/Final22.23Standings.pdf,1,https://dxbhsrqyrr690.cloudfront.net/sidearm.nextgen.sites/nacda.com/documents/2023/6/27/Final22.23Standings.pdf,1,california,California,Under Armour,A,True
2022-23,Princeton,Ivy League,26,799.0,Women's Rowing,85.0,91.8032786885246,spring,final_publication,85,3,3.0,False,85.0,85.0,printed_final,False,printed,matches_final_subtotal,https://dxbhsrqyrr690.cloudfront.net/sidearm.nextgen.sites/nacda.com/documents/2023/6/27/Final22.23Standings.pdf,1,https://dxbhsrqyrr690.cloudfront.net/sidearm.nextgen.sites/nacda.com/documents/2023/6/27/Final22.23Standings.pdf,1,princeton,Princeton,Nike,B,True
2022-23,Indiana,Big Ten,40,581.5,Women's Rowing,40.0,87.21311475409837,spring,final_publication,40,17,17.0,False,40.0,40.0,printed_final,False,printed,matches_final_subtotal,https://dxbhsrqyrr690.cloudfront.net/sidearm.nextgen.sites/nacda.com/documents/2023/6/27/Final22.23Standings.pdf,1,https://dxbhsrqyrr690.cloudfront.net/sidearm.nextgen.sites/nacda.com/documents/2023/6/27/Final22.23Standings.pdf,1,indiana,Indiana,adidas,A,True
2022-23,Syracuse,ACC,45,559.5,Women's Rowing,51.0,85.57377049180329,spring,final_publication,51,13,13.0,False,51.0,51.0,printed_final,False,printed,matches_final_subtotal,https://dxbhsrqyrr690.cloudfront.net/sidearm.nextgen.sites/nacda.com/documents/2023/6/27/Final22.23Standings.pdf,1,https://dxbhsrqyrr690.cloudfront.net/sidearm.nextgen.sites/nacda.com/documents/2023/6/27/Final22.23Standings.pdf,1,syracuse,Syracuse,Nike,C,True
2022-23,Pennsylvania,Ivy League,60,409.6,Women's Rowing,72.0,80.65573770491802,spring,final_publication,72,6,6.0,False,72.0,72.0,printed_final,False,printed,matches_final_subtotal,https://dxbhsrqyrr690.cloudfront.net/sidearm.nextgen.sites/nacda.com/documents/2023/6/27/Final22.23Standings.pdf,1,https://dxbhsrqyrr690.cloudfront.net/sidearm.nextgen.sites/nacda.com/documents/2023/6/27/Final22.23Standings.pdf,1,pennsylvania,Pennsylvania,,unknown,False
2022-23,SMU,American,73,279.25,Women's Rowing,63.0,76.39344262295083,spring,final_publication,63,9,9.0,False,63.0,63.0,printed_final,False,printed,matches_final_subtotal,https://dxbhsrqyrr690.cloudfront.net/sidearm.nextgen.sites/nacda.com/documents/2023/6/27/Final22.23Standings.pdf,2,https://dxbhsrqyrr690.cloudfront.net/sidearm.nextgen.sites/nacda.com/documents/2023/6/27/Final22.23Standings.pdf,2,smu,SMU,Nike,C,True
2022-23,Yale,Ivy League,75,273.0,Women's Rowing,75.0,75.73770491803279,spring,final_publication,75,5,5.0,False,75.0,75.0,printed_final,False,printed,matches_final_subtotal,https://dxbhsrqyrr690.cloudfront.net/sidearm.nextgen.sites/nacda.com/documents/2023/6/27/Final22.23Standings.pdf,2,https://dxbhsrqyrr690.cloudfront.net/sidearm.nextgen.sites/nacda.com/documents/2023/6/27/Final22.23Standings.pdf,2,yale,Yale,Under Armour,A,True
2022-23,Gonzaga,WCC,81,226.0,Women's Rowing,36.0,73.77049180327869,spring,final_publication,36,19,19.0,False,36.0,36.0,printed_final,False,printed,matches_final_subtotal,https://dxbhsrqyrr690.cloudfront.net/sidearm.nextgen.sites/nacda.com/documents/2023/6/27/Final22.23Standings.pdf,2,https://dxbhsrqyrr690.cloudfront.net/sidearm.nextgen.sites/nacda.com/documents/2023/6/27/Final22.23Standings.pdf,2,gonzaga,Gonzaga,,unknown,False
2022-23,Northeastern,CAA,103,172.0,Women's Rowing,38.0,66.39344262295081,spring,final_publication,38,18,18.0,False,38.0,38.0,printed_final,False,printed,matches_final_subtotal,https://dxbhsrqyrr690.cloudfront.net/sidearm.nextgen.sites/nacda.com/documents/2023/6/27/Final22.23Standings.pdf,2,https://dxbhsrqyrr690.cloudfront.net/sidearm.nextgen.sites/nacda.com/documents/2023/6/27/Final22.23Standings.pdf,2,northeastern,Northeastern,,unknown,False
2022-23,Navy,Patriot,118,154.5,Women's Rowing,32.0,61.63934426229508,spring,final_publication,32,21,21.0,False,32.0,32.0,printed_final,False,printed,matches_final_subtotal,https://dxbhsrqyrr690.cloudfront.net/sidearm.nextgen.sites/nacda.com/documents/2023/6/27/Final22.23Standings.pdf,2,https://dxbhsrqyrr690.cloudfront.net/sidearm.nextgen.sites/nacda.com/documents/2023/6/27/Final22.23Standings.pdf,2,navy,Navy,,unknown,False
2022-23,Brown,Ivy League,122,147.0,Women's Rowing,69.0,60.32786885245902,spring,final_publication,69,7,7.0,False,69.0,69.0,printed_final,False,printed,matches_final_subtotal,https://dxbhsrqyrr690.cloudfront.net/sidearm.nextgen.sites/nacda.com/documents/2023/6/27/Final22.23Standings.pdf,2,https://dxbhsrqyrr690.cloudfront.net/sidearm.nextgen.sites/nacda.com/documents/2023/6/27/Final22.23Standings.pdf,2,brown,Brown,,unknown,False
2022-23,Rutgers,Big Ten,130,134.5,Women's Rowing,45.0,57.70491803278689,spring,final_publication,45,15,15.0,False,45.0,45.0,printed_final,False,printed,matches_final_subtotal,https://dxbhsrqyrr690.cloudfront.net/sidearm.nextgen.sites/nacda.com/documents/2023/6/27/Final22.23Standings.pdf,2,https://dxbhsrqyrr690.cloudfront.net/sidearm.nextgen.sites/nacda.com/documents/2023/6/27/Final22.23Standings.pdf,2,rutgers,Rutgers,adidas,A,True
2022-23,Jacksonville,ASUN,209,55.0,Women's Rowing,30.0,31.311475409836063,spring,final_publication,30,22,22.0,False,30.0,30.0,printed_final,False,printed,matches_final_subtotal,https://dxbhsrqyrr690.cloudfront.net/sidearm.nextgen.sites/nacda.com/documents/2023/6/27/Final22.23Standings.pdf,4,https://dxbhsrqyrr690.cloudfront.net/sidearm.nextgen.sites/nacda.com/documents/2023/6/27/Final22.23Standings.pdf,4,jacksonville,Jacksonville,,unknown,False
2022-23,George Washington,Atlantic 10,254,34.0,Women's Rowing,34.0,16.885245901639344,spring,final_publication,34,20,20.0,False,34.0,34.0,printed_final,False,printed,matches_final_subtotal,https://dxbhsrqyrr690.cloudfront.net/sidearm.nextgen.sites/nacda.com/documents/2023/6/27/Final22.23Standings.pdf,4,https://dxbhsrqyrr690.cloudfront.net/sidearm.nextgen.sites/nacda.com/documents/2023/6/27/Final22.23Standings.pdf,4,george_washington,George Washington,,unknown,False
2023-24,Texas,Big 12,1,1377.0,Women's Rowing,100.0,100.0,spring,final_publication,100,1,1.0,False,100.0,100.0,printed_final,False,printed,matches_final_subtotal,https://dxbhsrqyrr690.cloudfront.net/sidearm.nextgen.sites/nacda.com/documents/2024/6/26/23.24FinalDI.pdf,1,https://dxbhsrqyrr690.cloudfront.net/sidearm.nextgen.sites/nacda.com/documents/2024/6/26/23.24FinalDI.pdf,1,texas,Texas,Nike,A,True
2023-24,Stanford,Pac-12,2,1312.75,Women's Rowing,90.0,99.67845659163989,spring,final_publication,90,2,2.0,False,90.0,90.0,printed_final,False,printed,matches_final_subtotal,https://dxbhsrqyrr690.cloudfront.net/sidearm.nextgen.sites/nacda.com/documents/2024/6/26/23.24FinalDI.pdf,1,https://dxbhsrqyrr690.cloudfront.net/sidearm.nextgen.sites/nacda.com/documents/2024/6/26/23.24FinalDI.pdf,1,stanford,Stanford,,unknown,True
2023-24,Tennessee,SEC,3,1217.0,Women's Rowing,85.0,99.35691318327974,spring,final_publication,85,3,3.0,False,85.0,85.0,printed_final,False,printed,matches_final_subtotal,https://dxbhsrqyrr690.cloudfront.net/sidearm.nextgen.sites/nacda.com/documents/2024/6/26/23.24FinalDI.pdf,1,https://dxbhsrqyrr690.cloudfront.net/sidearm.nextgen.sites/nacda.com/documents/2024/6/26/23.24FinalDI.pdf,1,tennessee,Tennessee,Nike,A,True
2023-24,Virginia,ACC,5,1066.25,Women's Rowing,51.0,98.71382636655947,spring,final_publication,51,13,13.0,False,51.0,51.0,printed_final,False,printed,matches_final_subtotal,https://dxbhsrqyrr690.cloudfront.net/sidearm.nextgen.sites/nacda.com/documents/2024/6/26/23.24FinalDI.pdf,1,https://dxbhsrqyrr690.cloudfront.net/sidearm.nextgen.sites/nacda.com/documents/2024/6/26/23.24FinalDI.pdf,1,virginia,Virginia,Nike,C,True
2023-24,Michigan,Big Ten,8,1030.0,Women's Rowing,69.0,97.7491961414791,spring,final_publication,69,7,7.0,False,69.0,69.0,printed_final,False,printed,matches_final_subtotal,https://dxbhsrqyrr690.cloudfront.net/sidearm.nextgen.sites/nacda.com/documents/2024/6/26/23.24FinalDI.pdf,1,https://dxbhsrqyrr690.cloudfront.net/sidearm.nextgen.sites/nacda.com/documents/2024/6/26/23.24FinalDI.pdf,1,michigan,Michigan,Nike,A,True
2023-24,Ohio State,Big Ten,15,981.0,Women's Rowing,54.0,95.4983922829582,spring,final_publication,54,12,12.0,False,54.0,54.0,printed_final,False,printed,matches_final_subtotal,https://dxbhsrqyrr690.cloudfront.net/sidearm.nextgen.sites/nacda.com/documents/2024/6/26/23.24FinalDI.pdf,1,https://dxbhsrqyrr690.cloudfront.net/sidearm.nextgen.sites/nacda.com/documents/2024/6/26/23.24FinalDI.pdf,1,ohio_state,Ohio State,Nike,A,True
2023-24,Duke,ACC,17,928.5,Women's Rowing,42.0,94.85530546623794,spring,final_publication,42,16,16.0,False,42.0,42.0,printed_final,False,printed,matches_final_subtotal,https://dxbhsrqyrr690.cloudfront.net/sidearm.nextgen.sites/nacda.com/documents/2024/6/26/23.24FinalDI.pdf,1,https://dxbhsrqyrr690.cloudfront.net/sidearm.nextgen.sites/nacda.com/documents/2024/6/26/23.24FinalDI.pdf,1,duke,Duke,Nike,A,True
2023-24,California,Pac-12,20,886.0,Women's Rowing,63.0,93.89067524115757,spring,final_publication,63,9,9.0,False,63.0,63.0,printed_final,False,printed,matches_final_subtotal,https://dxbhsrqyrr690.cloudfront.net/sidearm.nextgen.sites/nacda.com/documents/2024/6/26/23.24FinalDI.pdf,1,https://dxbhsrqyrr690.cloudfront.net/sidearm.nextgen.sites/nacda.com/documents/2024/6/26/23.24FinalDI.pdf,1,california,California,Nike,A,True
2023-24,Washington,Pac-12,26,716.5,Women's Rowing,75.0,91.96141479099678,spring,final_publication,75,5,5.0,False,75.0,75.0,printed_final,False,printed,matches_final_subtotal,https://dxbhsrqyrr690.cloudfront.net/sidearm.nextgen.sites/nacda.com/documents/2024/6/26/23.24FinalDI.pdf,1,https://dxbhsrqyrr690.cloudfront.net/sidearm.nextgen.sites/nacda.com/documents/2024/6/26/23.24FinalDI.pdf,1,washington,Washington,adidas,A,True
2023-24,Princeton,Ivy League,34,654.5,Women's Rowing,80.0,89.38906752411575,spring,final_publication,80,4,4.0,False,80.0,80.0,printed_final,False,printed,matches_final_subtotal,https://dxbhsrqyrr690.cloudfront.net/sidearm.nextgen.sites/nacda.com/documents/2024/6/26/23.24FinalDI.pdf,1,https://dxbhsrqyrr690.cloudfront.net/sidearm.nextgen.sites/nacda.com/documents/2024/6/26/23.24FinalDI.pdf,1,princeton,Princeton,,unknown,True
2023-24,Indiana,Big Ten,41,564.0,Women's Rowing,45.0,87.13826366559485,spring,final_publication,45,15,15.0,False,45.0,45.0,printed_final,False,printed,matches_final_subtotal,https://dxbhsrqyrr690.cloudfront.net/sidearm.nextgen.sites/nacda.com/documents/2024/6/26/23.24FinalDI.pdf,1,https://dxbhsrqyrr690.cloudfront.net/sidearm.nextgen.sites/nacda.com/documents/2024/6/26/23.24FinalDI.pdf,1,indiana,Indiana,adidas,A,True
2023-24,Syracuse,ACC,44,538.0,Women's Rowing,57.0,86.17363344051448,spring,final_publication,57,11,11.0,False,57.0,57.0,printed_final,False,printed,matches_final_subtotal,https://dxbhsrqyrr690.cloudfront.net/sidearm.nextgen.sites/nacda.com/documents/2024/6/26/23.24FinalDI.pdf,1,https://dxbhsrqyrr690.cloudfront.net/sidearm.nextgen.sites/nacda.com/documents/2024/6/26/23.24FinalDI.pdf,1,syracuse,Syracuse,Nike,C,True
2023-24,Pennsylvania,Ivy League,52,459.0,Women's Rowing,60.0,83.60128617363344,spring,final_publication,60,10,10.0,False,60.0,60.0,printed_final,False,printed,matches_final_subtotal,https://dxbhsrqyrr690.cloudfront.net/sidearm.nextgen.sites/nacda.com/documents/2024/6/26/23.24FinalDI.pdf,1,https://dxbhsrqyrr690.cloudfront.net/sidearm.nextgen.sites/nacda.com/documents/2024/6/26/23.24FinalDI.pdf,1,pennsylvania,Pennsylvania,,unknown,False
2023-24,SMU,American,54,447.5,Women's Rowing,32.0,82.95819935691318,spring,final_publication,32,21,21.0,False,32.0,32.0,printed_final,False,printed,matches_final_subtotal,https://dxbhsrqyrr690.cloudfront.net/sidearm.nextgen.sites/nacda.com/documents/2024/6/26/23.24FinalDI.pdf,1,https://dxbhsrqyrr690.cloudfront.net/sidearm.nextgen.sites/nacda.com/documents/2024/6/26/23.24FinalDI.pdf,1,smu,SMU,Nike,C,True
2023-24,Rutgers,Big Ten,66,368.5,Women's Rowing,48.0,79.09967845659163,spring,final_publication,48,14,14.0,False,48.0,48.0,printed_final,False,printed,matches_final_subtotal,https://dxbhsrqyrr690.cloudfront.net/sidearm.nextgen.sites/nacda.com/documents/2024/6/26/23.24FinalDI.pdf,1,https://dxbhsrqyrr690.cloudfront.net/sidearm.nextgen.sites/nacda.com/documents/2024/6/26/23.24FinalDI.pdf,1,rutgers,Rutgers,adidas,A,True
2023-24,Yale,Ivy League,72,329.0,Women's Rowing,66.0,77.17041800643086,spring,final_publication,66,8,8.0,False,66.0,66.0,printed_final,False,printed,matches_final_subtotal,https://dxbhsrqyrr690.cloudfront.net/sidearm.nextgen.sites/nacda.com/documents/2024/6/26/23.24FinalDI.pdf,2,https://dxbhsrqyrr690.cloudfront.net/sidearm.nextgen.sites/nacda.com/documents/2024/6/26/23.24FinalDI.pdf,2,yale,Yale,Under Armour,A,True
2023-24,Gonzaga,WCC,77,292.0,Women's Rowing,40.0,75.40192926045016,spring,final_publication,40,17,17.0,False,40.0,40.0,printed_final,False,printed,matches_final_subtotal,https://dxbhsrqyrr690.cloudfront.net/sidearm.nextgen.sites/nacda.com/documents/2024/6/26/23.24FinalDI.pdf,2,https://dxbhsrqyrr690.cloudfront.net/sidearm.nextgen.sites/nacda.com/documents/2024/6/26/23.24FinalDI.pdf,2,gonzaga,Gonzaga,,unknown,False
2023-24,Boston University,Patriot,93,206.5,Women's Rowing,36.0,70.41800643086816,spring,final_publication,36,19,19.0,False,36.0,36.0,printed_final,False,printed,matches_final_subtotal,https://dxbhsrqyrr690.cloudfront.net/sidearm.nextgen.sites/nacda.com/documents/2024/6/26/23.24FinalDI.pdf,2,https://dxbhsrqyrr690.cloudfront.net/sidearm.nextgen.sites/nacda.com/documents/2024/6/26/23.24FinalDI.pdf,2,boston_university,Boston University,,unknown,False
2023-24,Brown,Ivy League,100,188.0,Women's Rowing,72.0,68.16720257234726,spring,final_publication,72,6,6.0,False,72.0,72.0,printed_final,False,printed,matches_final_subtotal,https://dxbhsrqyrr690.cloudfront.net/sidearm.nextgen.sites/nacda.com/documents/2024/6/26/23.24FinalDI.pdf,2,https://dxbhsrqyrr690.cloudfront.net/sidearm.nextgen.sites/nacda.com/documents/2024/6/26/23.24FinalDI.pdf,2,brown,Brown,,unknown,False
2023-24,Northeastern,CAA,204,61.5,Women's Rowing,38.0,34.726688102893895,spring,final_publication,38,18,18.0,False,38.0,38.0,printed_final,False,printed,matches_final_subtotal,https://dxbhsrqyrr690.cloudfront.net/sidearm.nextgen.sites/nacda.com/documents/2024/6/26/23.24FinalDI.pdf,4,https://dxbhsrqyrr690.cloudfront.net/sidearm.nextgen.sites/nacda.com/documents/2024/6/26/23.24FinalDI.pdf,4,northeastern,Northeastern,,unknown,False
2023-24,Rhode Island,Atlantic 10,247,34.0,Women's Rowing,34.0,20.418006430868168,spring,final_publication,34,20,20.0,False,34.0,34.0,printed_final,False,printed,matches_final_subtotal,https://dxbhsrqyrr690.cloudfront.net/sidearm.nextgen.sites/nacda.com/documents/2024/6/26/23.24FinalDI.pdf,4,https://dxbhsrqyrr690.cloudfront.net/sidearm.nextgen.sites/nacda.com/documents/2024/6/26/23.24FinalDI.pdf,4,rhode_island,Rhode Island,,unknown,False
2023-24,Jacksonville,ASUN,253,30.0,Women's Rowing,30.0,18.167202572347264,spring,final_publication,30,22,22.0,False,30.0,30.0,printed_final,False,printed,matches_final_subtotal,https://dxbhsrqyrr690.cloudfront.net/sidearm.nextgen.sites/nacda.com/documents/2024/6/26/23.24FinalDI.pdf,4,https://dxbhsrqyrr690.cloudfront.net/sidearm.nextgen.sites/nacda.com/documents/2024/6/26/23.24FinalDI.pdf,4,jacksonville,Jacksonville,,unknown,False
2024-25,Texas,SEC,1,1255.25,Women's Rowing,85.0,100.0,spring,final_publication,85,3,3.0,False,85.0,85.0,printed_final,False,printed,matches_final_subtotal,https://dxbhsrqyrr690.cloudfront.net/sidearm.nextgen.sites/nacda.com/documents/2025/6/23/24.25DivIStandingsFinal.pdf,1,https://dxbhsrqyrr690.cloudfront.net/sidearm.nextgen.sites/nacda.com/documents/2025/6/23/24.25DivIStandingsFinal.pdf,1,texas,Texas,Nike,A,True
2024-25,Stanford,ACC,3,1251.0,Women's Rowing,100.0,99.33993399339934,spring,final_publication,100,1,1.0,False,100.0,100.0,printed_final,False,printed,matches_final_subtotal,https://dxbhsrqyrr690.cloudfront.net/sidearm.nextgen.sites/nacda.com/documents/2025/6/23/24.25DivIStandingsFinal.pdf,1,https://dxbhsrqyrr690.cloudfront.net/sidearm.nextgen.sites/nacda.com/documents/2025/6/23/24.25DivIStandingsFinal.pdf,1,stanford,Stanford,,unknown,True
2024-25,Tennessee,SEC,6,1078.0,Women's Rowing,75.0,98.34983498349835,spring,final_publication,75,5,5.0,False,75.0,75.0,printed_final,False,printed,matches_final_subtotal,https://dxbhsrqyrr690.cloudfront.net/sidearm.nextgen.sites/nacda.com/documents/2025/6/23/24.25DivIStandingsFinal.pdf,1,https://dxbhsrqyrr690.cloudfront.net/sidearm.nextgen.sites/nacda.com/documents/2025/6/23/24.25DivIStandingsFinal.pdf,1,tennessee,Tennessee,Nike,A,True
2024-25,Virginia,ACC,12,966.0,Women's Rowing,60.0,96.36963696369637,spring,final_publication,60,10,10.0,False,60.0,60.0,printed_final,False,printed,matches_final_subtotal,https://dxbhsrqyrr690.cloudfront.net/sidearm.nextgen.sites/nacda.com/documents/2025/6/23/24.25DivIStandingsFinal.pdf,1,https://dxbhsrqyrr690.cloudfront.net/sidearm.nextgen.sites/nacda.com/documents/2025/6/23/24.25DivIStandingsFinal.pdf,1,virginia,Virginia,Nike,C,True
2024-25,Michigan,Big Ten,13,928.5,Women's Rowing,57.0,96.03960396039604,spring,final_publication,57,11,11.0,False,57.0,57.0,printed_final,False,printed,matches_final_subtotal,https://dxbhsrqyrr690.cloudfront.net/sidearm.nextgen.sites/nacda.com/documents/2025/6/23/24.25DivIStandingsFinal.pdf,1,https://dxbhsrqyrr690.cloudfront.net/sidearm.nextgen.sites/nacda.com/documents/2025/6/23/24.25DivIStandingsFinal.pdf,1,michigan,Michigan,Nike,A,True
2024-25,California,ACC,24,819.75,Women's Rowing,63.0,92.4092409240924,spring,final_publication,63,9,9.0,False,63.0,63.0,printed_final,False,printed,matches_final_subtotal,https://dxbhsrqyrr690.cloudfront.net/sidearm.nextgen.sites/nacda.com/documents/2025/6/23/24.25DivIStandingsFinal.pdf,1,https://dxbhsrqyrr690.cloudfront.net/sidearm.nextgen.sites/nacda.com/documents/2025/6/23/24.25DivIStandingsFinal.pdf,1,california,California,Nike,A,True
2024-25,Washington,Big Ten,32,722.2,Women's Rowing,80.0,89.76897689768977,spring,final_publication,80,4,4.0,False,80.0,80.0,printed_final,False,printed,matches_final_subtotal,https://dxbhsrqyrr690.cloudfront.net/sidearm.nextgen.sites/nacda.com/documents/2025/6/23/24.25DivIStandingsFinal.pdf,1,https://dxbhsrqyrr690.cloudfront.net/sidearm.nextgen.sites/nacda.com/documents/2025/6/23/24.25DivIStandingsFinal.pdf,1,washington,Washington,adidas,A,True
2024-25,Princeton,Ivy League,33,698.5,Women's Rowing,72.0,89.43894389438944,spring,final_publication,72,6,6.0,False,72.0,72.0,printed_final,False,printed,matches_final_subtotal,https://dxbhsrqyrr690.cloudfront.net/sidearm.nextgen.sites/nacda.com/documents/2025/6/23/24.25DivIStandingsFinal.pdf,1,https://dxbhsrqyrr690.cloudfront.net/sidearm.nextgen.sites/nacda.com/documents/2025/6/23/24.25DivIStandingsFinal.pdf,1,princeton,Princeton,,unknown,True
2024-25,Harvard,Ivy League,36,674.25,Women's Rowing,51.0,88.44884488448845,spring,final_publication,51,13,13.0,False,51.0,51.0,printed_final,False,printed,matches_final_subtotal,https://dxbhsrqyrr690.cloudfront.net/sidearm.nextgen.sites/nacda.com/documents/2025/6/23/24.25DivIStandingsFinal.pdf,1,https://dxbhsrqyrr690.cloudfront.net/sidearm.nextgen.sites/nacda.com/documents/2025/6/23/24.25DivIStandingsFinal.pdf,1,harvard,Harvard,,unknown,True
2024-25,Indiana,Big Ten,51,489.5,Women's Rowing,48.0,83.4983498349835,spring,final_publication,48,14,14.0,False,48.0,48.0,printed_final,False,printed,matches_final_subtotal,https://dxbhsrqyrr690.cloudfront.net/sidearm.nextgen.sites/nacda.com/documents/2025/6/23/24.25DivIStandingsFinal.pdf,1,https://dxbhsrqyrr690.cloudfront.net/sidearm.nextgen.sites/nacda.com/documents/2025/6/23/24.25DivIStandingsFinal.pdf,1,indiana,Indiana,adidas,A,True
2024-25,Syracuse,ACC,61,407.0,Women's Rowing,54.0,80.19801980198021,spring,final_publication,54,12,12.0,False,54.0,54.0,printed_final,False,printed,matches_final_subtotal,https://dxbhsrqyrr690.cloudfront.net/sidearm.nextgen.sites/nacda.com/documents/2025/6/23/24.25DivIStandingsFinal.pdf,1,https://dxbhsrqyrr690.cloudfront.net/sidearm.nextgen.sites/nacda.com/documents/2025/6/23/24.25DivIStandingsFinal.pdf,1,syracuse,Syracuse,Nike,C,True
2024-25,Yale,Ivy League,67,356.5,Women's Rowing,90.0,78.21782178217822,spring,final_publication,90,2,2.0,False,90.0,90.0,printed_final,False,printed,matches_final_subtotal,https://dxbhsrqyrr690.cloudfront.net/sidearm.nextgen.sites/nacda.com/documents/2025/6/23/24.25DivIStandingsFinal.pdf,2,https://dxbhsrqyrr690.cloudfront.net/sidearm.nextgen.sites/nacda.com/documents/2025/6/23/24.25DivIStandingsFinal.pdf,2,yale,Yale,Under Armour,A,True
2024-25,Pennsylvania,Ivy League,68,341.0,Women's Rowing,40.0,77.88778877887789,spring,final_publication,40,17,17.0,False,40.0,40.0,printed_final,False,printed,matches_final_subtotal,https://dxbhsrqyrr690.cloudfront.net/sidearm.nextgen.sites/nacda.com/documents/2025/6/23/24.25DivIStandingsFinal.pdf,2,https://dxbhsrqyrr690.cloudfront.net/sidearm.nextgen.sites/nacda.com/documents/2025/6/23/24.25DivIStandingsFinal.pdf,2,pennsylvania,Pennsylvania,,unknown,False
2024-25,Boston University,Patriot,73,314.5,Women's Rowing,34.0,76.23762376237624,spring,final_publication,34,20,20.0,False,34.0,34.0,printed_final,False,printed,matches_final_subtotal,https://dxbhsrqyrr690.cloudfront.net/sidearm.nextgen.sites/nacda.com/documents/2025/6/23/24.25DivIStandingsFinal.pdf,2,https://dxbhsrqyrr690.cloudfront.net/sidearm.nextgen.sites/nacda.com/documents/2025/6/23/24.25DivIStandingsFinal.pdf,2,boston_university,Boston University,,unknown,False
2024-25,Oregon State,Pac-12,75,310.25,Women's Rowing,38.0,75.57755775577559,spring,final_publication,38,18,18.0,False,38.0,38.0,printed_final,False,printed,matches_final_subtotal,https://dxbhsrqyrr690.cloudfront.net/sidearm.nextgen.sites/nacda.com/documents/2025/6/23/24.25DivIStandingsFinal.pdf,2,https://dxbhsrqyrr690.cloudfront.net/sidearm.nextgen.sites/nacda.com/documents/2025/6/23/24.25DivIStandingsFinal.pdf,2,oregon_state,Oregon State,,unknown,False
2024-25,Rutgers,Big Ten,80,261.0,Women's Rowing,66.0,73.92739273927393,spring,final_publication,66,8,8.0,False,66.0,66.0,printed_final,False,printed,matches_final_subtotal,https://dxbhsrqyrr690.cloudfront.net/sidearm.nextgen.sites/nacda.com/documents/2025/6/23/24.25DivIStandingsFinal.pdf,2,https://dxbhsrqyrr690.cloudfront.net/sidearm.nextgen.sites/nacda.com/documents/2025/6/23/24.25DivIStandingsFinal.pdf,2,rutgers,Rutgers,adidas,A,True
2024-25,UCF,Big 12,83,243.5,Women's Rowing,45.0,72.93729372937293,spring,final_publication,45,15,15.0,False,45.0,45.0,printed_final,False,printed,matches_final_subtotal,https://dxbhsrqyrr690.cloudfront.net/sidearm.nextgen.sites/nacda.com/documents/2025/6/23/24.25DivIStandingsFinal.pdf,2,https://dxbhsrqyrr690.cloudfront.net/sidearm.nextgen.sites/nacda.com/documents/2025/6/23/24.25DivIStandingsFinal.pdf,2,ucf,UCF,Nike,A,True
2024-25,Brown,Ivy League,90,221.0,Women's Rowing,69.0,70.62706270627062,spring,final_publication,69,7,7.0,False,69.0,69.0,printed_final,False,printed,matches_final_subtotal,https://dxbhsrqyrr690.cloudfront.net/sidearm.nextgen.sites/nacda.com/documents/2025/6/23/24.25DivIStandingsFinal.pdf,2,https://dxbhsrqyrr690.cloudfront.net/sidearm.nextgen.sites/nacda.com/documents/2025/6/23/24.25DivIStandingsFinal.pdf,2,brown,Brown,,unknown,False
2024-25,Fairfield,MAAC,102,185.0,Women's Rowing,30.0,66.66666666666666,spring,final_publication,30,22,22.0,False,30.0,30.0,printed_final,False,printed,matches_final_subtotal,https://dxbhsrqyrr690.cloudfront.net/sidearm.nextgen.sites/nacda.com/documents/2025/6/23/24.25DivIStandingsFinal.pdf,2,https://dxbhsrqyrr690.cloudfront.net/sidearm.nextgen.sites/nacda.com/documents/2025/6/23/24.25DivIStandingsFinal.pdf,2,fairfield,Fairfield,,unknown,False
2024-25,Dartmouth,Ivy League,134,127.0,Women's Rowing,42.0,56.10561056105611,spring,final_publication,42,16,16.0,False,42.0,42.0,printed_final,False,printed,matches_final_subtotal,https://dxbhsrqyrr690.cloudfront.net/sidearm.nextgen.sites/nacda.com/documents/2025/6/23/24.25DivIStandingsFinal.pdf,3,https://dxbhsrqyrr690.cloudfront.net/sidearm.nextgen.sites/nacda.com/documents/2025/6/23/24.25DivIStandingsFinal.pdf,3,dartmouth,Dartmouth,,unknown,False
2024-25,Rhode Island,Atlantic 10,156,102.0,Women's Rowing,32.0,48.84488448844885,spring,final_publication,32,21,21.0,False,32.0,32.0,printed_final,False,printed,matches_final_subtotal,https://dxbhsrqyrr690.cloudfront.net/sidearm.nextgen.sites/nacda.com/documents/2025/6/23/24.25DivIStandingsFinal.pdf,3,https://dxbhsrqyrr690.cloudfront.net/sidearm.nextgen.sites/nacda.com/documents/2025/6/23/24.25DivIStandingsFinal.pdf,3,rhode_island,Rhode Island,,unknown,False
2024-25,Northeastern,CAA,193,73.5,Women's Rowing,36.0,36.633663366336634,spring,final_publication,36,19,19.0,False,36.0,36.0,printed_final,False,printed,matches_final_subtotal,https://dxbhsrqyrr690.cloudfront.net/sidearm.nextgen.sites/nacda.com/documents/2025/6/23/24.25DivIStandingsFinal.pdf,3,https://dxbhsrqyrr690.cloudfront.net/sidearm.nextgen.sites/nacda.com/documents/2025/6/23/24.25DivIStandingsFinal.pdf,3,northeastern,Northeastern,,unknown,False
2025-26,Texas,SEC,1,1322.0,Women's Rowing,100.0,100.0,spring,final_publication,100,1,1.0,False,100.0,100.0,printed_final,False,printed,matches_final_subtotal,https://dxbhsrqyrr690.cloudfront.net/sidearm.nextgen.sites/nacda.com/documents/2026/6/24/25.26DI_Final.pdf,1,https://dxbhsrqyrr690.cloudfront.net/sidearm.nextgen.sites/nacda.com/documents/2026/6/24/25.26DI_Final.pdf,1,texas,Texas,Nike,A,True
2025-26,Stanford,ACC,2,1263.5,Women's Rowing,90.0,99.66777408637874,spring,final_publication,90,2,2.0,False,90.0,90.0,printed_final,False,printed,matches_final_subtotal,https://dxbhsrqyrr690.cloudfront.net/sidearm.nextgen.sites/nacda.com/documents/2026/6/24/25.26DI_Final.pdf,1,https://dxbhsrqyrr690.cloudfront.net/sidearm.nextgen.sites/nacda.com/documents/2026/6/24/25.26DI_Final.pdf,1,stanford,Stanford,,unknown,True
2025-26,Virginia,ACC,5,1148.75,Women's Rowing,80.0,98.67109634551495,spring,final_publication,80,4,4.0,False,80.0,80.0,printed_final,False,printed,matches_final_subtotal,https://dxbhsrqyrr690.cloudfront.net/sidearm.nextgen.sites/nacda.com/documents/2026/6/24/25.26DI_Final.pdf,1,https://dxbhsrqyrr690.cloudfront.net/sidearm.nextgen.sites/nacda.com/documents/2026/6/24/25.26DI_Final.pdf,1,virginia,Virginia,Nike,B,True
2025-26,Michigan,Big Ten,9,1076.75,Women's Rowing,54.0,97.34219269102992,spring,final_publication,54,12,12.0,False,54.0,54.0,printed_final,False,printed,matches_final_subtotal,https://dxbhsrqyrr690.cloudfront.net/sidearm.nextgen.sites/nacda.com/documents/2026/6/24/25.26DI_Final.pdf,1,https://dxbhsrqyrr690.cloudfront.net/sidearm.nextgen.sites/nacda.com/documents/2026/6/24/25.26DI_Final.pdf,1,michigan,Michigan,Nike,A,True
2025-26,Ohio State,Big Ten,10,1071.25,Women's Rowing,48.0,97.00996677740864,spring,final_publication,48,14,14.0,False,48.0,48.0,printed_final,False,printed,matches_final_subtotal,https://dxbhsrqyrr690.cloudfront.net/sidearm.nextgen.sites/nacda.com/documents/2026/6/24/25.26DI_Final.pdf,1,https://dxbhsrqyrr690.cloudfront.net/sidearm.nextgen.sites/nacda.com/documents/2026/6/24/25.26DI_Final.pdf,1,ohio_state,Ohio State,Nike,A,True
2025-26,Tennessee,SEC,15,964.75,Women's Rowing,85.0,95.34883720930232,spring,final_publication,85,3,3.0,False,85.0,85.0,printed_final,False,printed,matches_final_subtotal,https://dxbhsrqyrr690.cloudfront.net/sidearm.nextgen.sites/nacda.com/documents/2026/6/24/25.26DI_Final.pdf,1,https://dxbhsrqyrr690.cloudfront.net/sidearm.nextgen.sites/nacda.com/documents/2026/6/24/25.26DI_Final.pdf,1,tennessee,Tennessee,Nike,A,True
2025-26,Princeton,Ivy League,20,878.5,Women's Rowing,72.0,93.687707641196,spring,final_publication,72,6,6.0,False,72.0,72.0,printed_final,False,printed,matches_final_subtotal,https://dxbhsrqyrr690.cloudfront.net/sidearm.nextgen.sites/nacda.com/documents/2026/6/24/25.26DI_Final.pdf,1,https://dxbhsrqyrr690.cloudfront.net/sidearm.nextgen.sites/nacda.com/documents/2026/6/24/25.26DI_Final.pdf,1,princeton,Princeton,,unknown,True
2025-26,Washington,Big Ten,30,705.75,Women's Rowing,69.0,90.3654485049834,spring,final_publication,69,7,7.0,False,69.0,69.0,printed_final,False,printed,matches_final_subtotal,https://dxbhsrqyrr690.cloudfront.net/sidearm.nextgen.sites/nacda.com/documents/2026/6/24/25.26DI_Final.pdf,1,https://dxbhsrqyrr690.cloudfront.net/sidearm.nextgen.sites/nacda.com/documents/2026/6/24/25.26DI_Final.pdf,1,washington,Washington,adidas,A,True
2025-26,California,ACC,39,653.75,Women's Rowing,66.0,87.37541528239203,spring,final_publication,66,8,8.0,False,66.0,66.0,printed_final,False,printed,matches_final_subtotal,https://dxbhsrqyrr690.cloudfront.net/sidearm.nextgen.sites/nacda.com/documents/2026/6/24/25.26DI_Final.pdf,1,https://dxbhsrqyrr690.cloudfront.net/sidearm.nextgen.sites/nacda.com/documents/2026/6/24/25.26DI_Final.pdf,1,california,California,Nike,A,True
2025-26,Yale,Ivy League,45,589.0,Women's Rowing,75.0,85.38205980066445,spring,final_publication,75,5,5.0,False,75.0,75.0,printed_final,False,printed,matches_final_subtotal,https://dxbhsrqyrr690.cloudfront.net/sidearm.nextgen.sites/nacda.com/documents/2026/6/24/25.26DI_Final.pdf,1,https://dxbhsrqyrr690.cloudfront.net/sidearm.nextgen.sites/nacda.com/documents/2026/6/24/25.26DI_Final.pdf,1,yale,Yale,Under Armour,A,True
2025-26,Miami (FL),ACC,57,452.0,Women's Rowing,51.0,81.3953488372093,spring,final_publication,51,13,13.0,False,51.0,51.0,printed_final,False,printed,matches_final_subtotal,https://dxbhsrqyrr690.cloudfront.net/sidearm.nextgen.sites/nacda.com/documents/2026/6/24/25.26DI_Final.pdf,1,https://dxbhsrqyrr690.cloudfront.net/sidearm.nextgen.sites/nacda.com/documents/2026/6/24/25.26DI_Final.pdf,1,miami_fl,Miami (FL),adidas,A,True
2025-26,Syracuse,ACC,59,447.0,Women's Rowing,63.0,80.73089700996677,spring,final_publication,63,9,9.0,False,63.0,63.0,printed_final,False,printed,matches_final_subtotal,https://dxbhsrqyrr690.cloudfront.net/sidearm.nextgen.sites/nacda.com/documents/2026/6/24/25.26DI_Final.pdf,1,https://dxbhsrqyrr690.cloudfront.net/sidearm.nextgen.sites/nacda.com/documents/2026/6/24/25.26DI_Final.pdf,1,syracuse,Syracuse,Nike,B,True
2025-26,UCF,Big 12,60,446.0,Women's Rowing,42.0,80.39867109634552,spring,final_publication,42,16,16.0,False,42.0,42.0,printed_final,False,printed,matches_final_subtotal,https://dxbhsrqyrr690.cloudfront.net/sidearm.nextgen.sites/nacda.com/documents/2026/6/24/25.26DI_Final.pdf,1,https://dxbhsrqyrr690.cloudfront.net/sidearm.nextgen.sites/nacda.com/documents/2026/6/24/25.26DI_Final.pdf,1,ucf,UCF,Nike,A,True
2025-26,Columbia,Ivy League,69,348.5,Women's Rowing,45.0,77.40863787375415,spring,final_publication,45,15,15.0,False,45.0,45.0,printed_final,False,printed,matches_final_subtotal,https://dxbhsrqyrr690.cloudfront.net/sidearm.nextgen.sites/nacda.com/documents/2026/6/24/25.26DI_Final.pdf,2,https://dxbhsrqyrr690.cloudfront.net/sidearm.nextgen.sites/nacda.com/documents/2026/6/24/25.26DI_Final.pdf,2,columbia,Columbia,,unknown,False
2025-26,Oregon State,Pac-12,82,278.0,Women's Rowing,40.0,73.08970099667775,spring,final_publication,40,17,17.0,False,40.0,40.0,printed_final,False,printed,matches_final_subtotal,https://dxbhsrqyrr690.cloudfront.net/sidearm.nextgen.sites/nacda.com/documents/2026/6/24/25.26DI_Final.pdf,2,https://dxbhsrqyrr690.cloudfront.net/sidearm.nextgen.sites/nacda.com/documents/2026/6/24/25.26DI_Final.pdf,2,oregon_state,Oregon State,,unknown,False
2025-26,Rutgers,Big Ten,93,227.5,Women's Rowing,57.0,69.26910299003323,spring,final_publication,57,11,11.0,False,57.0,57.0,printed_final,False,printed,matches_final_subtotal,https://dxbhsrqyrr690.cloudfront.net/sidearm.nextgen.sites/nacda.com/documents/2026/6/24/25.26DI_Final.pdf,2,https://dxbhsrqyrr690.cloudfront.net/sidearm.nextgen.sites/nacda.com/documents/2026/6/24/25.26DI_Final.pdf,2,rutgers,Rutgers,Nike,A,True
2025-26,Northeastern,CAA,109,158.5,Women's Rowing,38.0,64.11960132890366,spring,final_publication,38,18,18.0,False,38.0,38.0,printed_final,False,printed,matches_final_subtotal,https://dxbhsrqyrr690.cloudfront.net/sidearm.nextgen.sites/nacda.com/documents/2026/6/24/25.26DI_Final.pdf,2,https://dxbhsrqyrr690.cloudfront.net/sidearm.nextgen.sites/nacda.com/documents/2026/6/24/25.26DI_Final.pdf,2,northeastern,Northeastern,,unknown,False
2025-26,Brown,Ivy League,131,127.0,Women's Rowing,60.0,56.810631229235874,spring,final_publication,60,10,10.0,False,60.0,60.0,printed_final,False,printed,matches_final_subtotal,https://dxbhsrqyrr690.cloudfront.net/sidearm.nextgen.sites/nacda.com/documents/2026/6/24/25.26DI_Final.pdf,3,https://dxbhsrqyrr690.cloudfront.net/sidearm.nextgen.sites/nacda.com/documents/2026/6/24/25.26DI_Final.pdf,3,brown,Brown,,unknown,False
2025-26,Jacksonville,ASUN,133,125.0,Women's Rowing,30.0,55.98006644518272,spring,final_publication,30,22,22.0,False,30.0,30.0,printed_final,False,printed,matches_final_subtotal,https://dxbhsrqyrr690.cloudfront.net/sidearm.nextgen.sites/nacda.com/documents/2026/6/24/25.26DI_Final.pdf,3,https://dxbhsrqyrr690.cloudfront.net/sidearm.nextgen.sites/nacda.com/documents/2026/6/24/25.26DI_Final.pdf,3,jacksonville,Jacksonville,,unknown,False
2025-26,Rhode Island,Atlantic 10,150,112.0,Women's Rowing,34.0,50.16611295681063,spring,final_publication,34,20,20.0,False,34.0,34.0,printed_final,False,printed,matches_final_subtotal,https://dxbhsrqyrr690.cloudfront.net/sidearm.nextgen.sites/nacda.com/documents/2026/6/24/25.26DI_Final.pdf,3,https://dxbhsrqyrr690.cloudfront.net/sidearm.nextgen.sites/nacda.com/documents/2026/6/24/25.26DI_Final.pdf,3,rhode_island,Rhode Island,,unknown,False
2025-26,Boston University,Patriot,163,98.5,Women's Rowing,36.0,46.17940199335549,spring,final_publication,36,19,19.0,False,36.0,36.0,printed_final,False,printed,matches_final_subtotal,https://dxbhsrqyrr690.cloudfront.net/sidearm.nextgen.sites/nacda.com/documents/2026/6/24/25.26DI_Final.pdf,3,https://dxbhsrqyrr690.cloudfront.net/sidearm.nextgen.sites/nacda.com/documents/2026/6/24/25.26DI_Final.pdf,3,boston_university,Boston University,,unknown,False
2025-26,Massachusetts,MAC,219,57.0,Women's Rowing,32.0,27.57475083056478,spring,final_publication,32,21,21.0,False,32.0,32.0,printed_final,False,printed,matches_final_subtotal,https://dxbhsrqyrr690.cloudfront.net/sidearm.nextgen.sites/nacda.com/documents/2026/6/24/25.26DI_Final.pdf,4,https://dxbhsrqyrr690.cloudfront.net/sidearm.nextgen.sites/nacda.com/documents/2026/6/24/25.26DI_Final.pdf,4,massachusetts,Massachusetts,,unknown,False
