season,school,period,observed_sport_sum,published_period_points,final_period_points,final_minus_observed,publication_sum_difference,status,seasonal_source_url,seasonal_source_page,final_source_url,final_source_page
2018-19,Seattle,fall,,,25.0,,,missing_period_row_nonzero_final_subtotal,https://dxbhsrqyrr690.cloudfront.net/sidearm.nextgen.sites/nacda.com/documents/2019/1/9/JAN10Overall.pdf,,https://dxbhsrqyrr690.cloudfront.net/sidearm.nextgen.sites/nacda.com/documents/2019/6/27/June28DIOverall.pdf,4
2020-21,SMU,fall,,,5.0,,,missing_period_row_nonzero_final_subtotal,https://dxbhsrqyrr690.cloudfront.net/sidearm.nextgen.sites/nacda.com/documents/2021/6/1/June3OverallDI.pdf,,https://dxbhsrqyrr690.cloudfront.net/sidearm.nextgen.sites/nacda.com/documents/2021/7/1/July2OverallDI.pdf,3
2020-21,UAB,fall,,,5.0,,,missing_period_row_nonzero_final_subtotal,https://dxbhsrqyrr690.cloudfront.net/sidearm.nextgen.sites/nacda.com/documents/2021/6/1/June3OverallDI.pdf,,https://dxbhsrqyrr690.cloudfront.net/sidearm.nextgen.sites/nacda.com/documents/2021/7/1/July2OverallDI.pdf,4
2023-24,Jacksonville State,fall,25.0,25.0,45.0,20.0,0.0,final_exceeds_observed_requires_updated_source,https://dxbhsrqyrr690.cloudfront.net/sidearm.nextgen.sites/nacda.com/documents/2024/1/9/23.24DI_FinalFallOverall.pdf,2.0,https://dxbhsrqyrr690.cloudfront.net/sidearm.nextgen.sites/nacda.com/documents/2024/6/26/23.24FinalDI.pdf,2
2017-18,Texas Tech,winter,109.0,109.0,182.5,73.5,0.0,final_exceeds_observed_requires_updated_source,https://dxbhsrqyrr690.cloudfront.net/sidearm.nextgen.sites/nacda.com/documents/2018/7/18/April26overallDI.pdf,1.0,https://dxbhsrqyrr690.cloudfront.net/sidearm.nextgen.sites/nacda.com/documents/2018/7/18/June29overallDI.pdf,1
2022-23,Kentucky,winter,417.3,417.25,420.25,2.95,0.05,final_exceeds_observed_requires_updated_source,https://dxbhsrqyrr690.cloudfront.net/sidearm.nextgen.sites/nacda.com/documents/2023/4/21/April21Overall.pdf,1.0,https://dxbhsrqyrr690.cloudfront.net/sidearm.nextgen.sites/nacda.com/documents/2023/6/27/Final22.23Standings.pdf,1
2022-23,Texas A&M,winter,196.25,196.25,236.25,40.0,0.0,final_exceeds_observed_requires_updated_source,https://dxbhsrqyrr690.cloudfront.net/sidearm.nextgen.sites/nacda.com/documents/2023/4/21/April21Overall.pdf,1.0,https://dxbhsrqyrr690.cloudfront.net/sidearm.nextgen.sites/nacda.com/documents/2023/6/27/Final22.23Standings.pdf,1
2023-24,Oklahoma,winter,323.8,323.75,328.75,4.95,0.05,final_exceeds_observed_requires_updated_source,https://dxbhsrqyrr690.cloudfront.net/sidearm.nextgen.sites/nacda.com/documents/2024/4/22/23.24DI_WinterOverall_4.25.pdf,1.0,https://dxbhsrqyrr690.cloudfront.net/sidearm.nextgen.sites/nacda.com/documents/2024/6/26/23.24FinalDI.pdf,1
2023-24,UC San Diego,winter,,,36.0,,,missing_period_row_nonzero_final_subtotal,https://dxbhsrqyrr690.cloudfront.net/sidearm.nextgen.sites/nacda.com/documents/2024/4/22/23.24DI_WinterOverall_4.25.pdf,,https://dxbhsrqyrr690.cloudfront.net/sidearm.nextgen.sites/nacda.com/documents/2024/6/26/23.24FinalDI.pdf,4
