school,start_season,end_season,brand,covered_seasons
Alabama,2017-18,2018-19,Nike,"2017-18, 2018-19"
Alabama,2020-21,2025-26,Nike,"2020-21, 2021-22, 2022-23, 2023-24, 2024-25, 2025-26"
Arizona,2017-18,2018-19,Nike,"2017-18, 2018-19"
Arizona,2020-21,2025-26,Nike,"2020-21, 2021-22, 2022-23, 2023-24, 2024-25, 2025-26"
Arizona State,2017-18,2018-19,adidas,"2017-18, 2018-19"
Arizona State,2020-21,2025-26,adidas,"2020-21, 2021-22, 2022-23, 2023-24, 2024-25, 2025-26"
Arkansas,2017-18,2018-19,Nike,"2017-18, 2018-19"
Arkansas,2020-21,2025-26,Nike,"2020-21, 2021-22, 2022-23, 2023-24, 2024-25, 2025-26"
Auburn,2017-18,2018-19,Under Armour,"2017-18, 2018-19"
Auburn,2020-21,2024-25,Under Armour,"2020-21, 2021-22, 2022-23, 2023-24, 2024-25"
Auburn,2025-26,2025-26,Nike,2025-26
BYU,2017-18,2018-19,Nike,"2017-18, 2018-19"
BYU,2020-21,2025-26,Nike,"2020-21, 2021-22, 2022-23, 2023-24, 2024-25, 2025-26"
Baylor,2017-18,2018-19,Nike,"2017-18, 2018-19"
Baylor,2020-21,2025-26,Nike,"2020-21, 2021-22, 2022-23, 2023-24, 2024-25, 2025-26"
Boston College,2017-18,2018-19,Under Armour,"2017-18, 2018-19"
Boston College,2020-21,2020-21,Under Armour,2020-21
Boston College,2021-22,2025-26,other,"2021-22, 2022-23, 2023-24, 2024-25, 2025-26"
California,2017-18,2018-19,Under Armour,"2017-18, 2018-19"
California,2020-21,2022-23,Under Armour,"2020-21, 2021-22, 2022-23"
California,2023-24,2025-26,Nike,"2023-24, 2024-25, 2025-26"
Cincinnati,2017-18,2018-19,Under Armour,"2017-18, 2018-19"
Cincinnati,2020-21,2022-23,Under Armour,"2020-21, 2021-22, 2022-23"
Cincinnati,2023-24,2025-26,Nike,"2023-24, 2024-25, 2025-26"
Clemson,2017-18,2018-19,Nike,"2017-18, 2018-19"
Clemson,2020-21,2025-26,Nike,"2020-21, 2021-22, 2022-23, 2023-24, 2024-25, 2025-26"
Colorado,2017-18,2018-19,Nike,"2017-18, 2018-19"
Colorado,2020-21,2024-25,Nike,"2020-21, 2021-22, 2022-23, 2023-24, 2024-25"
Cornell,2025-26,2025-26,Nike,2025-26
Denver,2020-21,2020-21,other,2020-21
Denver,2025-26,2025-26,Under Armour,2025-26
Duke,2017-18,2018-19,Nike,"2017-18, 2018-19"
Duke,2020-21,2025-26,Nike,"2020-21, 2021-22, 2022-23, 2023-24, 2024-25, 2025-26"
Florida,2017-18,2018-19,Nike,"2017-18, 2018-19"
Florida,2020-21,2025-26,Nike,"2020-21, 2021-22, 2022-23, 2023-24, 2024-25, 2025-26"
Florida State,2017-18,2018-19,Nike,"2017-18, 2018-19"
Florida State,2020-21,2025-26,Nike,"2020-21, 2021-22, 2022-23, 2023-24, 2024-25, 2025-26"
Georgia,2017-18,2018-19,Nike,"2017-18, 2018-19"
Georgia,2020-21,2023-24,Nike,"2020-21, 2021-22, 2022-23, 2023-24"
Georgia Tech,2017-18,2017-18,other,2017-18
Georgia Tech,2018-19,2018-19,adidas,2018-19
Georgia Tech,2020-21,2025-26,adidas,"2020-21, 2021-22, 2022-23, 2023-24, 2024-25, 2025-26"
Houston,2017-18,2018-19,Nike,"2017-18, 2018-19"
Houston,2020-21,2025-26,Nike,"2020-21, 2021-22, 2022-23, 2023-24, 2024-25, 2025-26"
Illinois,2017-18,2018-19,Nike,"2017-18, 2018-19"
Illinois,2020-21,2025-26,Nike,"2020-21, 2021-22, 2022-23, 2023-24, 2024-25, 2025-26"
Indiana,2017-18,2018-19,adidas,"2017-18, 2018-19"
Indiana,2020-21,2025-26,adidas,"2020-21, 2021-22, 2022-23, 2023-24, 2024-25, 2025-26"
Iowa,2017-18,2018-19,Nike,"2017-18, 2018-19"
Iowa,2020-21,2025-26,Nike,"2020-21, 2021-22, 2022-23, 2023-24, 2024-25, 2025-26"
Iowa State,2017-18,2017-18,Nike,2017-18
Kansas,2017-18,2018-19,adidas,"2017-18, 2018-19"
Kansas,2020-21,2025-26,adidas,"2020-21, 2021-22, 2022-23, 2023-24, 2024-25, 2025-26"
Kansas State,2017-18,2018-19,Nike,"2017-18, 2018-19"
Kansas State,2020-21,2025-26,Nike,"2020-21, 2021-22, 2022-23, 2023-24, 2024-25, 2025-26"
Kentucky,2017-18,2018-19,Nike,"2017-18, 2018-19"
Kentucky,2020-21,2025-26,Nike,"2020-21, 2021-22, 2022-23, 2023-24, 2024-25, 2025-26"
LSU,2017-18,2018-19,Nike,"2017-18, 2018-19"
LSU,2020-21,2025-26,Nike,"2020-21, 2021-22, 2022-23, 2023-24, 2024-25, 2025-26"
Louisville,2017-18,2018-19,adidas,"2017-18, 2018-19"
Louisville,2020-21,2025-26,adidas,"2020-21, 2021-22, 2022-23, 2023-24, 2024-25, 2025-26"
Maryland,2017-18,2018-19,Under Armour,"2017-18, 2018-19"
Maryland,2020-21,2025-26,Under Armour,"2020-21, 2021-22, 2022-23, 2023-24, 2024-25, 2025-26"
Miami (FL),2017-18,2018-19,adidas,"2017-18, 2018-19"
Miami (FL),2020-21,2025-26,adidas,"2020-21, 2021-22, 2022-23, 2023-24, 2024-25, 2025-26"
Michigan,2017-18,2018-19,Nike,"2017-18, 2018-19"
Michigan,2020-21,2025-26,Nike,"2020-21, 2021-22, 2022-23, 2023-24, 2024-25, 2025-26"
Michigan State,2017-18,2018-19,Nike,"2017-18, 2018-19"
Michigan State,2020-21,2025-26,Nike,"2020-21, 2021-22, 2022-23, 2023-24, 2024-25, 2025-26"
Minnesota,2017-18,2018-19,Nike,"2017-18, 2018-19"
Minnesota,2020-21,2025-26,Nike,"2020-21, 2021-22, 2022-23, 2023-24, 2024-25, 2025-26"
Mississippi State,2017-18,2018-19,adidas,"2017-18, 2018-19"
Mississippi State,2020-21,2025-26,adidas,"2020-21, 2021-22, 2022-23, 2023-24, 2024-25, 2025-26"
Missouri,2017-18,2018-19,Nike,"2017-18, 2018-19"
Missouri,2020-21,2025-26,Nike,"2020-21, 2021-22, 2022-23, 2023-24, 2024-25, 2025-26"
Nebraska,2017-18,2018-19,adidas,"2017-18, 2018-19"
Nebraska,2020-21,2025-26,adidas,"2020-21, 2021-22, 2022-23, 2023-24, 2024-25, 2025-26"
New Mexico,2017-18,2018-19,Nike,"2017-18, 2018-19"
New Mexico,2020-21,2025-26,Nike,"2020-21, 2021-22, 2022-23, 2023-24, 2024-25, 2025-26"
North Carolina,2017-18,2018-19,Nike,"2017-18, 2018-19"
North Carolina,2020-21,2025-26,Nike,"2020-21, 2021-22, 2022-23, 2023-24, 2024-25, 2025-26"
North Carolina State,2017-18,2018-19,adidas,"2017-18, 2018-19"
North Carolina State,2020-21,2025-26,adidas,"2020-21, 2021-22, 2022-23, 2023-24, 2024-25, 2025-26"
Northwestern,2017-18,2018-19,Under Armour,"2017-18, 2018-19"
Northwestern,2020-21,2025-26,Under Armour,"2020-21, 2021-22, 2022-23, 2023-24, 2024-25, 2025-26"
Notre Dame,2017-18,2018-19,Under Armour,"2017-18, 2018-19"
Notre Dame,2020-21,2025-26,Under Armour,"2020-21, 2021-22, 2022-23, 2023-24, 2024-25, 2025-26"
Ohio State,2017-18,2018-19,Nike,"2017-18, 2018-19"
Ohio State,2020-21,2025-26,Nike,"2020-21, 2021-22, 2022-23, 2023-24, 2024-25, 2025-26"
Oklahoma,2017-18,2018-19,Nike,"2017-18, 2018-19"
Oklahoma,2020-21,2025-26,Nike,"2020-21, 2021-22, 2022-23, 2023-24, 2024-25, 2025-26"
Oklahoma State,2017-18,2018-19,Nike,"2017-18, 2018-19"
Oklahoma State,2020-21,2024-25,Nike,"2020-21, 2021-22, 2022-23, 2023-24, 2024-25"
Ole Miss,2017-18,2018-19,Nike,"2017-18, 2018-19"
Ole Miss,2020-21,2025-26,Nike,"2020-21, 2021-22, 2022-23, 2023-24, 2024-25, 2025-26"
Oregon,2017-18,2018-19,Nike,"2017-18, 2018-19"
Oregon,2020-21,2025-26,Nike,"2020-21, 2021-22, 2022-23, 2023-24, 2024-25, 2025-26"
Penn State,2017-18,2018-19,Nike,"2017-18, 2018-19"
Penn State,2020-21,2025-26,Nike,"2020-21, 2021-22, 2022-23, 2023-24, 2024-25, 2025-26"
Pittsburgh,2017-18,2018-19,Nike,"2017-18, 2018-19"
Pittsburgh,2020-21,2025-26,Nike,"2020-21, 2021-22, 2022-23, 2023-24, 2024-25, 2025-26"
Princeton,2021-22,2022-23,Nike,"2021-22, 2022-23"
Purdue,2017-18,2018-19,Nike,"2017-18, 2018-19"
Purdue,2020-21,2025-26,Nike,"2020-21, 2021-22, 2022-23, 2023-24, 2024-25, 2025-26"
Rutgers,2017-18,2018-19,adidas,"2017-18, 2018-19"
Rutgers,2020-21,2024-25,adidas,"2020-21, 2021-22, 2022-23, 2023-24, 2024-25"
Rutgers,2025-26,2025-26,Nike,2025-26
SMU,2017-18,2018-19,Nike,"2017-18, 2018-19"
SMU,2020-21,2025-26,Nike,"2020-21, 2021-22, 2022-23, 2023-24, 2024-25, 2025-26"
South Carolina,2017-18,2018-19,Under Armour,"2017-18, 2018-19"
South Carolina,2020-21,2025-26,Under Armour,"2020-21, 2021-22, 2022-23, 2023-24, 2024-25, 2025-26"
Stanford,2022-23,2022-23,Nike,2022-23
Syracuse,2017-18,2018-19,Nike,"2017-18, 2018-19"
Syracuse,2020-21,2025-26,Nike,"2020-21, 2021-22, 2022-23, 2023-24, 2024-25, 2025-26"
TCU,2017-18,2018-19,Nike,"2017-18, 2018-19"
TCU,2020-21,2025-26,Nike,"2020-21, 2021-22, 2022-23, 2023-24, 2024-25, 2025-26"
Tennessee,2017-18,2018-19,Nike,"2017-18, 2018-19"
Tennessee,2020-21,2025-26,Nike,"2020-21, 2021-22, 2022-23, 2023-24, 2024-25, 2025-26"
Texas,2017-18,2018-19,Nike,"2017-18, 2018-19"
Texas,2020-21,2025-26,Nike,"2020-21, 2021-22, 2022-23, 2023-24, 2024-25, 2025-26"
Texas A&M,2017-18,2018-19,adidas,"2017-18, 2018-19"
Texas A&M,2020-21,2025-26,adidas,"2020-21, 2021-22, 2022-23, 2023-24, 2024-25, 2025-26"
Texas Tech,2017-18,2018-19,Under Armour,"2017-18, 2018-19"
Texas Tech,2020-21,2023-24,Under Armour,"2020-21, 2021-22, 2022-23, 2023-24"
Texas Tech,2024-25,2025-26,adidas,"2024-25, 2025-26"
UCF,2017-18,2018-19,Nike,"2017-18, 2018-19"
UCF,2020-21,2025-26,Nike,"2020-21, 2021-22, 2022-23, 2023-24, 2024-25, 2025-26"
UCLA,2017-18,2018-19,Under Armour,"2017-18, 2018-19"
UCLA,2020-21,2020-21,Under Armour,2020-21
UCLA,2021-22,2025-26,Nike,"2021-22, 2022-23, 2023-24, 2024-25, 2025-26"
USC,2017-18,2018-19,Nike,"2017-18, 2018-19"
USC,2020-21,2025-26,Nike,"2020-21, 2021-22, 2022-23, 2023-24, 2024-25, 2025-26"
Utah,2017-18,2018-19,Under Armour,"2017-18, 2018-19"
Utah,2020-21,2025-26,Under Armour,"2020-21, 2021-22, 2022-23, 2023-24, 2024-25, 2025-26"
Vanderbilt,2017-18,2018-19,Nike,"2017-18, 2018-19"
Vanderbilt,2020-21,2022-23,Nike,"2020-21, 2021-22, 2022-23"
Virginia,2017-18,2018-19,Nike,"2017-18, 2018-19"
Virginia,2020-21,2025-26,Nike,"2020-21, 2021-22, 2022-23, 2023-24, 2024-25, 2025-26"
Virginia Tech,2017-18,2018-19,Nike,"2017-18, 2018-19"
Virginia Tech,2020-21,2025-26,Nike,"2020-21, 2021-22, 2022-23, 2023-24, 2024-25, 2025-26"
Wake Forest,2021-22,2021-22,Nike,2021-22
Washington,2017-18,2018-19,Nike,"2017-18, 2018-19"
Washington,2020-21,2025-26,adidas,"2020-21, 2021-22, 2022-23, 2023-24, 2024-25, 2025-26"
West Virginia,2017-18,2018-19,Nike,"2017-18, 2018-19"
West Virginia,2020-21,2025-26,Nike,"2020-21, 2021-22, 2022-23, 2023-24, 2024-25, 2025-26"
Wisconsin,2017-18,2018-19,Under Armour,"2017-18, 2018-19"
Wisconsin,2020-21,2025-26,Under Armour,"2020-21, 2021-22, 2022-23, 2023-24, 2024-25, 2025-26"
Yale,2017-18,2018-19,Under Armour,"2017-18, 2018-19"
Yale,2020-21,2025-26,Under Armour,"2020-21, 2021-22, 2022-23, 2023-24, 2024-25, 2025-26"
