school,start_season,end_season,candidate_seasons,inferred,reason,left_anchor_season,right_anchor_season,left_anchor_url,right_anchor_url
Alabama,2019-20,2019-20,,False,excluded_seasons_only,2018-19,2020-21,https://www.sportsbusinessjournal.com/Articles/2025/08/28/alabama-quietly-extended-nike-deal-a-few-years-ago-terms-kept-private/?issueId=3MXGPV7JIFCSHHS6YCWC3BPPFM,https://www.sportsbusinessjournal.com/Articles/2025/08/28/alabama-quietly-extended-nike-deal-a-few-years-ago-terms-kept-private/?issueId=3MXGPV7JIFCSHHS6YCWC3BPPFM
Arizona,2019-20,2019-20,,False,excluded_seasons_only,2018-19,2020-21,https://arizonawildcats.com/news/2015/8/13/210266319,https://arizonawildcats.com/news/2015/8/13/210266319
Arizona State,2019-20,2019-20,,False,excluded_seasons_only,2018-19,2020-21,https://thesundevils.com/news/2014/12/16/sun-devil-athletics-adidas-announce-8-year-partnership,https://thesundevils.com/news/2014/12/16/sun-devil-athletics-adidas-announce-8-year-partnership
Arizona State,2023-24,2024-25,"2023-24, 2024-25",True,bounded_same_brand,2022-23,2025-26,https://thesundevils.com/news/2014/12/16/sun-devil-athletics-adidas-announce-8-year-partnership,https://web.archive.org/web/20251119100055/http://thesundevils.com/
Arkansas,2018-19,2024-25,"2018-19, 2020-21, 2021-22, 2022-23, 2023-24, 2024-25",True,bounded_same_brand,2017-18,2025-26,https://web.archive.org/web/20171001190209/http://www.arkansasrazorbacks.com/,https://arkansasrazorbacks.com/arkansas-to-celebrate-norm-debriyn-night-on-march-27-at-baum-walker-stadium/
Auburn,2019-20,2019-20,,False,excluded_seasons_only,2018-19,2020-21,https://auburntigers.com/news/2025/07/24/such-an-iconic-mark-how-auburn-equipment-managed-the-switch-to-nike,https://auburntigers.com/news/2025/07/24/such-an-iconic-mark-how-auburn-equipment-managed-the-switch-to-nike
BYU,2019-20,2019-20,,False,excluded_seasons_only,2018-19,2020-21,https://byucougars.com/news/2019/03/08/byu-announces-new-nike-partnership,https://byucougars.com/news/2019/03/08/byu-announces-new-nike-partnership
Baylor,2019-20,2020-21,2020-21,True,bounded_same_brand,2018-19,2021-22,https://baylorbears.com/news/2019/4/15/baylor-athletics-unveils-united-a-unified-visual-identity-in-partnership-with-nike,https://baylorbears.com/documents/download/2022/5/2/BU_BSB_Game_Notes_2022_45_Tarleton.pdf
Baylor,2022-23,2024-25,"2022-23, 2023-24, 2024-25",True,bounded_same_brand,2021-22,2025-26,https://baylorbears.com/documents/download/2022/5/2/BU_BSB_Game_Notes_2022_45_Tarleton.pdf,https://baylorbears.com/documents/download/2025/12/12/BU_WBB_Notes_12_Texas.pdf
Boston College,2019-20,2019-20,,False,excluded_seasons_only,2018-19,2020-21,https://bceagles.com/news/2015/3/12/Under_Armour_BC_Extend_Long_Term_Partnership,https://bceagles.com/news/2021/4/13/boston-college-athletics-announces-10-year-agreement-with-new-balance
California,2019-20,2019-20,,False,excluded_seasons_only,2018-19,2020-21,https://calbears.com/news/2017/5/31/athletics-news-cal-under-armour-launch-partnership.aspx,https://writeforcalifornia.com/p/cal-under-armour-nike-deal
Cincinnati,2019-20,2019-20,,False,excluded_seasons_only,2018-19,2020-21,https://www.si.com/college/cincinnati/news/uc-officially-announces-nike-jordan-brand-deal-with-bsn-sports,https://www.si.com/college/cincinnati/news/uc-officially-announces-nike-jordan-brand-deal-with-bsn-sports
Clemson,2019-20,2019-20,,False,excluded_seasons_only,2018-19,2020-21,https://clemsontigers.com/news/2018/08/03/clemson-nike-agree-to-10-year-partnership-extension,https://clemsontigers.com/news/2018/08/03/clemson-nike-agree-to-10-year-partnership-extension
Colorado,2019-20,2019-20,,False,excluded_seasons_only,2018-19,2020-21,https://football.hkm.com/wp-content/uploads/2020/08/2020_02-28_DORRELL_Karl_Employment_Agreement_FINAL_FOR_REGENT_APPROVAL-FULLY-EXECUTED.pdf,https://football.hkm.com/wp-content/uploads/2020/08/2020_02-28_DORRELL_Karl_Employment_Agreement_FINAL_FOR_REGENT_APPROVAL-FULLY-EXECUTED.pdf
Colorado,2025-26,2025-26,2025-26,False,unbounded,2024-25,,https://football.hkm.com/wp-content/uploads/2020/08/2020_02-28_DORRELL_Karl_Employment_Agreement_FINAL_FOR_REGENT_APPROVAL-FULLY-EXECUTED.pdf,
Cornell,2017-18,2024-25,"2017-18, 2018-19, 2020-21, 2021-22, 2022-23, 2023-24, 2024-25",False,unbounded,,2025-26,,https://web.archive.org/web/20251116000010/https://cornellbigred.com/
Denver,2017-18,2019-20,"2017-18, 2018-19",False,unbounded,,2020-21,,https://denverpioneers.com/news/2021/3/3/athletics-university-of-denver-joins-with-new-balance-and-bsn-sports
Denver,2021-22,2024-25,"2021-22, 2022-23, 2023-24, 2024-25",False,different_brands,2020-21,2025-26,https://denverpioneers.com/news/2021/3/3/athletics-university-of-denver-joins-with-new-balance-and-bsn-sports,https://denverpioneers.com/news/2025/6/3/athletics-denver-and-under-armour-begin-new-official-athletic-apparel-partnership
Duke,2019-20,2019-20,,False,excluded_seasons_only,2018-19,2020-21,https://goduke.com/news/2015/10/15/210424501,https://goduke.com/news/2015/10/15/210424501
Florida,2019-20,2019-20,,False,excluded_seasons_only,2018-19,2020-21,https://www.onlygators.com/02/25/2015/florida-gators-extend-apparel-contract-with-nike/,https://www.onlygators.com/02/25/2015/florida-gators-extend-apparel-contract-with-nike/
Florida,2024-25,2024-25,2024-25,True,bounded_same_brand,2023-24,2025-26,https://www.onlygators.com/02/25/2015/florida-gators-extend-apparel-contract-with-nike/,https://floridagators.com/sports/2025/8/6/overview-name-image-likeness
Florida State,2019-20,2019-20,,False,excluded_seasons_only,2018-19,2020-21,https://seminoles.com/documents/download/2024/1/15/Florida_State_University_Department_of_Intercollegiate_Athletics_FY23.pdf,https://seminoles.com/documents/download/2024/1/15/Florida_State_University_Department_of_Intercollegiate_Athletics_FY23.pdf
Georgia,2019-20,2019-20,,False,excluded_seasons_only,2018-19,2020-21,https://www.sportsbusinessjournal.com/Daily/Issues/2015/05/20/Marketing-and-Sponsorship/Georgia-Nike/,https://www.sportsbusinessjournal.com/Daily/Issues/2015/05/20/Marketing-and-Sponsorship/Georgia-Nike/
Georgia,2024-25,2025-26,"2024-25, 2025-26",False,unbounded,2023-24,,https://www.sportsbusinessjournal.com/Daily/Issues/2015/05/20/Marketing-and-Sponsorship/Georgia-Nike/,
Georgia Tech,2019-20,2019-20,,False,excluded_seasons_only,2018-19,2020-21,https://ramblinwreck.com/news/2017/08/22/georgia-tech-joins-adidas-roster-of-collegiate-partnerships,https://ramblinwreck.com/news/2017/08/22/georgia-tech-joins-adidas-roster-of-collegiate-partnerships
Harvard,2017-18,2025-26,"2017-18, 2018-19, 2020-21, 2021-22, 2022-23, 2023-24, 2024-25, 2025-26",False,unbounded,,,,
Houston,2018-19,2021-22,"2018-19, 2020-21, 2021-22",True,bounded_same_brand,2017-18,2022-23,https://athleticdirectoru.com/articles/cash-is-king-in-intercollegiate-apparel-agreements/,https://www.houstonchronicle.com/texas-sports-nation/college/article/houston-cougars-basketball-jordan-brand-impact-17851683.php
Houston,2023-24,2024-25,"2023-24, 2024-25",True,bounded_same_brand,2022-23,2025-26,https://www.houstonchronicle.com/texas-sports-nation/college/article/houston-cougars-basketball-jordan-brand-impact-17851683.php,https://web.archive.org/web/20251001185258/https://uhcougars.com/
Illinois,2019-20,2019-20,,False,excluded_seasons_only,2018-19,2020-21,https://fightingillini.com/news/2016/1/15/GEN_0115160058,https://fightingillini.com/news/2016/1/15/GEN_0115160058
Indiana,2019-20,2019-20,,False,excluded_seasons_only,2018-19,2020-21,https://iuhoosiers.com/news/2015/8/18/GEN_0818151235,https://iuhoosiers.com/news/2015/8/18/GEN_0818151235
Iowa,2018-19,2024-25,"2018-19, 2020-21, 2021-22, 2022-23, 2023-24, 2024-25",True,bounded_same_brand,2017-18,2025-26,https://athleticdirectoru.com/articles/cash-is-king-in-intercollegiate-apparel-agreements/,https://storage.googleapis.com/hawkeyesports-prod/2025/08/08/lHevgLs5g2dEn9QRHyw3s8aAr2N1LOMtmBm9UyIC.pdf
Iowa State,2018-19,2025-26,"2018-19, 2020-21, 2021-22, 2022-23, 2023-24, 2024-25, 2025-26",False,unbounded,2017-18,,https://www2.kusports.com/weblogs/tale-tait/2017/sep/28/kus-deal-with-adidas-is-companys-second/,
Kansas,2019-20,2019-20,,False,excluded_seasons_only,2018-19,2020-21,https://news.adidas.com/sports-performance/adidas-and-university-of-kansas-announce-an-extension-in-their-long-term-partnership/s/75f006e9-ed57-4ba1-b3fe-ddc1372145ff,https://news.adidas.com/sports-performance/adidas-and-university-of-kansas-announce-an-extension-in-their-long-term-partnership/s/75f006e9-ed57-4ba1-b3fe-ddc1372145ff
Kansas State,2019-20,2019-20,,False,excluded_seasons_only,2018-19,2020-21,https://www2.kusports.com/weblogs/tale-tait/2017/sep/28/kus-deal-with-adidas-is-companys-second/,https://www2.kusports.com/weblogs/tale-tait/2017/sep/28/kus-deal-with-adidas-is-companys-second/
Kentucky,2019-20,2019-20,,False,excluded_seasons_only,2018-19,2020-21,https://www.sportsbusinessjournal.com/Daily/Issues/2015/03/05/Marketing-and-Sponsorship/UK-Nike/,https://www.sportsbusinessjournal.com/Daily/Issues/2015/03/05/Marketing-and-Sponsorship/UK-Nike/
LSU,2019-20,2019-20,,False,excluded_seasons_only,2018-19,2020-21,https://about.nike.com/en/newsroom/releases/nike-lsu-partnership-extension,https://about.nike.com/en/newsroom/releases/nike-lsu-partnership-extension
Louisville,2019-20,2019-20,,False,excluded_seasons_only,2018-19,2020-21,https://gocards.com/news/2017/8/25/general-louisville-adidas-strike-landmark-10-year-partnership-through-2027-28,https://gocards.com/news/2017/8/25/general-louisville-adidas-strike-landmark-10-year-partnership-through-2027-28
Maryland,2019-20,2019-20,,False,excluded_seasons_only,2018-19,2020-21,https://about.underarmour.com/en/stories/2024/06/university-of-maryland-and-under-armour-announce-12-year-extensi.html,https://about.underarmour.com/en/stories/2024/06/university-of-maryland-and-under-armour-announce-12-year-extensi.html
Miami (FL),2019-20,2019-20,,False,excluded_seasons_only,2018-19,2020-21,https://miamihurricanes.com/news/2021/02/15/championship-colors,https://miamihurricanes.com/news/2021/02/15/championship-colors
Michigan,2019-20,2019-20,,False,excluded_seasons_only,2018-19,2020-21,https://finance.umich.edu/reports/2016/category/athletics/,https://finance.umich.edu/reports/2016/category/athletics/
Michigan State,2019-20,2019-20,,False,excluded_seasons_only,2018-19,2020-21,https://www.sportsbusinessjournal.com/Daily/Issues/2015/07/20/Marketing-and-Sponsorship/MSU-Nike/,https://www.sportsbusinessjournal.com/Daily/Issues/2015/07/20/Marketing-and-Sponsorship/MSU-Nike/
Minnesota,2018-19,2019-20,2018-19,True,bounded_same_brand,2017-18,2020-21,https://athleticdirectoru.com/articles/cash-is-king-in-intercollegiate-apparel-agreements/,https://regents.umn.edu/sites/regents.umn.edu/files/2020-02/minutes-dec2019.pdf
Mississippi State,2019-20,2019-20,,False,excluded_seasons_only,2018-19,2020-21,https://hailstate.com/sports/2014/4/16/209467396,https://hailstate.com/sports/2014/4/16/209467396
Mississippi State,2021-22,2024-25,"2021-22, 2022-23, 2023-24, 2024-25",True,bounded_same_brand,2020-21,2025-26,https://hailstate.com/sports/2014/4/16/209467396,https://web.archive.org/web/20251002011106/https://hailstate.com/
Missouri,2018-19,2024-25,"2018-19, 2020-21, 2021-22, 2022-23, 2023-24, 2024-25",True,bounded_same_brand,2017-18,2025-26,https://athleticdirectoru.com/articles/cash-is-king-in-intercollegiate-apparel-agreements/,https://mutigers.com/documents/download/2025/9/16/GameNotes_FULL_USC_G4.pdf
Nebraska,2019-20,2019-20,,False,excluded_seasons_only,2018-19,2020-21,https://huskers.com/news/2017/08/11/adidas-and-nebraska-renew-partnership-to-2028,https://huskers.com/news/2017/08/11/adidas-and-nebraska-renew-partnership-to-2028
New Mexico,2019-20,2019-20,,False,excluded_seasons_only,2018-19,2020-21,https://golobos.com/news/2023/10/12/lobos-nike-announce-extension-through-2027,https://golobos.com/news/2023/10/12/lobos-nike-announce-extension-through-2027
North Carolina,2019-20,2019-20,,False,excluded_seasons_only,2018-19,2020-21,https://goheels.com/news/2018/12/18/general-carolina-announces-contract-extension-for-williams,https://goheels.com/news/2018/12/18/general-carolina-announces-contract-extension-for-williams
North Carolina State,2019-20,2019-20,,False,excluded_seasons_only,2018-19,2020-21,https://www.youtube.com/watch?v=KGYQAXrN5w4,https://www.youtube.com/watch?v=KGYQAXrN5w4
North Carolina State,2022-23,2024-25,"2022-23, 2023-24, 2024-25",True,bounded_same_brand,2021-22,2025-26,https://www.youtube.com/watch?v=KGYQAXrN5w4,https://www.on3.com/teams/nc-state-wolfpack/news/exclusive-nc-state-extends-partnership-with-adidas-runs-through-2032/
Northwestern,2019-20,2019-20,,False,excluded_seasons_only,2018-19,2020-21,https://about.underarmour.com/en/stories/2025/03/under-armour-and-northwestern-university-announce-extension-of-p.html,https://about.underarmour.com/en/stories/2025/03/under-armour-and-northwestern-university-announce-extension-of-p.html
Notre Dame,2019-20,2019-20,,False,excluded_seasons_only,2018-19,2020-21,https://about.underarmour.com/en/stories/2023/08/under-armour-and-notre-dame-march-on-together-.html,https://about.underarmour.com/en/stories/2023/08/under-armour-and-notre-dame-march-on-together-.html
Ohio State,2019-20,2019-20,,False,excluded_seasons_only,2018-19,2020-21,https://ohiostatebuckeyes.com/news/2016/1/14/ohio-state-and-nike-sign-groundbreaking-college-partnership,https://ohiostatebuckeyes.com/news/2016/1/14/ohio-state-and-nike-sign-groundbreaking-college-partnership
Oklahoma,2019-20,2019-20,,False,excluded_seasons_only,2018-19,2020-21,https://www.oudaily.com/sports/oklahoma-sports-ou-contract-with-nike-jordan-brand-worth-near-70-million/article_b59e45c0-911b-11e8-8d0b-43bb3d5f5abf.html,https://www.oudaily.com/sports/oklahoma-sports-ou-contract-with-nike-jordan-brand-worth-near-70-million/article_b59e45c0-911b-11e8-8d0b-43bb3d5f5abf.html
Oklahoma State,2019-20,2019-20,,False,excluded_seasons_only,2018-19,2020-21,https://www2.kusports.com/weblogs/tale-tait/2017/sep/28/kus-deal-with-adidas-is-companys-second/,https://www2.kusports.com/weblogs/tale-tait/2017/sep/28/kus-deal-with-adidas-is-companys-second/
Oklahoma State,2025-26,2025-26,2025-26,False,unbounded,2024-25,,https://www2.kusports.com/weblogs/tale-tait/2017/sep/28/kus-deal-with-adidas-is-companys-second/,
Ole Miss,2019-20,2019-20,,False,excluded_seasons_only,2018-19,2020-21,https://olemisssports.com/news/2015/8/31/Ole_Miss_Makes_Major_Announcements,https://olemisssports.com/news/2015/8/31/Ole_Miss_Makes_Major_Announcements
Oregon,2019-20,2019-20,,False,excluded_seasons_only,2018-19,2020-21,https://trustees.uoregon.edu/sites/default/files/minutes_-_full_bot_12.08.17.pdf,https://trustees.uoregon.edu/sites/default/files/minutes_-_full_bot_12.08.17.pdf
Penn State,2019-20,2019-20,,False,excluded_seasons_only,2018-19,2020-21,https://www.centredaily.com/sports/college/penn-state-university/article316333759.html,https://www.centredaily.com/sports/college/penn-state-university/article316333759.html
Pittsburgh,2019-20,2019-20,,False,excluded_seasons_only,2018-19,2020-21,https://pittsburghpanthers.com/news/2023/7/6/general-pitt-extends-partnership-with-nike-through-2026,https://pittsburghpanthers.com/news/2023/7/6/general-pitt-extends-partnership-with-nike-through-2026
Princeton,2017-18,2020-21,"2017-18, 2018-19, 2020-21",False,unbounded,,2021-22,,https://s3.us-east-2.amazonaws.com/sidearm.nextgen.sites/princeton.sidearmsports.com/documents/2021/7/28/NIL_FAQ_for_Student_Athletes_7_28_21.pdf?timestamp=20210728052335
Princeton,2023-24,2025-26,"2023-24, 2024-25, 2025-26",False,unbounded,2022-23,,https://goprincetontigers.com/documents/download/2023/5/24/Princeton_NIL_Policy__May_2023__26_.pdf_timestamp_20230524015649.pdf,
Purdue,2018-19,2024-25,"2018-19, 2020-21, 2021-22, 2022-23, 2023-24, 2024-25",True,bounded_same_brand,2017-18,2025-26,https://athleticdirectoru.com/articles/cash-is-king-in-intercollegiate-apparel-agreements/,https://web.archive.org/web/20251115235824/https://purduesports.com/
Rutgers,2019-20,2019-20,,False,excluded_seasons_only,2018-19,2020-21,https://scarletknights.com/news/2017/2/13/Rutgers_Athletics_Announces_Partnership_with_adidas,https://scarletknights.com/news/2017/2/13/Rutgers_Athletics_Announces_Partnership_with_adidas
SMU,2018-19,2024-25,"2018-19, 2020-21, 2021-22, 2022-23, 2023-24, 2024-25",True,bounded_same_brand,2017-18,2025-26,https://web.archive.org/web/20171001043446/http://smumustangs.com/,https://web.archive.org/web/20251001093455/https://smumustangs.com/
South Carolina,2019-20,2019-20,,False,excluded_seasons_only,2018-19,2020-21,https://www.sc.edu/uofsc/posts/2025/08/board-of-trustees-briefs-august-2025.php,https://www.sc.edu/uofsc/posts/2025/08/board-of-trustees-briefs-august-2025.php
Stanford,2017-18,2021-22,"2017-18, 2018-19, 2020-21, 2021-22",False,unbounded,,2022-23,,https://journals.indianapolis.iu.edu/index.php/jlas/article/download/27106/24837
Stanford,2023-24,2025-26,"2023-24, 2024-25, 2025-26",False,unbounded,2022-23,,https://journals.indianapolis.iu.edu/index.php/jlas/article/download/27106/24837,
Syracuse,2019-20,2024-25,"2020-21, 2021-22, 2022-23, 2023-24, 2024-25",True,bounded_same_brand,2018-19,2025-26,https://cuse.com/news/2019/6/14/general-syracuse-and-nike-extend-partnership,https://cuse.com/news/2026/5/22/mens-lacrosse-cuse-at-championship-weekend-live-blog
TCU,2018-19,2024-25,"2018-19, 2020-21, 2021-22, 2022-23, 2023-24, 2024-25",True,bounded_same_brand,2017-18,2025-26,https://www2.kusports.com/weblogs/tale-tait/2017/sep/28/kus-deal-with-adidas-is-companys-second/,https://web.archive.org/web/20251116001121/https://gofrogs.com/
Tennessee,2019-20,2019-20,,False,excluded_seasons_only,2018-19,2020-21,https://utsports.com/news/2014/1/31/UT_Announces_Partnership_With_NIKE,https://utsports.com/news/2014/1/31/UT_Announces_Partnership_With_NIKE
Texas,2019-20,2019-20,,False,excluded_seasons_only,2018-19,2020-21,https://www.utsystem.edu/sites/default/files/offices/board-of-regents/board-meetings/board-minutes/10-30-2015meeting1141.pdf,https://www.utsystem.edu/sites/default/files/offices/board-of-regents/board-meetings/board-minutes/10-30-2015meeting1141.pdf
Texas A&M,2019-20,2019-20,,False,excluded_seasons_only,2018-19,2020-21,https://cdn.vox-cdn.com/uploads/chorus_asset/file/3974634/Adidas_FINAL__1_.0.pdf,https://cdn.vox-cdn.com/uploads/chorus_asset/file/3974634/Adidas_FINAL__1_.0.pdf
Texas Tech,2019-20,2019-20,,False,excluded_seasons_only,2018-19,2020-21,https://texastech.com/news/2015/2/17/Texas_Tech_Agrees_To_Six_Year_Extension_With_Under_Armour,https://www.sportsbusinessjournal.com/Articles/2023/10/24/texas-tech-joining-adidas-leaving-under-armour-patrick-mahomes-instagram-post/
UCF,2019-20,2019-20,,False,excluded_seasons_only,2018-19,2020-21,https://ucfknights.com/news/2023/10/31/ucf-athletics-and-nike-extend-agreement-through-2029,https://ucfknights.com/news/2023/10/31/ucf-athletics-and-nike-extend-agreement-through-2029
UCLA,2019-20,2019-20,,False,excluded_seasons_only,2018-19,2020-21,https://uclabruins.com/news/2017/07/1/ucla-under-armour-kick-off-partnership,https://www.latimes.com/sports/story/2020-10-08/ucla-seeking-new-apparel-partner-will-wear-under-armour-this-year
USC,2019-20,2019-20,,False,excluded_seasons_only,2018-19,2020-21,https://usctrojans.com/news/2026/7/14/usc-trojans-athletics-nike-jerseys-uniforms-gear-apparel-shoes-deal-extension-nil,https://usctrojans.com/news/2026/7/14/usc-trojans-athletics-nike-jerseys-uniforms-gear-apparel-shoes-deal-extension-nil
Utah,2019-20,2019-20,,False,excluded_seasons_only,2018-19,2020-21,https://utahutes.com/news/2016/10/12/general-utah-athletics-and-under-armour-sign-extension,https://utahutes.com/news/2016/10/12/general-utah-athletics-and-under-armour-sign-extension
Vanderbilt,2019-20,2019-20,,False,excluded_seasons_only,2018-19,2020-21,https://vucommodores.com/news/2015/07/07/vanderbilt-nike-expand-agreement,https://vucommodores.com/news/2015/07/07/vanderbilt-nike-expand-agreement
Vanderbilt,2023-24,2025-26,"2023-24, 2024-25, 2025-26",False,unbounded,2022-23,,https://vucommodores.com/news/2015/07/07/vanderbilt-nike-expand-agreement,
Virginia,2018-19,2024-25,"2018-19, 2020-21, 2021-22, 2022-23, 2023-24, 2024-25",True,bounded_same_brand,2017-18,2025-26,https://athleticdirectoru.com/articles/cash-is-king-in-intercollegiate-apparel-agreements/,https://static.virginiasports.com/pdfs/w-bball/2025-26/GameNotes/012426-NCSU-GameNotes.pdf
Virginia Tech,2019-20,2019-20,,False,excluded_seasons_only,2018-19,2020-21,https://techsideline.com/article/2016/05/25/virginia-techs-nike-deal,https://techsideline.com/article/2016/05/25/virginia-techs-nike-deal
Virginia Tech,2022-23,2024-25,"2022-23, 2023-24, 2024-25",True,bounded_same_brand,2021-22,2025-26,https://techsideline.com/article/2016/05/25/virginia-techs-nike-deal,https://web.archive.org/web/20251001074352/https://hokiesports.com/
Wake Forest,2017-18,2020-21,"2017-18, 2018-19, 2020-21",False,unbounded,,2021-22,,https://godeacs.com/news/2021/12/16/general-wake-forest-teams-with-winston-salem-headquartered-globally-renowned-hanesbrands-inc-as-primary-licensed-apparel-partner
Wake Forest,2022-23,2025-26,"2022-23, 2023-24, 2024-25, 2025-26",False,unbounded,2021-22,,https://godeacs.com/news/2021/12/16/general-wake-forest-teams-with-winston-salem-headquartered-globally-renowned-hanesbrands-inc-as-primary-licensed-apparel-partner,
Washington,2019-20,2019-20,,False,excluded_seasons_only,2018-19,2020-21,https://www.seattlepi.com/sports/uw_huskies_wsu_cougars/article/The-Three-Stripe-era-UW-athletics-announces-14064340.php,https://gohuskies.com/news/2018/4/10/general-university-of-washington-agrees-to-terms-on-10-year-partnership-with-adidas
West Virginia,2019-20,2019-20,,False,excluded_seasons_only,2018-19,2020-21,https://www2.kusports.com/weblogs/tale-tait/2017/sep/28/kus-deal-with-adidas-is-companys-second/,https://www2.kusports.com/weblogs/tale-tait/2017/sep/28/kus-deal-with-adidas-is-companys-second/
Wisconsin,2019-20,2019-20,,False,excluded_seasons_only,2018-19,2020-21,https://uwbadgers.com/news/2015/10/9/GEN_1012155509,https://uwbadgers.com/news/2015/10/9/GEN_1012155509
Yale,2019-20,2019-20,,False,excluded_seasons_only,2018-19,2020-21,https://yalebulldogs.com/news/2026/9/3/general-yale-athletics-and-under-armour-extend-partnership-through-2036.aspx,https://yalebulldogs.com/news/2026/9/3/general-yale-athletics-and-under-armour-extend-partnership-through-2036.aspx
