school,covered_seasons,verified_seasons,tier_A,tier_B,tier_C,missing_seasons,research_status,required_followup,source_urls
Alabama,8,8,8,0,0,,reviewed_full_coverage,None for threshold; C remains inferred and is excluded from sensitivity analysis.,https://athleticdirectoru.com/articles/cash-is-king-in-intercollegiate-apparel-agreements/ | https://www.sportsbusinessjournal.com/Articles/2025/08/28/alabama-quietly-extended-nike-deal-a-few-years-ago-terms-kept-private/?issueId=3MXGPV7JIFCSHHS6YCWC3BPPFM
Arizona,8,8,8,0,0,,reviewed_full_coverage,None for threshold; C remains inferred and is excluded from sensitivity analysis.,https://arizonawildcats.com/news/2015/8/13/210266319 | https://arizonawildcats.com/news/2025/3/3/general-wildcats-ink-landmark-contract-renewal-with-nike
Arizona State,8,6,5,1,2,,reviewed_full_coverage,None for threshold; C remains inferred and is excluded from sensitivity analysis.,https://thesundevils.com/news/2014/12/16/sun-devil-athletics-adidas-announce-8-year-partnership | https://web.archive.org/web/20251119100055/http://thesundevils.com/
Arkansas,8,2,0,2,6,,reviewed_full_coverage,None for threshold; C remains inferred and is excluded from sensitivity analysis.,https://arkansasrazorbacks.com/arkansas-to-celebrate-norm-debriyn-night-on-march-27-at-baum-walker-stadium/ | https://web.archive.org/web/20171001190209/http://www.arkansasrazorbacks.com/
Auburn,8,8,8,0,0,,reviewed_full_coverage,None for threshold; C remains inferred and is excluded from sensitivity analysis.,https://auburntigers.com/news/2025/07/1/auburn-athletics-begins-nike-era | https://auburntigers.com/news/2025/07/24/such-an-iconic-mark-how-auburn-equipment-managed-the-switch-to-nike
BYU,8,8,8,0,0,,reviewed_full_coverage,None for threshold; C remains inferred and is excluded from sensitivity analysis.,https://byucougars.com/news/2019/03/08/byu-announces-new-nike-partnership
Baylor,8,4,1,3,4,,reviewed_full_coverage,None for threshold; C remains inferred and is excluded from sensitivity analysis.,https://baylorbears.com/documents/download/2022/5/2/BU_BSB_Game_Notes_2022_45_Tarleton.pdf | https://baylorbears.com/documents/download/2025/12/12/BU_WBB_Notes_12_Texas.pdf | https://baylorbears.com/news/2019/4/15/baylor-athletics-unveils-united-a-unified-visual-identity-in-partnership-with-nike | https://web.archive.org/web/20251116054613/https://baylorbears.com/ | https://www2.kusports.com/weblogs/tale-tait/2017/sep/28/kus-deal-with-adidas-is-companys-second/
Boston College,8,8,8,0,0,,reviewed_full_coverage,None for threshold; C remains inferred and is excluded from sensitivity analysis.,https://bceagles.com/news/2015/3/12/Under_Armour_BC_Extend_Long_Term_Partnership | https://bceagles.com/news/2021/4/13/boston-college-athletics-announces-10-year-agreement-with-new-balance | https://bceagles.com/news/2025/6/2/football-new-balance-and-boston-college-expand-their-historic-sponsorship
California,8,8,8,0,0,,reviewed_full_coverage,None for threshold; C remains inferred and is excluded from sensitivity analysis.,https://calbears.com/news/2017/5/31/athletics-news-cal-under-armour-launch-partnership.aspx | https://calbears.com/news/2023/1/11/athletics-news-cal-athletics-enters-into-new-partnership-with-nike | https://writeforcalifornia.com/p/cal-under-armour-nike-deal
Cincinnati,8,8,8,0,0,,reviewed_full_coverage,None for threshold; C remains inferred and is excluded from sensitivity analysis.,https://gobearcats.com/news/2023/12/11/cincinnati-athletics-announces-agreement-with-nike-inc-through-2029 | https://www.si.com/college/cincinnati/news/uc-officially-announces-nike-jordan-brand-deal-with-bsn-sports
Clemson,8,8,8,0,0,,reviewed_full_coverage,None for threshold; C remains inferred and is excluded from sensitivity analysis.,https://athleticdirectoru.com/articles/cash-is-king-in-intercollegiate-apparel-agreements/ | https://clemsontigers.com/news/2018/08/03/clemson-nike-agree-to-10-year-partnership-extension
Colorado,7,7,7,0,0,2025-26,reviewed_partial_coverage,Unknown retained; future dated official evidence needed. Research stopped at the agreed 90% threshold.,https://athleticdirectoru.com/articles/cash-is-king-in-intercollegiate-apparel-agreements/ | https://football.hkm.com/wp-content/uploads/2020/08/2020_02-28_DORRELL_Karl_Employment_Agreement_FINAL_FOR_REGENT_APPROVAL-FULLY-EXECUTED.pdf
Cornell,1,1,0,1,0,"2017-18, 2018-19, 2020-21, 2021-22, 2022-23, 2023-24, 2024-25",reviewed_partial_coverage,Unknown retained; future dated official evidence needed. Research stopped at the agreed 90% threshold.,https://web.archive.org/web/20251116000010/https://cornellbigred.com/
Denver,2,2,2,0,0,"2017-18, 2018-19, 2021-22, 2022-23, 2023-24, 2024-25",reviewed_partial_coverage,Unknown retained; future dated official evidence needed. Research stopped at the agreed 90% threshold.,https://denverpioneers.com/news/2021/3/3/athletics-university-of-denver-joins-with-new-balance-and-bsn-sports | https://denverpioneers.com/news/2025/6/3/athletics-denver-and-under-armour-begin-new-official-athletic-apparel-partnership
Duke,8,8,8,0,0,,reviewed_full_coverage,None for threshold; C remains inferred and is excluded from sensitivity analysis.,https://goduke.com/news/2015/10/15/210424501
Florida,8,7,6,1,1,,reviewed_full_coverage,None for threshold; C remains inferred and is excluded from sensitivity analysis.,https://athleticdirectoru.com/articles/cash-is-king-in-intercollegiate-apparel-agreements/ | https://floridagators.com/sports/2025/8/6/overview-name-image-likeness | https://www.onlygators.com/02/25/2015/florida-gators-extend-apparel-contract-with-nike/
Florida State,8,8,8,0,0,,reviewed_full_coverage,None for threshold; C remains inferred and is excluded from sensitivity analysis.,https://athleticdirectoru.com/articles/cash-is-king-in-intercollegiate-apparel-agreements/ | https://seminoles.com/documents/download/2024/1/15/Florida_State_University_Department_of_Intercollegiate_Athletics_FY23.pdf
Georgia,6,6,6,0,0,"2024-25, 2025-26",reviewed_partial_coverage,Unknown retained; future dated official evidence needed. Research stopped at the agreed 90% threshold.,https://www.sportsbusinessjournal.com/Daily/Issues/2015/05/20/Marketing-and-Sponsorship/Georgia-Nike/
Georgia Tech,8,8,8,0,0,,reviewed_full_coverage,None for threshold; C remains inferred and is excluded from sensitivity analysis.,https://athleticdirectoru.com/articles/cash-is-king-in-intercollegiate-apparel-agreements/ | https://ramblinwreck.com/news/2017/08/22/georgia-tech-joins-adidas-roster-of-collegiate-partnerships | https://www.ajc.com/sports/2025/10/georgia-tech-switching-to-under-armour-for-uniforms-apparel/
Harvard,0,0,0,0,0,"2017-18, 2018-19, 2020-21, 2021-22, 2022-23, 2023-24, 2024-25, 2025-26",reviewed_partial_coverage,Unknown retained; future dated official evidence needed. Research stopped at the agreed 90% threshold.,
Houston,8,3,2,1,5,,reviewed_full_coverage,None for threshold; C remains inferred and is excluded from sensitivity analysis.,https://athleticdirectoru.com/articles/cash-is-king-in-intercollegiate-apparel-agreements/ | https://web.archive.org/web/20251001185258/https://uhcougars.com/ | https://www.houstonchronicle.com/texas-sports-nation/college/article/houston-cougars-basketball-jordan-brand-impact-17851683.php
Illinois,8,8,8,0,0,,reviewed_full_coverage,None for threshold; C remains inferred and is excluded from sensitivity analysis.,https://fightingillini.com/news/2016/1/15/GEN_0115160058
Indiana,8,8,8,0,0,,reviewed_full_coverage,None for threshold; C remains inferred and is excluded from sensitivity analysis.,https://iuhoosiers.com/news/2015/8/18/GEN_0818151235 | https://www.thedailyhoosier.com/iu-athletics-and-adidas-finalize-10-year-contract-extension/
Iowa,8,2,1,1,6,,reviewed_full_coverage,None for threshold; C remains inferred and is excluded from sensitivity analysis.,https://athleticdirectoru.com/articles/cash-is-king-in-intercollegiate-apparel-agreements/ | https://storage.googleapis.com/hawkeyesports-prod/2025/08/08/lHevgLs5g2dEn9QRHyw3s8aAr2N1LOMtmBm9UyIC.pdf
Iowa State,1,1,1,0,0,"2018-19, 2020-21, 2021-22, 2022-23, 2023-24, 2024-25, 2025-26",reviewed_partial_coverage,Unknown retained; future dated official evidence needed. Research stopped at the agreed 90% threshold.,https://www2.kusports.com/weblogs/tale-tait/2017/sep/28/kus-deal-with-adidas-is-companys-second/
Kansas,8,8,8,0,0,,reviewed_full_coverage,None for threshold; C remains inferred and is excluded from sensitivity analysis.,https://news.adidas.com/sports-performance/adidas-and-university-of-kansas-announce-an-extension-in-their-long-term-partnership/s/75f006e9-ed57-4ba1-b3fe-ddc1372145ff
Kansas State,8,8,8,0,0,,reviewed_full_coverage,None for threshold; C remains inferred and is excluded from sensitivity analysis.,https://www.kansas.com/sports/college/big-12/kansas-state/article254569392.html | https://www.kansas.com/sports/college/big-12/kansas-state/article285714486.html | https://www2.kusports.com/weblogs/tale-tait/2017/sep/28/kus-deal-with-adidas-is-companys-second/
Kentucky,8,8,8,0,0,,reviewed_full_coverage,None for threshold; C remains inferred and is excluded from sensitivity analysis.,https://www.kentucky.com/sports/college/kentucky-sports/article311623013.html | https://www.sportsbusinessjournal.com/Daily/Issues/2015/03/05/Marketing-and-Sponsorship/UK-Nike/
LSU,8,8,8,0,0,,reviewed_full_coverage,None for threshold; C remains inferred and is excluded from sensitivity analysis.,https://about.nike.com/en/newsroom/releases/nike-lsu-partnership-extension
Louisville,8,8,8,0,0,,reviewed_full_coverage,None for threshold; C remains inferred and is excluded from sensitivity analysis.,https://gocards.com/news/2017/8/25/general-louisville-adidas-strike-landmark-10-year-partnership-through-2027-28
Maryland,8,8,8,0,0,,reviewed_full_coverage,None for threshold; C remains inferred and is excluded from sensitivity analysis.,https://about.underarmour.com/en/stories/2024/06/university-of-maryland-and-under-armour-announce-12-year-extensi.html
Miami (FL),8,8,8,0,0,,reviewed_full_coverage,None for threshold; C remains inferred and is excluded from sensitivity analysis.,https://miamihurricanes.com/news/2021/02/15/championship-colors
Michigan,8,8,8,0,0,,reviewed_full_coverage,None for threshold; C remains inferred and is excluded from sensitivity analysis.,https://finance.umich.edu/reports/2016/category/athletics/
Michigan State,8,8,8,0,0,,reviewed_full_coverage,None for threshold; C remains inferred and is excluded from sensitivity analysis.,https://spartanavenue.com/posts/michigan-state-and-nike-strike-deal-to-extend-contract-01j364s62zn9 | https://www.sportsbusinessjournal.com/Daily/Issues/2015/07/20/Marketing-and-Sponsorship/MSU-Nike/
Minnesota,8,7,7,0,1,,reviewed_full_coverage,None for threshold; C remains inferred and is excluded from sensitivity analysis.,https://athleticdirectoru.com/articles/cash-is-king-in-intercollegiate-apparel-agreements/ | https://regents.umn.edu/sites/regents.umn.edu/files/2020-02/minutes-dec2019.pdf | https://regents.umn.edu/sites/regents.umn.edu/files/2023-02/minutes-dec2022.pdf
Mississippi State,8,4,3,1,4,,reviewed_full_coverage,None for threshold; C remains inferred and is excluded from sensitivity analysis.,https://hailstate.com/sports/2014/4/16/209467396 | https://web.archive.org/web/20251002011106/https://hailstate.com/
Missouri,8,2,1,1,6,,reviewed_full_coverage,None for threshold; C remains inferred and is excluded from sensitivity analysis.,https://athleticdirectoru.com/articles/cash-is-king-in-intercollegiate-apparel-agreements/ | https://mutigers.com/documents/download/2025/9/16/GameNotes_FULL_USC_G4.pdf
Nebraska,8,8,8,0,0,,reviewed_full_coverage,None for threshold; C remains inferred and is excluded from sensitivity analysis.,https://huskers.com/news/2017/08/11/adidas-and-nebraska-renew-partnership-to-2028
New Mexico,8,8,8,0,0,,reviewed_full_coverage,None for threshold; C remains inferred and is excluded from sensitivity analysis.,https://golobos.com/news/2023/10/12/lobos-nike-announce-extension-through-2027
North Carolina,8,8,8,0,0,,reviewed_full_coverage,None for threshold; C remains inferred and is excluded from sensitivity analysis.,https://athleticdirectoru.com/articles/cash-is-king-in-intercollegiate-apparel-agreements/ | https://goheels.com/news/2018/12/18/general-carolina-announces-contract-extension-for-williams
North Carolina State,8,5,5,0,3,,reviewed_full_coverage,None for threshold; C remains inferred and is excluded from sensitivity analysis.,https://web.archive.org/web/20251002035456/https://gopack.com/ | https://www.on3.com/teams/nc-state-wolfpack/news/exclusive-nc-state-extends-partnership-with-adidas-runs-through-2032/ | https://www.youtube.com/watch?v=KGYQAXrN5w4
Northwestern,8,8,8,0,0,,reviewed_full_coverage,None for threshold; C remains inferred and is excluded from sensitivity analysis.,https://about.underarmour.com/en/stories/2025/03/under-armour-and-northwestern-university-announce-extension-of-p.html
Notre Dame,8,8,8,0,0,,reviewed_full_coverage,None for threshold; C remains inferred and is excluded from sensitivity analysis.,https://about.underarmour.com/en/stories/2023/08/under-armour-and-notre-dame-march-on-together-.html
Ohio State,8,8,8,0,0,,reviewed_full_coverage,None for threshold; C remains inferred and is excluded from sensitivity analysis.,https://ohiostatebuckeyes.com/news/2016/1/14/ohio-state-and-nike-sign-groundbreaking-college-partnership
Oklahoma,8,8,8,0,0,,reviewed_full_coverage,None for threshold; C remains inferred and is excluded from sensitivity analysis.,https://www.oudaily.com/sports/oklahoma-sports-ou-contract-with-nike-jordan-brand-worth-near-70-million/article_b59e45c0-911b-11e8-8d0b-43bb3d5f5abf.html
Oklahoma State,7,7,7,0,0,2025-26,reviewed_partial_coverage,Unknown retained; future dated official evidence needed. Research stopped at the agreed 90% threshold.,https://www2.kusports.com/weblogs/tale-tait/2017/sep/28/kus-deal-with-adidas-is-companys-second/
Ole Miss,8,8,8,0,0,,reviewed_full_coverage,None for threshold; C remains inferred and is excluded from sensitivity analysis.,https://olemisssports.com/news/2015/8/31/Ole_Miss_Makes_Major_Announcements
Oregon,8,8,8,0,0,,reviewed_full_coverage,None for threshold; C remains inferred and is excluded from sensitivity analysis.,https://trustees.uoregon.edu/sites/default/files/minutes_-_full_bot_12.08.17.pdf
Penn State,8,8,8,0,0,,reviewed_full_coverage,None for threshold; C remains inferred and is excluded from sensitivity analysis.,https://www.centredaily.com/sports/college/penn-state-university/article316333759.html
Pittsburgh,8,8,8,0,0,,reviewed_full_coverage,None for threshold; C remains inferred and is excluded from sensitivity analysis.,https://pittsburghpanthers.com/news/2023/7/6/general-pitt-extends-partnership-with-nike-through-2026
Princeton,2,2,0,2,0,"2017-18, 2018-19, 2020-21, 2023-24, 2024-25, 2025-26",reviewed_partial_coverage,Unknown retained; future dated official evidence needed. Research stopped at the agreed 90% threshold.,https://goprincetontigers.com/documents/download/2023/5/24/Princeton_NIL_Policy__May_2023__26_.pdf_timestamp_20230524015649.pdf | https://s3.us-east-2.amazonaws.com/sidearm.nextgen.sites/princeton.sidearmsports.com/documents/2021/7/28/NIL_FAQ_for_Student_Athletes_7_28_21.pdf?timestamp=20210728052335
Purdue,8,2,1,1,6,,reviewed_full_coverage,None for threshold; C remains inferred and is excluded from sensitivity analysis.,https://athleticdirectoru.com/articles/cash-is-king-in-intercollegiate-apparel-agreements/ | https://web.archive.org/web/20251115235824/https://purduesports.com/
Rutgers,8,8,8,0,0,,reviewed_full_coverage,None for threshold; C remains inferred and is excluded from sensitivity analysis.,https://scarletknights.com/news/2017/2/13/Rutgers_Athletics_Announces_Partnership_with_adidas | https://scarletknights.com/news/2024/12/17/general-athletics-signs-apparel-partnership-with-nike-and-bsn-sports | https://sports.yahoo.com/rutgers-approve-nike-athletics-apparel-200631396.html
SMU,8,2,0,2,6,,reviewed_full_coverage,None for threshold; C remains inferred and is excluded from sensitivity analysis.,https://web.archive.org/web/20171001043446/http://smumustangs.com/ | https://web.archive.org/web/20251001093455/https://smumustangs.com/
South Carolina,8,8,8,0,0,,reviewed_full_coverage,None for threshold; C remains inferred and is excluded from sensitivity analysis.,https://www.sc.edu/uofsc/posts/2025/08/board-of-trustees-briefs-august-2025.php
Stanford,1,1,1,0,0,"2017-18, 2018-19, 2020-21, 2021-22, 2023-24, 2024-25, 2025-26",reviewed_partial_coverage,Unknown retained; future dated official evidence needed. Research stopped at the agreed 90% threshold.,https://journals.indianapolis.iu.edu/index.php/jlas/article/download/27106/24837
Syracuse,8,3,2,1,5,,reviewed_full_coverage,None for threshold; C remains inferred and is excluded from sensitivity analysis.,https://cuse.com/news/2019/6/14/general-syracuse-and-nike-extend-partnership | https://cuse.com/news/2026/5/22/mens-lacrosse-cuse-at-championship-weekend-live-blog
TCU,8,2,1,1,6,,reviewed_full_coverage,None for threshold; C remains inferred and is excluded from sensitivity analysis.,https://web.archive.org/web/20251116001121/https://gofrogs.com/ | https://www2.kusports.com/weblogs/tale-tait/2017/sep/28/kus-deal-with-adidas-is-companys-second/
Tennessee,8,8,8,0,0,,reviewed_full_coverage,None for threshold; C remains inferred and is excluded from sensitivity analysis.,https://sports.yahoo.com/article/tennessee-athletics-switching-adidas-nike-181159677.html | https://utsports.com/news/2014/1/31/UT_Announces_Partnership_With_NIKE
Texas,8,8,8,0,0,,reviewed_full_coverage,None for threshold; C remains inferred and is excluded from sensitivity analysis.,https://www.utsystem.edu/sites/default/files/offices/board-of-regents/board-meetings/board-minutes/10-30-2015meeting1141.pdf
Texas A&M,8,8,8,0,0,,reviewed_full_coverage,None for threshold; C remains inferred and is excluded from sensitivity analysis.,https://cdn.vox-cdn.com/uploads/chorus_asset/file/3974634/Adidas_FINAL__1_.0.pdf | https://www.sportsbusinessjournal.com/Articles/2024/05/06/texas-am-aggies-renew-adidas-partnership/?issueId=VD7KES7GVMHBL2WFUIH7JMKCKU
Texas Tech,8,8,8,0,0,,reviewed_full_coverage,None for threshold; C remains inferred and is excluded from sensitivity analysis.,https://texastech.com/news/2015/2/17/Texas_Tech_Agrees_To_Six_Year_Extension_With_Under_Armour | https://texastech.com/news/2024/7/1/general-texas-tech-adidas-launch-10-year-partnership | https://www.sportsbusinessjournal.com/Articles/2023/10/24/texas-tech-joining-adidas-leaving-under-armour-patrick-mahomes-instagram-post/
UCF,8,8,8,0,0,,reviewed_full_coverage,None for threshold; C remains inferred and is excluded from sensitivity analysis.,https://ucfknights.com/news/2023/10/31/ucf-athletics-and-nike-extend-agreement-through-2029
UCLA,8,8,8,0,0,,reviewed_full_coverage,None for threshold; C remains inferred and is excluded from sensitivity analysis.,https://uclabruins.com/documents/download/2024/9/19/02-Release_Indiana_2024_FB.pdf | https://uclabruins.com/news/2017/07/1/ucla-under-armour-kick-off-partnership | https://www.latimes.com/sports/story/2020-10-08/ucla-seeking-new-apparel-partner-will-wear-under-armour-this-year
USC,8,8,8,0,0,,reviewed_full_coverage,None for threshold; C remains inferred and is excluded from sensitivity analysis.,https://usctrojans.com/news/2026/7/14/usc-trojans-athletics-nike-jerseys-uniforms-gear-apparel-shoes-deal-extension-nil
Utah,8,8,8,0,0,,reviewed_full_coverage,None for threshold; C remains inferred and is excluded from sensitivity analysis.,https://utahutes.com/news/2016/10/12/general-utah-athletics-and-under-armour-sign-extension
Vanderbilt,5,5,5,0,0,"2023-24, 2024-25, 2025-26",reviewed_partial_coverage,Unknown retained; future dated official evidence needed. Research stopped at the agreed 90% threshold.,https://vucommodores.com/news/2015/07/07/vanderbilt-nike-expand-agreement
Virginia,8,2,1,1,6,,reviewed_full_coverage,None for threshold; C remains inferred and is excluded from sensitivity analysis.,https://athleticdirectoru.com/articles/cash-is-king-in-intercollegiate-apparel-agreements/ | https://static.virginiasports.com/pdfs/w-bball/2025-26/GameNotes/012426-NCSU-GameNotes.pdf
Virginia Tech,8,5,4,1,3,,reviewed_full_coverage,None for threshold; C remains inferred and is excluded from sensitivity analysis.,https://techsideline.com/article/2016/05/25/virginia-techs-nike-deal | https://web.archive.org/web/20251001074352/https://hokiesports.com/
Wake Forest,1,1,0,1,0,"2017-18, 2018-19, 2020-21, 2022-23, 2023-24, 2024-25, 2025-26",reviewed_partial_coverage,Unknown retained; future dated official evidence needed. Research stopped at the agreed 90% threshold.,https://godeacs.com/news/2021/12/16/general-wake-forest-teams-with-winston-salem-headquartered-globally-renowned-hanesbrands-inc-as-primary-licensed-apparel-partner
Washington,8,8,8,0,0,,reviewed_full_coverage,None for threshold; C remains inferred and is excluded from sensitivity analysis.,https://gohuskies.com/news/2018/4/10/general-university-of-washington-agrees-to-terms-on-10-year-partnership-with-adidas | https://www.seattlepi.com/sports/uw_huskies_wsu_cougars/article/The-Three-Stripe-era-UW-athletics-announces-14064340.php
West Virginia,8,8,8,0,0,,reviewed_full_coverage,None for threshold; C remains inferred and is excluded from sensitivity analysis.,https://www2.kusports.com/weblogs/tale-tait/2017/sep/28/kus-deal-with-adidas-is-companys-second/
Wisconsin,8,8,8,0,0,,reviewed_full_coverage,None for threshold; C remains inferred and is excluded from sensitivity analysis.,https://uwbadgers.com/news/2015/10/9/GEN_1012155509
Yale,8,8,8,0,0,,reviewed_full_coverage,None for threshold; C remains inferred and is excluded from sensitivity analysis.,https://yalebulldogs.com/news/2026/9/3/general-yale-athletics-and-under-armour-extend-partnership-through-2036.aspx
