school,previous_brand,brand,season,source_url,event_basis,notes,transition_date,date_precision
Georgia Tech,other,adidas,2018-19,https://ramblinwreck.com/news/2017/08/22/georgia-tech-joins-adidas-roster-of-collegiate-partnerships,,,2018-07-01,effective date
Washington,Nike,adidas,2019-20,https://gohuskies.com/news/2018/4/10/general-university-of-washington-agrees-to-terms-on-10-year-partnership-with-adidas,dated announcement; not necessarily eligible for adjacent-season comparison,Effective July 2019. Cancelled 2019-20 outcome excluded; do not shift event to 2020-21.,2019-07-01,effective date
Boston College,Under Armour,other,2021-22,https://bceagles.com/news/2021/4/13/boston-college-athletics-announces-10-year-agreement-with-new-balance,dated announcement; not necessarily eligible for adjacent-season comparison,"2020-21 assigned Under Armour under majority-competition rule; June 1, 2021 New Balance launch for 30 of 31 teams. First full season 2021-22; football initially excepted.",2021-06-01,effective date
UCLA,Under Armour,Nike,2021-22,https://uclabruins.com/documents/download/2024/9/19/02-Release_Indiana_2024_FB.pdf,,,2021-07-01,effective date
California,Under Armour,Nike,2023-24,https://calbears.com/news/2023/1/11/athletics-news-cal-athletics-enters-into-new-partnership-with-nike,,,2023-07-01,effective date
Cincinnati,Under Armour,Nike,2023-24,https://gobearcats.com/news/2023/12/11/cincinnati-athletics-announces-agreement-with-nike-inc-through-2029,,,2023-07-01,effective date
Texas Tech,Under Armour,adidas,2024-25,https://texastech.com/news/2024/7/1/general-texas-tech-adidas-launch-10-year-partnership,,,2024-07-01,effective date
Auburn,Under Armour,Nike,2025-26,https://auburntigers.com/news/2025/07/1/auburn-athletics-begins-nike-era,,,2025-07-01,effective date
Denver,other,Under Armour,2025-26,https://denverpioneers.com/news/2025/6/3/athletics-denver-and-under-armour-begin-new-official-athletic-apparel-partnership,dated announcement; not necessarily eligible for adjacent-season comparison,First full academic season after June 2025 launch. Prior New Balance agreement has unresolved seasonal coverage.,2025-06-03,announcement date; exact first competition use not established
Rutgers,adidas,Nike,2025-26,https://scarletknights.com/news/2024/12/17/general-athletics-signs-apparel-partnership-with-nike-and-bsn-sports,,,2025-07-01,effective date
