school,coaching_status,coaching_change,coaching_date,coaching_source_url,realignment_note,switch_season,covid_gap,covid_note,observed_conferences,observed_realignment,coaching_screen_limit,realignment_source_url,realignment_date
Washington,identified,"Chris Petersen stepped down and Jimmy Lake was named football head coach in December 2019, within the case window.",2019-12-02,https://gohuskies.com/news/2019/12/2/football-petersen-to-step-down-lake-named-new-huskies-head-coach,No main-conference change in the observed 2017-18 through 2021-22 case seasons. Later Big Ten move is outside this window.,2019-20,True,2019-20 was cancelled and has no annual final; preserve the calendar gap. 2020-21 pandemic disruptions also fall in this window.,Pac-12,False,Targeted screen of football and basketball leadership changes and main-conference changes; not an exhaustive coaching census across every sport. No identified change is not evidence of no change.,,
Boston College,identified,"Earl Grant was named men's basketball head coach in March 2021, shortly before the provider transition.",2021-03-15,https://bceagles.com/news/2021/3/15/mens-basketball-boston-college-names-earl-grant-head-mens-basketball-coach,No main-conference change in the available case seasons.,2021-22,True,2019-20 was cancelled and has no annual final; preserve the calendar gap. 2020-21 pandemic disruptions also fall in this window.,ACC,False,Targeted screen of football and basketball leadership changes and main-conference changes; not an exhaustive coaching census across every sport. No identified change is not evidence of no change.,,
Denver,identified,"Tim Bergstraser was named men's basketball head coach on April 14, 2025; his first season was 2025-26.",2025-04-14,https://denverpioneers.com/staff-directory/tim-bergstraser/595,Summit League throughout observed case seasons. A 2026-27 West Coast Conference move is noted by the official coach biography but falls beyond the available outcomes.,2025-26,False,No 2019-20/2020-21 season in this window.,Summit,False,Targeted screen of football and basketball leadership changes and main-conference changes; not an exhaustive coaching census across every sport. No identified change is not evidence of no change.,https://denverpioneers.com/staff-directory/tim-bergstraser/595,
California,identified,"Mark Madsen was named men's basketball head coach in March 2023, before the 2023-24 Nike season.",2023-03-29,https://calbears.com/news/2023/3/29/mens-basketball-mark-madsen-named-cal-mens-basketball-head-coach,"Pac-12 to ACC in 2024-25; official ACC membership began August 2, 2024, within the post-switch window.",2023-24,False,No 2019-20/2020-21 season in this window.,Pac-12 → ACC,True,Targeted screen of football and basketball leadership changes and main-conference changes; not an exhaustive coaching census across every sport. No identified change is not evidence of no change.,https://calbears.com/news/2024/8/2/athletics-news-its-home,2024-08-02
Rutgers,not established in window,"The targeted source documents Coquese Washington's women's basketball appointment in May 2022, outside this 2023-24 through 2027-28 window. No claim that all coaching staffs were unchanged.",2022-05-23,https://scarletknights.com/news/2022/5/23/coquese-washington-named-rutgers-head-womens-basketball-coach,No main-conference change in the available case seasons.,2025-26,False,No 2019-20/2020-21 season in this window.,Big Ten,False,Targeted screen of football and basketball leadership changes and main-conference changes; not an exhaustive coaching census across every sport. No identified change is not evidence of no change.,,
UCLA,identified,Mick Cronin was hired as men's basketball head coach in April 2019; his first season was the excluded 2019-20 season at the start of this case window.,2019-04-09,https://uclabruins.com/sports/mens-basketball/roster/season/2020-21/staff/mick-cronin,"Pac-12 throughout the observed case window, which ends in 2023-24. The subsequent 2024-25 Big Ten move is outside the window.",2021-22,True,2019-20 was cancelled and has no annual final; preserve the calendar gap. 2020-21 pandemic disruptions also fall in this window.,Pac-12,False,Targeted screen of football and basketball leadership changes and main-conference changes; not an exhaustive coaching census across every sport. No identified change is not evidence of no change.,,
Cincinnati,identified,Scott Satterfield was named football head coach in December 2022 and began the 2023 season during the provider and conference changes.,2022-12-05,https://gobearcats.com/news/2022/12/05/cincinnati-announces-scott-satterfield-as-43rd-head-football-coach,"American Athletic Conference to Big 12 on July 1, 2023, coincident with the Nike transition.",2023-24,False,No 2019-20/2020-21 season in this window.,American → Big 12,True,Targeted screen of football and basketball leadership changes and main-conference changes; not an exhaustive coaching census across every sport. No identified change is not evidence of no change.,https://gobearcats.com/news/2022/06/10/cincinnati-to-enter-big-12-on-july-1-2023,2023-07-01
Auburn,identified,Steven Pearl was named men's basketball head coach in September 2025 during the first Nike season.,2025-09-22,https://auburntigers.com/news/2025/9/22/steven-pearl-named-auburn-mens-basketball-head-coach,No main-conference change in the available case seasons.,2025-26,False,No 2019-20/2020-21 season in this window.,SEC,False,Targeted screen of football and basketball leadership changes and main-conference changes; not an exhaustive coaching census across every sport. No identified change is not evidence of no change.,,
Texas Tech,identified,"Grant McCasland was named men's basketball head coach in March 2023 and began in 2023-24, within the pre-switch window.",2023-03-31,https://texastech.com/news/2023/3/31/mens-basketball-grant-mccasland-named-texas-tech-head-coach,Texas Tech remains in the Big 12; changes in Big 12 membership during the window may still alter competition.,2024-25,False,No 2019-20/2020-21 season in this window.,Big 12,False,Targeted screen of football and basketball leadership changes and main-conference changes; not an exhaustive coaching census across every sport. No identified change is not evidence of no change.,,
Georgia Tech,identified,"Paul Johnson announced he would step down as football head coach in November 2018, during the first adidas season.",2018-11-28,https://ramblinwreck.com/news/2018/11/28/johnson-steps-down-as-head-coach,No main-conference change in the available case seasons.,2018-19,True,2019-20 was cancelled and has no annual final; preserve the calendar gap. 2020-21 pandemic disruptions also fall in this window.,ACC,False,Targeted screen of football and basketball leadership changes and main-conference changes; not an exhaustive coaching census across every sport. No identified change is not evidence of no change.,,
