school,switch_season,from_brand,to_brand,transition_date,transition_date_precision,evidence_set,tiers_used,usable,reason,n_pre,n_post,n_school_seasons,n_per_brand,pre_mean_points_pctile,post_mean_points_pctile,descriptive_change,n_tier_a,n_tier_b,n_tier_c,transition_source_url,n_nike,n_adidas,n_under_armour,n_other
Washington,2019-20,Nike,adidas,2019-07-01,effective date,primary,A+B+C,True,At least one covered season on each side; descriptive only.,2,2,4,Nike: 2; adidas: 2; Under Armour: 0; other: 0,92.69129720853859,91.39571894644703,-1.2955782620915528,4,0,0,https://gohuskies.com/news/2018/4/10/general-university-of-washington-agrees-to-terms-on-10-year-partnership-with-adidas,2,2,0,0
Washington,2019-20,Nike,adidas,2019-07-01,effective date,sensitivity,A+B,True,At least one covered season on each side; descriptive only.,2,2,4,Nike: 2; adidas: 2; Under Armour: 0; other: 0,92.69129720853859,91.39571894644703,-1.2955782620915528,4,0,0,https://gohuskies.com/news/2018/4/10/general-university-of-washington-agrees-to-terms-on-10-year-partnership-with-adidas,2,2,0,0
Boston College,2021-22,Under Armour,other,2021-06-01,effective date,primary,A+B+C,True,At least one covered season on each side; descriptive only.,1,3,4,Nike: 0; adidas: 0; Under Armour: 1; other: 3,79.37853107344633,73.90232024667411,-5.476210826772217,4,0,0,https://bceagles.com/news/2021/4/13/boston-college-athletics-announces-10-year-agreement-with-new-balance,0,0,1,3
Boston College,2021-22,Under Armour,other,2021-06-01,effective date,sensitivity,A+B,True,At least one covered season on each side; descriptive only.,1,3,4,Nike: 0; adidas: 0; Under Armour: 1; other: 3,79.37853107344633,73.90232024667411,-5.476210826772217,4,0,0,https://bceagles.com/news/2021/4/13/boston-college-athletics-announces-10-year-agreement-with-new-balance,0,0,1,3
Denver,2025-26,other,Under Armour,2025-06-03,announcement date; exact first competition use not established,primary,A+B+C,False,No covered pre-switch season under the documented former provider within ±2 seasons.,0,1,1,Nike: 0; adidas: 0; Under Armour: 1; other: 0,,81.74157303370787,,1,0,0,https://denverpioneers.com/news/2025/6/3/athletics-denver-and-under-armour-begin-new-official-athletic-apparel-partnership,0,0,1,0
Denver,2025-26,other,Under Armour,2025-06-03,announcement date; exact first competition use not established,sensitivity,A+B,False,No covered pre-switch season under the documented former provider within ±2 seasons.,0,1,1,Nike: 0; adidas: 0; Under Armour: 1; other: 0,,81.74157303370787,,1,0,0,https://denverpioneers.com/news/2025/6/3/athletics-denver-and-under-armour-begin-new-official-athletic-apparel-partnership,0,0,1,0
California,2023-24,Under Armour,Nike,2023-07-01,effective date,primary,A+B+C,True,At least one covered season on each side; descriptive only.,2,3,5,Nike: 3; adidas: 0; Under Armour: 2; other: 0,93.40506727515933,92.50936329588014,-0.8957039792791903,5,0,0,https://calbears.com/news/2023/1/11/athletics-news-cal-athletics-enters-into-new-partnership-with-nike,3,0,2,0
California,2023-24,Under Armour,Nike,2023-07-01,effective date,sensitivity,A+B,True,At least one covered season on each side; descriptive only.,2,3,5,Nike: 3; adidas: 0; Under Armour: 2; other: 0,93.40506727515933,92.50936329588014,-0.8957039792791903,5,0,0,https://calbears.com/news/2023/1/11/athletics-news-cal-athletics-enters-into-new-partnership-with-nike,3,0,2,0
Rutgers,2025-26,adidas,Nike,2025-07-01,effective date,primary,A+B+C,True,At least one covered season on each side; descriptive only.,2,1,3,Nike: 1; adidas: 2; Under Armour: 0; other: 0,79.7752808988764,74.01685393258427,-5.758426966292134,3,0,0,https://scarletknights.com/news/2024/12/17/general-athletics-signs-apparel-partnership-with-nike-and-bsn-sports,1,2,0,0
Rutgers,2025-26,adidas,Nike,2025-07-01,effective date,sensitivity,A+B,True,At least one covered season on each side; descriptive only.,2,1,3,Nike: 1; adidas: 2; Under Armour: 0; other: 0,79.7752808988764,74.01685393258427,-5.758426966292134,3,0,0,https://scarletknights.com/news/2024/12/17/general-athletics-signs-apparel-partnership-with-nike-and-bsn-sports,1,2,0,0
UCLA,2021-22,Under Armour,Nike,2021-07-01,effective date,primary,A+B+C,True,At least one covered season on each side; descriptive only.,1,3,4,Nike: 3; adidas: 0; Under Armour: 1; other: 0,96.61016949152543,96.63232107477582,0.022151583250391127,4,0,0,https://uclabruins.com/documents/download/2024/9/19/02-Release_Indiana_2024_FB.pdf,3,0,1,0
UCLA,2021-22,Under Armour,Nike,2021-07-01,effective date,sensitivity,A+B,True,At least one covered season on each side; descriptive only.,1,3,4,Nike: 3; adidas: 0; Under Armour: 1; other: 0,96.61016949152543,96.63232107477582,0.022151583250391127,4,0,0,https://uclabruins.com/documents/download/2024/9/19/02-Release_Indiana_2024_FB.pdf,3,0,1,0
Cincinnati,2023-24,Under Armour,Nike,2023-07-01,effective date,primary,A+B+C,True,At least one covered season on each side; descriptive only.,2,3,5,Nike: 3; adidas: 0; Under Armour: 2; other: 0,60.241561098434175,55.71161048689138,-4.5299506115427945,5,0,0,https://gobearcats.com/news/2023/12/11/cincinnati-athletics-announces-agreement-with-nike-inc-through-2029,3,0,2,0
Cincinnati,2023-24,Under Armour,Nike,2023-07-01,effective date,sensitivity,A+B,True,At least one covered season on each side; descriptive only.,2,3,5,Nike: 3; adidas: 0; Under Armour: 2; other: 0,60.241561098434175,55.71161048689138,-4.5299506115427945,5,0,0,https://gobearcats.com/news/2023/12/11/cincinnati-athletics-announces-agreement-with-nike-inc-through-2029,3,0,2,0
Auburn,2025-26,Under Armour,Nike,2025-07-01,effective date,primary,A+B+C,True,At least one covered season on each side; descriptive only.,2,1,3,Nike: 1; adidas: 0; Under Armour: 2; other: 0,92.97752808988764,92.97752808988764,0.0,3,0,0,https://auburntigers.com/news/2025/07/1/auburn-athletics-begins-nike-era,1,0,2,0
Auburn,2025-26,Under Armour,Nike,2025-07-01,effective date,sensitivity,A+B,True,At least one covered season on each side; descriptive only.,2,1,3,Nike: 1; adidas: 0; Under Armour: 2; other: 0,92.97752808988764,92.97752808988764,0.0,3,0,0,https://auburntigers.com/news/2025/07/1/auburn-athletics-begins-nike-era,1,0,2,0
Texas Tech,2024-25,Under Armour,adidas,2024-07-01,effective date,primary,A+B+C,True,At least one covered season on each side; descriptive only.,2,2,4,Nike: 0; adidas: 2; Under Armour: 2; other: 0,87.39564371351453,89.74719101123596,2.3515472977214245,4,0,0,https://texastech.com/news/2024/7/1/general-texas-tech-adidas-launch-10-year-partnership,0,2,2,0
Texas Tech,2024-25,Under Armour,adidas,2024-07-01,effective date,sensitivity,A+B,True,At least one covered season on each side; descriptive only.,2,2,4,Nike: 0; adidas: 2; Under Armour: 2; other: 0,87.39564371351453,89.74719101123596,2.3515472977214245,4,0,0,https://texastech.com/news/2024/7/1/general-texas-tech-adidas-launch-10-year-partnership,0,2,2,0
Georgia Tech,2018-19,other,adidas,2018-07-01,effective date,primary,A+B+C,True,At least one covered season on each side; descriptive only.,1,2,3,Nike: 0; adidas: 2; Under Armour: 0; other: 1,65.51724137931035,84.6408393866021,19.123598007291747,3,0,0,https://ramblinwreck.com/news/2017/08/22/georgia-tech-joins-adidas-roster-of-collegiate-partnerships,0,2,0,1
Georgia Tech,2018-19,other,adidas,2018-07-01,effective date,sensitivity,A+B,True,At least one covered season on each side; descriptive only.,1,2,3,Nike: 0; adidas: 2; Under Armour: 0; other: 1,65.51724137931035,84.6408393866021,19.123598007291747,3,0,0,https://ramblinwreck.com/news/2017/08/22/georgia-tech-joins-adidas-roster-of-collegiate-partnerships,0,2,0,1
