school,from_brand,to_brand,switch_season,relative_season,points_pctile,season,evidence_tier,observed_brand,outcome_available,primary_included,sensitivity_included,usable_primary,usable_sensitivity,transition_date,transition_date_precision
Auburn,Under Armour,Nike,2025-26,-2,91.01123595505618,2023-24,A,Under Armour,True,True,True,True,True,2025-07-01,effective date
Auburn,Under Armour,Nike,2025-26,-1,94.9438202247191,2024-25,A,Under Armour,True,True,True,True,True,2025-07-01,effective date
Auburn,Under Armour,Nike,2025-26,0,92.97752808988764,2025-26,A,Nike,True,True,True,True,True,2025-07-01,effective date
Auburn,Under Armour,Nike,2025-26,1,,2026-27,unknown,,False,False,False,True,True,2025-07-01,effective date
Auburn,Under Armour,Nike,2025-26,2,,2027-28,unknown,,False,False,False,True,True,2025-07-01,effective date
Boston College,Under Armour,other,2021-22,-2,,2019-20,unknown,,False,False,False,True,True,2021-06-01,effective date
Boston College,Under Armour,other,2021-22,-1,79.37853107344633,2020-21,A,Under Armour,True,True,True,True,True,2021-06-01,effective date
Boston College,Under Armour,other,2021-22,0,69.57746478873239,2021-22,A,other,True,True,True,True,True,2021-06-01,effective date
Boston College,Under Armour,other,2021-22,1,70.94972067039106,2022-23,A,other,True,True,True,True,True,2021-06-01,effective date
Boston College,Under Armour,other,2021-22,2,81.17977528089888,2023-24,A,other,True,True,True,True,True,2021-06-01,effective date
California,Under Armour,Nike,2023-24,-2,92.67605633802816,2021-22,A,Under Armour,True,True,True,True,True,2023-07-01,effective date
California,Under Armour,Nike,2023-24,-1,94.1340782122905,2022-23,A,Under Armour,True,True,True,True,True,2023-07-01,effective date
California,Under Armour,Nike,2023-24,0,94.6629213483146,2023-24,A,Nike,True,True,True,True,True,2023-07-01,effective date
California,Under Armour,Nike,2023-24,1,93.53932584269664,2024-25,A,Nike,True,True,True,True,True,2023-07-01,effective date
California,Under Armour,Nike,2023-24,2,89.32584269662921,2025-26,A,Nike,True,True,True,True,True,2023-07-01,effective date
Cincinnati,Under Armour,Nike,2023-24,-2,60.985915492957744,2021-22,A,Under Armour,True,True,True,True,True,2023-07-01,effective date
Cincinnati,Under Armour,Nike,2023-24,-1,59.49720670391061,2022-23,A,Under Armour,True,True,True,True,True,2023-07-01,effective date
Cincinnati,Under Armour,Nike,2023-24,0,27.52808988764045,2023-24,A,Nike,True,True,True,True,True,2023-07-01,effective date
Cincinnati,Under Armour,Nike,2023-24,1,64.8876404494382,2024-25,A,Nike,True,True,True,True,True,2023-07-01,effective date
Cincinnati,Under Armour,Nike,2023-24,2,74.71910112359551,2025-26,A,Nike,True,True,True,True,True,2023-07-01,effective date
Denver,other,Under Armour,2025-26,-2,87.35955056179775,2023-24,unknown,,True,False,False,False,False,2025-06-03,announcement date; exact first competition use not established
Denver,other,Under Armour,2025-26,-1,82.86516853932584,2024-25,unknown,,True,False,False,False,False,2025-06-03,announcement date; exact first competition use not established
Denver,other,Under Armour,2025-26,0,81.74157303370787,2025-26,A,Under Armour,True,True,True,False,False,2025-06-03,announcement date; exact first competition use not established
Denver,other,Under Armour,2025-26,1,,2026-27,unknown,,False,False,False,False,False,2025-06-03,announcement date; exact first competition use not established
Denver,other,Under Armour,2025-26,2,,2027-28,unknown,,False,False,False,False,False,2025-06-03,announcement date; exact first competition use not established
Georgia Tech,other,adidas,2018-19,-2,,2016-17,unknown,,False,False,False,True,True,2018-07-01,effective date
Georgia Tech,other,adidas,2018-19,-1,65.51724137931035,2017-18,A,other,True,True,True,True,True,2018-07-01,effective date
Georgia Tech,other,adidas,2018-19,0,81.42857142857143,2018-19,A,adidas,True,True,True,True,True,2018-07-01,effective date
Georgia Tech,other,adidas,2018-19,1,,2019-20,unknown,,False,False,False,True,True,2018-07-01,effective date
Georgia Tech,other,adidas,2018-19,2,87.85310734463276,2020-21,A,adidas,True,True,True,True,True,2018-07-01,effective date
Rutgers,adidas,Nike,2025-26,-2,81.74157303370787,2023-24,A,adidas,True,True,True,True,True,2025-07-01,effective date
Rutgers,adidas,Nike,2025-26,-1,77.80898876404494,2024-25,A,adidas,True,True,True,True,True,2025-07-01,effective date
Rutgers,adidas,Nike,2025-26,0,74.01685393258427,2025-26,A,Nike,True,True,True,True,True,2025-07-01,effective date
Rutgers,adidas,Nike,2025-26,1,,2026-27,unknown,,False,False,False,True,True,2025-07-01,effective date
Rutgers,adidas,Nike,2025-26,2,,2027-28,unknown,,False,False,False,True,True,2025-07-01,effective date
Texas Tech,Under Armour,adidas,2024-25,-2,87.15083798882681,2022-23,A,Under Armour,True,True,True,True,True,2024-07-01,effective date
Texas Tech,Under Armour,adidas,2024-25,-1,87.64044943820225,2023-24,A,Under Armour,True,True,True,True,True,2024-07-01,effective date
Texas Tech,Under Armour,adidas,2024-25,0,89.04494382022472,2024-25,A,adidas,True,True,True,True,True,2024-07-01,effective date
Texas Tech,Under Armour,adidas,2024-25,1,90.4494382022472,2025-26,A,adidas,True,True,True,True,True,2024-07-01,effective date
Texas Tech,Under Armour,adidas,2024-25,2,,2026-27,unknown,,False,False,False,True,True,2024-07-01,effective date
UCLA,Under Armour,Nike,2021-22,-2,,2019-20,unknown,,False,False,False,True,True,2021-07-01,effective date
UCLA,Under Armour,Nike,2021-22,-1,96.61016949152544,2020-21,A,Under Armour,True,True,True,True,True,2021-07-01,effective date
UCLA,Under Armour,Nike,2021-22,0,96.05633802816902,2021-22,A,Nike,True,True,True,True,True,2021-07-01,effective date
UCLA,Under Armour,Nike,2021-22,1,96.36871508379888,2022-23,A,Nike,True,True,True,True,True,2021-07-01,effective date
UCLA,Under Armour,Nike,2021-22,2,97.47191011235957,2023-24,A,Nike,True,True,True,True,True,2021-07-01,effective date
Washington,Nike,adidas,2019-20,-2,91.95402298850574,2017-18,A,Nike,True,True,True,True,True,2019-07-01,effective date
Washington,Nike,adidas,2019-20,-1,93.42857142857144,2018-19,A,Nike,True,True,True,True,True,2019-07-01,effective date
Washington,Nike,adidas,2019-20,0,,2019-20,unknown,,False,False,False,True,True,2019-07-01,effective date
Washington,Nike,adidas,2019-20,1,90.96045197740112,2020-21,A,adidas,True,True,True,True,True,2019-07-01,effective date
Washington,Nike,adidas,2019-20,2,91.83098591549296,2021-22,A,adidas,True,True,True,True,True,2019-07-01,effective date
