school,first_d1_season,last_d1_season,review_basis,source_url,observed_seasons,interval_note,reviewed_on
Abilene Christian,2017-18,2025-26,Known established D1 program; appears in official D1 final standings elsewhere in window; reviewed for entry/exit and name continuity.,https://dxbhsrqyrr690.cloudfront.net/sidearm.nextgen.sites/nacda.com/documents/2018/7/18/June29overallDI.pdf,"2017-18, 2018-19, 2020-21, 2021-22, 2024-25, 2025-26",Bounds clipped to study window. Not an independent annual membership certification.,2026-09-30
Alabama A&M,2017-18,2025-26,Known established D1 program; appears in official D1 final standings elsewhere in window; reviewed for entry/exit and name continuity.,https://dxbhsrqyrr690.cloudfront.net/sidearm.nextgen.sites/nacda.com/documents/2021/7/1/July2OverallDI.pdf,"2020-21, 2025-26",Bounds clipped to study window. Not an independent annual membership certification.,2026-09-30
Albany,2017-18,2025-26,Known established D1 program; appears in official D1 final standings elsewhere in window; reviewed for entry/exit and name continuity.,https://dxbhsrqyrr690.cloudfront.net/sidearm.nextgen.sites/nacda.com/documents/2018/7/18/June29overallDI.pdf,"2017-18, 2018-19, 2021-22, 2022-23, 2023-24, 2024-25, 2025-26",Bounds clipped to study window. Not an independent annual membership certification.,2026-09-30
Alcorn State,2017-18,2025-26,Known established D1 program; appears in official D1 final standings elsewhere in window; reviewed for entry/exit and name continuity.,https://dxbhsrqyrr690.cloudfront.net/sidearm.nextgen.sites/nacda.com/documents/2019/6/27/June28DIOverall.pdf,2018-19,Bounds clipped to study window. Not an independent annual membership certification.,2026-09-30
Arkansas Pine Bluff,2017-18,2025-26,Known established D1 program; appears in official D1 final standings elsewhere in window; reviewed for entry/exit and name continuity.,https://dxbhsrqyrr690.cloudfront.net/sidearm.nextgen.sites/nacda.com/documents/2023/6/27/Final22.23Standings.pdf,"2022-23, 2023-24, 2024-25, 2025-26",Bounds clipped to study window. Not an independent annual membership certification.,2026-09-30
Austin Peay State,2017-18,2025-26,Known established D1 program; appears in official D1 final standings elsewhere in window; reviewed for entry/exit and name continuity.,https://dxbhsrqyrr690.cloudfront.net/sidearm.nextgen.sites/nacda.com/documents/2018/7/18/June29overallDI.pdf,"2017-18, 2018-19, 2020-21, 2021-22, 2023-24",Bounds clipped to study window. Not an independent annual membership certification.,2026-09-30
Ball State,2017-18,2025-26,Known established D1 program; appears in official D1 final standings elsewhere in window; reviewed for entry/exit and name continuity.,https://dxbhsrqyrr690.cloudfront.net/sidearm.nextgen.sites/nacda.com/documents/2021/7/1/July2OverallDI.pdf,"2020-21, 2021-22, 2022-23, 2023-24, 2024-25, 2025-26",Bounds clipped to study window. Not an independent annual membership certification.,2026-09-30
Bellarmine,2020-21,2025-26,Official D1 transition record,https://ncaaorg.s3.amazonaws.com/research/sportpart/2023-24RES_NCAAMembershipBreakdown.pdf,2025-26,2023-24 NCAA report lists year 4 of D1 transition.,2026-09-30
Belmont,2017-18,2025-26,Known established D1 program; appears in official D1 final standings elsewhere in window; reviewed for entry/exit and name continuity.,https://dxbhsrqyrr690.cloudfront.net/sidearm.nextgen.sites/nacda.com/documents/2018/7/18/June29overallDI.pdf,"2017-18, 2018-19, 2020-21, 2021-22, 2022-23, 2024-25, 2025-26",Bounds clipped to study window. Not an independent annual membership certification.,2026-09-30
Bethune-Cookman,2017-18,2025-26,Known established D1 program; appears in official D1 final standings elsewhere in window; reviewed for entry/exit and name continuity.,https://dxbhsrqyrr690.cloudfront.net/sidearm.nextgen.sites/nacda.com/documents/2018/7/18/June29overallDI.pdf,"2017-18, 2018-19, 2024-25",Bounds clipped to study window. Not an independent annual membership certification.,2026-09-30
Bowling Green,2017-18,2025-26,Known established D1 program; appears in official D1 final standings elsewhere in window; reviewed for entry/exit and name continuity.,https://dxbhsrqyrr690.cloudfront.net/sidearm.nextgen.sites/nacda.com/documents/2019/6/27/June28DIOverall.pdf,"2018-19, 2020-21, 2021-22, 2022-23, 2023-24, 2024-25",Bounds clipped to study window. Not an independent annual membership certification.,2026-09-30
Bradley,2017-18,2025-26,Known established D1 program; appears in official D1 final standings elsewhere in window; reviewed for entry/exit and name continuity.,https://dxbhsrqyrr690.cloudfront.net/sidearm.nextgen.sites/nacda.com/documents/2018/7/18/June29overallDI.pdf,"2017-18, 2018-19, 2020-21, 2022-23, 2024-25",Bounds clipped to study window. Not an independent annual membership certification.,2026-09-30
Butler,2017-18,2025-26,Known established D1 program; appears in official D1 final standings elsewhere in window; reviewed for entry/exit and name continuity.,https://dxbhsrqyrr690.cloudfront.net/sidearm.nextgen.sites/nacda.com/documents/2018/7/18/June29overallDI.pdf,"2017-18, 2020-21, 2021-22, 2022-23, 2023-24, 2024-25, 2025-26",Bounds clipped to study window. Not an independent annual membership certification.,2026-09-30
Cal State Bakersfield,2017-18,2025-26,Known established D1 program; appears in official D1 final standings elsewhere in window; reviewed for entry/exit and name continuity.,https://dxbhsrqyrr690.cloudfront.net/sidearm.nextgen.sites/nacda.com/documents/2018/7/18/June29overallDI.pdf,"2017-18, 2018-19, 2020-21, 2021-22, 2022-23, 2024-25",Bounds clipped to study window. Not an independent annual membership certification.,2026-09-30
Cal State Fullerton,2017-18,2025-26,Known established D1 program; appears in official D1 final standings elsewhere in window; reviewed for entry/exit and name continuity.,https://dxbhsrqyrr690.cloudfront.net/sidearm.nextgen.sites/nacda.com/documents/2018/7/18/June29overallDI.pdf,"2017-18, 2018-19, 2021-22, 2022-23, 2023-24, 2024-25, 2025-26",Bounds clipped to study window. Not an independent annual membership certification.,2026-09-30
Cal State Northridge,2017-18,2025-26,Known established D1 program; appears in official D1 final standings elsewhere in window; reviewed for entry/exit and name continuity.,https://dxbhsrqyrr690.cloudfront.net/sidearm.nextgen.sites/nacda.com/documents/2018/7/18/June29overallDI.pdf,"2017-18, 2023-24, 2024-25",Bounds clipped to study window. Not an independent annual membership certification.,2026-09-30
California Baptist,2018-19,2025-26,Official D1 transition record,https://cbulancers.com/news/2018/7/13/general-cbu-accepted-into-ncaa-division-i-reclassification,"2020-21, 2022-23, 2023-24, 2024-25, 2025-26",First of four D1 reclassification seasons in 2018-19.,2026-09-30
Canisius,2017-18,2025-26,Known established D1 program; appears in official D1 final standings elsewhere in window; reviewed for entry/exit and name continuity.,https://dxbhsrqyrr690.cloudfront.net/sidearm.nextgen.sites/nacda.com/documents/2018/7/18/June29overallDI.pdf,"2017-18, 2021-22, 2022-23",Bounds clipped to study window. Not an independent annual membership certification.,2026-09-30
Central Arkansas,2017-18,2025-26,Known established D1 program; appears in official D1 final standings elsewhere in window; reviewed for entry/exit and name continuity.,https://dxbhsrqyrr690.cloudfront.net/sidearm.nextgen.sites/nacda.com/documents/2018/7/18/June29overallDI.pdf,"2017-18, 2018-19, 2022-23, 2024-25, 2025-26",Bounds clipped to study window. Not an independent annual membership certification.,2026-09-30
Charleston Southern,2017-18,2025-26,Known established D1 program; appears in official D1 final standings elsewhere in window; reviewed for entry/exit and name continuity.,https://dxbhsrqyrr690.cloudfront.net/sidearm.nextgen.sites/nacda.com/documents/2021/7/1/July2OverallDI.pdf,"2020-21, 2021-22, 2022-23, 2023-24, 2024-25, 2025-26",Bounds clipped to study window. Not an independent annual membership certification.,2026-09-30
Charlotte,2017-18,2025-26,Known established D1 program; appears in official D1 final standings elsewhere in window; reviewed for entry/exit and name continuity.,https://dxbhsrqyrr690.cloudfront.net/sidearm.nextgen.sites/nacda.com/documents/2019/6/27/June28DIOverall.pdf,"2018-19, 2020-21, 2021-22, 2022-23, 2023-24, 2024-25, 2025-26",Bounds clipped to study window. Not an independent annual membership certification.,2026-09-30
Chicago State,2017-18,2025-26,Known established D1 program; appears in official D1 final standings elsewhere in window; reviewed for entry/exit and name continuity.,https://dxbhsrqyrr690.cloudfront.net/sidearm.nextgen.sites/nacda.com/documents/2024/6/26/23.24FinalDI.pdf,"2023-24, 2024-25",Bounds clipped to study window. Not an independent annual membership certification.,2026-09-30
Citadel,2017-18,2025-26,Known established D1 program; appears in official D1 final standings elsewhere in window; reviewed for entry/exit and name continuity.,https://dxbhsrqyrr690.cloudfront.net/sidearm.nextgen.sites/nacda.com/documents/2022/6/30/FinalDIstandings.pdf,"2021-22, 2024-25, 2025-26",Bounds clipped to study window. Not an independent annual membership certification.,2026-09-30
Colgate,2017-18,2025-26,Known established D1 program; appears in official D1 final standings elsewhere in window; reviewed for entry/exit and name continuity.,https://dxbhsrqyrr690.cloudfront.net/sidearm.nextgen.sites/nacda.com/documents/2018/7/18/June29overallDI.pdf,"2017-18, 2018-19, 2020-21, 2021-22, 2022-23, 2023-24, 2024-25",Bounds clipped to study window. Not an independent annual membership certification.,2026-09-30
College of Charleston,2017-18,2025-26,Known established D1 program; appears in official D1 final standings elsewhere in window; reviewed for entry/exit and name continuity.,https://dxbhsrqyrr690.cloudfront.net/sidearm.nextgen.sites/nacda.com/documents/2018/7/18/June29overallDI.pdf,"2017-18, 2020-21, 2021-22, 2022-23, 2023-24, 2024-25, 2025-26",Bounds clipped to study window. Not an independent annual membership certification.,2026-09-30
Columbia,2017-18,2025-26,Known established D1 program; appears in official D1 final standings elsewhere in window; reviewed for entry/exit and name continuity.,https://dxbhsrqyrr690.cloudfront.net/sidearm.nextgen.sites/nacda.com/documents/2018/7/18/June29overallDI.pdf,"2017-18, 2018-19, 2021-22, 2022-23, 2023-24, 2024-25, 2025-26",Bounds clipped to study window. Not an independent annual membership certification.,2026-09-30
Coppin State,2017-18,2025-26,Known established D1 program; appears in official D1 final standings elsewhere in window; reviewed for entry/exit and name continuity.,https://dxbhsrqyrr690.cloudfront.net/sidearm.nextgen.sites/nacda.com/documents/2019/6/27/June28DIOverall.pdf,"2018-19, 2021-22, 2023-24, 2025-26",Bounds clipped to study window. Not an independent annual membership certification.,2026-09-30
Dartmouth,2017-18,2025-26,Known established D1 program; appears in official D1 final standings elsewhere in window; reviewed for entry/exit and name continuity.,https://dxbhsrqyrr690.cloudfront.net/sidearm.nextgen.sites/nacda.com/documents/2018/7/18/June29overallDI.pdf,"2017-18, 2018-19, 2021-22, 2022-23, 2023-24, 2024-25, 2025-26",Bounds clipped to study window. Not an independent annual membership certification.,2026-09-30
Davidson,2017-18,2025-26,Known established D1 program; appears in official D1 final standings elsewhere in window; reviewed for entry/exit and name continuity.,https://dxbhsrqyrr690.cloudfront.net/sidearm.nextgen.sites/nacda.com/documents/2018/7/18/June29overallDI.pdf,"2017-18, 2020-21, 2021-22, 2022-23, 2024-25, 2025-26",Bounds clipped to study window. Not an independent annual membership certification.,2026-09-30
Dayton,2017-18,2025-26,Known established D1 program; appears in official D1 final standings elsewhere in window; reviewed for entry/exit and name continuity.,https://dxbhsrqyrr690.cloudfront.net/sidearm.nextgen.sites/nacda.com/documents/2018/7/18/June29overallDI.pdf,"2017-18, 2018-19, 2020-21, 2021-22, 2023-24, 2024-25, 2025-26",Bounds clipped to study window. Not an independent annual membership certification.,2026-09-30
DePaul,2017-18,2025-26,Known established D1 program; appears in official D1 final standings elsewhere in window; reviewed for entry/exit and name continuity.,https://dxbhsrqyrr690.cloudfront.net/sidearm.nextgen.sites/nacda.com/documents/2018/7/18/June29overallDI.pdf,"2017-18, 2018-19, 2020-21, 2021-22, 2023-24, 2024-25",Bounds clipped to study window. Not an independent annual membership certification.,2026-09-30
Delaware State,2017-18,2025-26,Known established D1 program; appears in official D1 final standings elsewhere in window; reviewed for entry/exit and name continuity.,https://dxbhsrqyrr690.cloudfront.net/sidearm.nextgen.sites/nacda.com/documents/2021/7/1/July2OverallDI.pdf,"2020-21, 2022-23, 2024-25, 2025-26",Bounds clipped to study window. Not an independent annual membership certification.,2026-09-30
Detroit,2017-18,2025-26,Known established D1 program; appears in official D1 final standings elsewhere in window; reviewed for entry/exit and name continuity.,https://dxbhsrqyrr690.cloudfront.net/sidearm.nextgen.sites/nacda.com/documents/2019/6/27/June28DIOverall.pdf,2018-19,Bounds clipped to study window. Not an independent annual membership certification.,2026-09-30
Drexel,2017-18,2025-26,Known established D1 program; appears in official D1 final standings elsewhere in window; reviewed for entry/exit and name continuity.,https://dxbhsrqyrr690.cloudfront.net/sidearm.nextgen.sites/nacda.com/documents/2018/7/18/June29overallDI.pdf,"2017-18, 2018-19, 2020-21, 2021-22, 2022-23, 2023-24, 2025-26",Bounds clipped to study window. Not an independent annual membership certification.,2026-09-30
Duquesne,2017-18,2025-26,Known established D1 program; appears in official D1 final standings elsewhere in window; reviewed for entry/exit and name continuity.,https://dxbhsrqyrr690.cloudfront.net/sidearm.nextgen.sites/nacda.com/documents/2019/6/27/June28DIOverall.pdf,"2018-19, 2020-21, 2022-23, 2023-24, 2025-26",Bounds clipped to study window. Not an independent annual membership certification.,2026-09-30
Eastern Illinois,2017-18,2025-26,Known established D1 program; appears in official D1 final standings elsewhere in window; reviewed for entry/exit and name continuity.,https://dxbhsrqyrr690.cloudfront.net/sidearm.nextgen.sites/nacda.com/documents/2023/6/27/Final22.23Standings.pdf,"2022-23, 2023-24, 2024-25, 2025-26",Bounds clipped to study window. Not an independent annual membership certification.,2026-09-30
Eastern Michigan,2017-18,2025-26,Known established D1 program; appears in official D1 final standings elsewhere in window; reviewed for entry/exit and name continuity.,https://dxbhsrqyrr690.cloudfront.net/sidearm.nextgen.sites/nacda.com/documents/2018/7/18/June29overallDI.pdf,"2017-18, 2018-19, 2020-21, 2021-22, 2022-23, 2023-24, 2025-26",Bounds clipped to study window. Not an independent annual membership certification.,2026-09-30
Eastern Washington,2017-18,2025-26,Known established D1 program; appears in official D1 final standings elsewhere in window; reviewed for entry/exit and name continuity.,https://dxbhsrqyrr690.cloudfront.net/sidearm.nextgen.sites/nacda.com/documents/2018/7/18/June29overallDI.pdf,"2017-18, 2018-19, 2020-21, 2021-22, 2023-24",Bounds clipped to study window. Not an independent annual membership certification.,2026-09-30
Elon,2017-18,2025-26,Known established D1 program; appears in official D1 final standings elsewhere in window; reviewed for entry/exit and name continuity.,https://dxbhsrqyrr690.cloudfront.net/sidearm.nextgen.sites/nacda.com/documents/2018/7/18/June29overallDI.pdf,"2017-18, 2018-19, 2020-21, 2022-23, 2024-25, 2025-26",Bounds clipped to study window. Not an independent annual membership certification.,2026-09-30
Evansville,2017-18,2025-26,Known established D1 program; appears in official D1 final standings elsewhere in window; reviewed for entry/exit and name continuity.,https://dxbhsrqyrr690.cloudfront.net/sidearm.nextgen.sites/nacda.com/documents/2021/7/1/July2OverallDI.pdf,"2020-21, 2023-24, 2024-25",Bounds clipped to study window. Not an independent annual membership certification.,2026-09-30
Florida A&M,2017-18,2025-26,Known established D1 program; appears in official D1 final standings elsewhere in window; reviewed for entry/exit and name continuity.,https://dxbhsrqyrr690.cloudfront.net/sidearm.nextgen.sites/nacda.com/documents/2019/6/27/June28DIOverall.pdf,"2018-19, 2020-21, 2021-22, 2022-23, 2023-24, 2024-25, 2025-26",Bounds clipped to study window. Not an independent annual membership certification.,2026-09-30
Gardner-Webb,2017-18,2025-26,Known established D1 program; appears in official D1 final standings elsewhere in window; reviewed for entry/exit and name continuity.,https://dxbhsrqyrr690.cloudfront.net/sidearm.nextgen.sites/nacda.com/documents/2019/6/27/June28DIOverall.pdf,"2018-19, 2020-21, 2022-23, 2023-24, 2024-25, 2025-26",Bounds clipped to study window. Not an independent annual membership certification.,2026-09-30
George Mason,2017-18,2025-26,Known established D1 program; appears in official D1 final standings elsewhere in window; reviewed for entry/exit and name continuity.,https://dxbhsrqyrr690.cloudfront.net/sidearm.nextgen.sites/nacda.com/documents/2018/7/18/June29overallDI.pdf,"2017-18, 2018-19, 2022-23, 2023-24, 2024-25, 2025-26",Bounds clipped to study window. Not an independent annual membership certification.,2026-09-30
George Washington,2017-18,2025-26,Known established D1 program; appears in official D1 final standings elsewhere in window; reviewed for entry/exit and name continuity.,https://dxbhsrqyrr690.cloudfront.net/sidearm.nextgen.sites/nacda.com/documents/2018/7/18/June29overallDI.pdf,"2017-18, 2018-19, 2020-21, 2022-23, 2023-24",Bounds clipped to study window. Not an independent annual membership certification.,2026-09-30
Georgia Southern,2017-18,2025-26,Known established D1 program; appears in official D1 final standings elsewhere in window; reviewed for entry/exit and name continuity.,https://dxbhsrqyrr690.cloudfront.net/sidearm.nextgen.sites/nacda.com/documents/2019/6/27/June28DIOverall.pdf,"2018-19, 2020-21, 2021-22, 2022-23, 2023-24, 2024-25, 2025-26",Bounds clipped to study window. Not an independent annual membership certification.,2026-09-30
Grambling State,2017-18,2025-26,Known established D1 program; appears in official D1 final standings elsewhere in window; reviewed for entry/exit and name continuity.,https://dxbhsrqyrr690.cloudfront.net/sidearm.nextgen.sites/nacda.com/documents/2018/7/18/June29overallDI.pdf,"2017-18, 2023-24, 2025-26",Bounds clipped to study window. Not an independent annual membership certification.,2026-09-30
Hartford,2017-18,2022-23,Official D1 departure record,https://www-failover-01.hartford.edu/news/press-releases/2022/06/athletics-conference.aspx,"2017-18, 2020-21",D1 independent in 2022-23; DIII conference from 2023-24. Keep last D1 competition year during reclassification.,2026-09-30
Harvard,2017-18,2025-26,Known established D1 program; appears in official D1 final standings elsewhere in window; reviewed for entry/exit and name continuity.,https://dxbhsrqyrr690.cloudfront.net/sidearm.nextgen.sites/nacda.com/documents/2018/7/18/June29overallDI.pdf,"2017-18, 2018-19, 2021-22, 2022-23, 2023-24, 2024-25, 2025-26",Bounds clipped to study window. Not an independent annual membership certification.,2026-09-30
Holy Cross,2017-18,2025-26,Known established D1 program; appears in official D1 final standings elsewhere in window; reviewed for entry/exit and name continuity.,https://dxbhsrqyrr690.cloudfront.net/sidearm.nextgen.sites/nacda.com/documents/2021/7/1/July2OverallDI.pdf,"2020-21, 2021-22, 2022-23, 2023-24, 2024-25, 2025-26",Bounds clipped to study window. Not an independent annual membership certification.,2026-09-30
Houston Christian,2017-18,2025-26,Known established D1 program; appears in official D1 final standings elsewhere in window; reviewed for entry/exit and name continuity.,https://dxbhsrqyrr690.cloudfront.net/sidearm.nextgen.sites/nacda.com/documents/2018/7/18/June29overallDI.pdf,"2017-18, 2018-19, 2020-21, 2024-25, 2025-26",Bounds clipped to study window. Not an independent annual membership certification.,2026-09-30
Howard,2017-18,2025-26,Known established D1 program; appears in official D1 final standings elsewhere in window; reviewed for entry/exit and name continuity.,https://dxbhsrqyrr690.cloudfront.net/sidearm.nextgen.sites/nacda.com/documents/2018/7/18/June29overallDI.pdf,"2017-18, 2018-19, 2021-22, 2022-23, 2023-24, 2024-25, 2025-26",Bounds clipped to study window. Not an independent annual membership certification.,2026-09-30
IPFW,2017-18,2025-26,Known established D1 program; appears in official D1 final standings elsewhere in window; reviewed for entry/exit and name continuity.,https://dxbhsrqyrr690.cloudfront.net/sidearm.nextgen.sites/nacda.com/documents/2023/6/27/Final22.23Standings.pdf,2022-23,Bounds clipped to study window. Not an independent annual membership certification.,2026-09-30
IUPUI,2017-18,2025-26,Known established D1 program; appears in official D1 final standings elsewhere in window; reviewed for entry/exit and name continuity.,https://dxbhsrqyrr690.cloudfront.net/sidearm.nextgen.sites/nacda.com/documents/2018/7/18/June29overallDI.pdf,"2017-18, 2018-19, 2021-22, 2025-26",Bounds clipped to study window. Not an independent annual membership certification.,2026-09-30
Idaho,2017-18,2025-26,Known established D1 program; appears in official D1 final standings elsewhere in window; reviewed for entry/exit and name continuity.,https://dxbhsrqyrr690.cloudfront.net/sidearm.nextgen.sites/nacda.com/documents/2018/7/18/June29overallDI.pdf,"2017-18, 2020-21, 2021-22, 2022-23, 2023-24, 2024-25, 2025-26",Bounds clipped to study window. Not an independent annual membership certification.,2026-09-30
Idaho State,2017-18,2025-26,Known established D1 program; appears in official D1 final standings elsewhere in window; reviewed for entry/exit and name continuity.,https://dxbhsrqyrr690.cloudfront.net/sidearm.nextgen.sites/nacda.com/documents/2021/7/1/July2OverallDI.pdf,"2020-21, 2025-26",Bounds clipped to study window. Not an independent annual membership certification.,2026-09-30
Illinois Chicago,2017-18,2025-26,Known established D1 program; appears in official D1 final standings elsewhere in window; reviewed for entry/exit and name continuity.,https://dxbhsrqyrr690.cloudfront.net/sidearm.nextgen.sites/nacda.com/documents/2018/7/18/June29overallDI.pdf,"2017-18, 2018-19, 2020-21, 2021-22, 2024-25, 2025-26",Bounds clipped to study window. Not an independent annual membership certification.,2026-09-30
Illinois State,2017-18,2025-26,Known established D1 program; appears in official D1 final standings elsewhere in window; reviewed for entry/exit and name continuity.,https://dxbhsrqyrr690.cloudfront.net/sidearm.nextgen.sites/nacda.com/documents/2019/6/27/June28DIOverall.pdf,"2018-19, 2020-21, 2021-22, 2022-23, 2023-24, 2024-25, 2025-26",Bounds clipped to study window. Not an independent annual membership certification.,2026-09-30
Indiana State,2017-18,2025-26,Known established D1 program; appears in official D1 final standings elsewhere in window; reviewed for entry/exit and name continuity.,https://dxbhsrqyrr690.cloudfront.net/sidearm.nextgen.sites/nacda.com/documents/2019/6/27/June28DIOverall.pdf,"2018-19, 2020-21, 2022-23, 2023-24, 2025-26",Bounds clipped to study window. Not an independent annual membership certification.,2026-09-30
Jackson State,2017-18,2025-26,Known established D1 program; appears in official D1 final standings elsewhere in window; reviewed for entry/exit and name continuity.,https://dxbhsrqyrr690.cloudfront.net/sidearm.nextgen.sites/nacda.com/documents/2021/7/1/July2OverallDI.pdf,"2020-21, 2021-22, 2022-23, 2023-24, 2024-25",Bounds clipped to study window. Not an independent annual membership certification.,2026-09-30
Jacksonville,2017-18,2025-26,Known established D1 program; appears in official D1 final standings elsewhere in window; reviewed for entry/exit and name continuity.,https://dxbhsrqyrr690.cloudfront.net/sidearm.nextgen.sites/nacda.com/documents/2018/7/18/June29overallDI.pdf,"2017-18, 2018-19, 2020-21, 2021-22, 2022-23, 2023-24, 2025-26",Bounds clipped to study window. Not an independent annual membership certification.,2026-09-30
Jacksonville State,2017-18,2025-26,Known established D1 program; appears in official D1 final standings elsewhere in window; reviewed for entry/exit and name continuity.,https://dxbhsrqyrr690.cloudfront.net/sidearm.nextgen.sites/nacda.com/documents/2018/7/18/June29overallDI.pdf,"2017-18, 2018-19, 2020-21, 2021-22, 2023-24, 2024-25, 2025-26",Bounds clipped to study window. Not an independent annual membership certification.,2026-09-30
Kennesaw State,2017-18,2025-26,Known established D1 program; appears in official D1 final standings elsewhere in window; reviewed for entry/exit and name continuity.,https://dxbhsrqyrr690.cloudfront.net/sidearm.nextgen.sites/nacda.com/documents/2018/7/18/June29overallDI.pdf,"2017-18, 2018-19, 2020-21, 2021-22, 2022-23, 2023-24, 2025-26",Bounds clipped to study window. Not an independent annual membership certification.,2026-09-30
La Salle,2017-18,2025-26,Known established D1 program; appears in official D1 final standings elsewhere in window; reviewed for entry/exit and name continuity.,https://dxbhsrqyrr690.cloudfront.net/sidearm.nextgen.sites/nacda.com/documents/2018/7/18/June29overallDI.pdf,"2017-18, 2022-23",Bounds clipped to study window. Not an independent annual membership certification.,2026-09-30
Lafayette,2017-18,2025-26,Known established D1 program; appears in official D1 final standings elsewhere in window; reviewed for entry/exit and name continuity.,https://dxbhsrqyrr690.cloudfront.net/sidearm.nextgen.sites/nacda.com/documents/2024/6/26/23.24FinalDI.pdf,"2023-24, 2024-25, 2025-26",Bounds clipped to study window. Not an independent annual membership certification.,2026-09-30
Lamar,2017-18,2025-26,Known established D1 program; appears in official D1 final standings elsewhere in window; reviewed for entry/exit and name continuity.,https://dxbhsrqyrr690.cloudfront.net/sidearm.nextgen.sites/nacda.com/documents/2018/7/18/June29overallDI.pdf,"2017-18, 2018-19, 2021-22, 2022-23, 2023-24, 2025-26",Bounds clipped to study window. Not an independent annual membership certification.,2026-09-30
Lindenwood,2022-23,2025-26,Official D1 transition record,https://ncaaorg.s3.amazonaws.com/research/sportpart/2023-24RES_NCAAMembershipBreakdown.pdf,2025-26,"2023-24 report lists year 2; full-member date is planned date in that report, not a current eligibility determination.",2026-09-30
Longwood,2017-18,2025-26,Known established D1 program; appears in official D1 final standings elsewhere in window; reviewed for entry/exit and name continuity.,https://dxbhsrqyrr690.cloudfront.net/sidearm.nextgen.sites/nacda.com/documents/2019/6/27/June28DIOverall.pdf,"2018-19, 2021-22, 2022-23, 2023-24",Bounds clipped to study window. Not an independent annual membership certification.,2026-09-30
Louisiana Monroe,2017-18,2025-26,Known established D1 program; appears in official D1 final standings elsewhere in window; reviewed for entry/exit and name continuity.,https://dxbhsrqyrr690.cloudfront.net/sidearm.nextgen.sites/nacda.com/documents/2018/7/18/June29overallDI.pdf,"2017-18, 2022-23, 2023-24, 2024-25, 2025-26",Bounds clipped to study window. Not an independent annual membership certification.,2026-09-30
Loyola Marymount,2017-18,2025-26,Known established D1 program; appears in official D1 final standings elsewhere in window; reviewed for entry/exit and name continuity.,https://dxbhsrqyrr690.cloudfront.net/sidearm.nextgen.sites/nacda.com/documents/2019/6/27/June28DIOverall.pdf,"2018-19, 2020-21, 2021-22, 2022-23, 2023-24, 2024-25, 2025-26",Bounds clipped to study window. Not an independent annual membership certification.,2026-09-30
Maine,2017-18,2025-26,Known established D1 program; appears in official D1 final standings elsewhere in window; reviewed for entry/exit and name continuity.,https://dxbhsrqyrr690.cloudfront.net/sidearm.nextgen.sites/nacda.com/documents/2018/7/18/June29overallDI.pdf,"2017-18, 2018-19, 2021-22, 2022-23, 2023-24, 2024-25, 2025-26",Bounds clipped to study window. Not an independent annual membership certification.,2026-09-30
Manhattan,2017-18,2025-26,Known established D1 program; appears in official D1 final standings elsewhere in window; reviewed for entry/exit and name continuity.,https://dxbhsrqyrr690.cloudfront.net/sidearm.nextgen.sites/nacda.com/documents/2021/7/1/July2OverallDI.pdf,"2020-21, 2021-22",Bounds clipped to study window. Not an independent annual membership certification.,2026-09-30
Marist,2017-18,2025-26,Known established D1 program; appears in official D1 final standings elsewhere in window; reviewed for entry/exit and name continuity.,https://dxbhsrqyrr690.cloudfront.net/sidearm.nextgen.sites/nacda.com/documents/2019/6/27/June28DIOverall.pdf,"2018-19, 2020-21, 2021-22, 2022-23, 2024-25, 2025-26",Bounds clipped to study window. Not an independent annual membership certification.,2026-09-30
Maryland Eastern Shore,2017-18,2025-26,Known established D1 program; appears in official D1 final standings elsewhere in window; reviewed for entry/exit and name continuity.,https://dxbhsrqyrr690.cloudfront.net/sidearm.nextgen.sites/nacda.com/documents/2019/6/27/June28DIOverall.pdf,"2018-19, 2023-24",Bounds clipped to study window. Not an independent annual membership certification.,2026-09-30
Massachusetts Lowell,2017-18,2025-26,Known established D1 program; appears in official D1 final standings elsewhere in window; reviewed for entry/exit and name continuity.,https://dxbhsrqyrr690.cloudfront.net/sidearm.nextgen.sites/nacda.com/documents/2021/7/1/July2OverallDI.pdf,"2020-21, 2021-22, 2024-25",Bounds clipped to study window. Not an independent annual membership certification.,2026-09-30
Merrimack,2019-20,2025-26,Official D1 transition record,https://merrimackathletics.com/news/2019/7/3/mens-soccer-announces-schedule-for-first-division-i-campaign.aspx,"2022-23, 2023-24, 2025-26",First D1 season 2019-20; NCAA report confirms active membership in 2023-24.,2026-09-30
Monmouth,2017-18,2025-26,Known established D1 program; appears in official D1 final standings elsewhere in window; reviewed for entry/exit and name continuity.,https://dxbhsrqyrr690.cloudfront.net/sidearm.nextgen.sites/nacda.com/documents/2018/7/18/June29overallDI.pdf,"2017-18, 2018-19, 2020-21, 2021-22, 2022-23",Bounds clipped to study window. Not an independent annual membership certification.,2026-09-30
Morehead State,2017-18,2025-26,Known established D1 program; appears in official D1 final standings elsewhere in window; reviewed for entry/exit and name continuity.,https://dxbhsrqyrr690.cloudfront.net/sidearm.nextgen.sites/nacda.com/documents/2018/7/18/June29overallDI.pdf,"2017-18, 2020-21, 2022-23, 2023-24, 2024-25",Bounds clipped to study window. Not an independent annual membership certification.,2026-09-30
Morgan State,2017-18,2025-26,Known established D1 program; appears in official D1 final standings elsewhere in window; reviewed for entry/exit and name continuity.,https://dxbhsrqyrr690.cloudfront.net/sidearm.nextgen.sites/nacda.com/documents/2018/7/18/June29overallDI.pdf,"2017-18, 2018-19, 2020-21, 2023-24, 2025-26",Bounds clipped to study window. Not an independent annual membership certification.,2026-09-30
Mount St. Mary's,2017-18,2025-26,Known established D1 program; appears in official D1 final standings elsewhere in window; reviewed for entry/exit and name continuity.,https://dxbhsrqyrr690.cloudfront.net/sidearm.nextgen.sites/nacda.com/documents/2021/7/1/July2OverallDI.pdf,"2020-21, 2021-22, 2024-25",Bounds clipped to study window. Not an independent annual membership certification.,2026-09-30
Murray State,2017-18,2025-26,Known established D1 program; appears in official D1 final standings elsewhere in window; reviewed for entry/exit and name continuity.,https://dxbhsrqyrr690.cloudfront.net/sidearm.nextgen.sites/nacda.com/documents/2018/7/18/June29overallDI.pdf,"2017-18, 2018-19, 2021-22, 2022-23, 2023-24, 2024-25, 2025-26",Bounds clipped to study window. Not an independent annual membership certification.,2026-09-30
Nebraska Omaha,2017-18,2025-26,Known established D1 program; appears in official D1 final standings elsewhere in window; reviewed for entry/exit and name continuity.,https://dxbhsrqyrr690.cloudfront.net/sidearm.nextgen.sites/nacda.com/documents/2018/7/18/June29overallDI.pdf,"2017-18, 2018-19, 2020-21, 2022-23, 2023-24, 2024-25",Bounds clipped to study window. Not an independent annual membership certification.,2026-09-30
New Mexico State,2017-18,2025-26,Known established D1 program; appears in official D1 final standings elsewhere in window; reviewed for entry/exit and name continuity.,https://dxbhsrqyrr690.cloudfront.net/sidearm.nextgen.sites/nacda.com/documents/2018/7/18/June29overallDI.pdf,"2017-18, 2018-19, 2020-21, 2021-22, 2022-23, 2023-24, 2024-25",Bounds clipped to study window. Not an independent annual membership certification.,2026-09-30
New Orleans,2017-18,2025-26,Known established D1 program; appears in official D1 final standings elsewhere in window; reviewed for entry/exit and name continuity.,https://dxbhsrqyrr690.cloudfront.net/sidearm.nextgen.sites/nacda.com/documents/2022/6/30/FinalDIstandings.pdf,"2021-22, 2024-25",Bounds clipped to study window. Not an independent annual membership certification.,2026-09-30
Niagara,2017-18,2025-26,Known established D1 program; appears in official D1 final standings elsewhere in window; reviewed for entry/exit and name continuity.,https://dxbhsrqyrr690.cloudfront.net/sidearm.nextgen.sites/nacda.com/documents/2024/6/26/23.24FinalDI.pdf,2023-24,Bounds clipped to study window. Not an independent annual membership certification.,2026-09-30
Nicholls State,2017-18,2025-26,Known established D1 program; appears in official D1 final standings elsewhere in window; reviewed for entry/exit and name continuity.,https://dxbhsrqyrr690.cloudfront.net/sidearm.nextgen.sites/nacda.com/documents/2018/7/18/June29overallDI.pdf,"2017-18, 2018-19, 2022-23, 2023-24",Bounds clipped to study window. Not an independent annual membership certification.,2026-09-30
Norfolk State,2017-18,2025-26,Known established D1 program; appears in official D1 final standings elsewhere in window; reviewed for entry/exit and name continuity.,https://dxbhsrqyrr690.cloudfront.net/sidearm.nextgen.sites/nacda.com/documents/2018/7/18/June29overallDI.pdf,"2017-18, 2018-19, 2020-21, 2021-22, 2022-23, 2023-24, 2024-25",Bounds clipped to study window. Not an independent annual membership certification.,2026-09-30
North Alabama,2018-19,2025-26,Official D1 transition record,https://s3.us-east-2.amazonaws.com/sidearm.nextgen.sites/una.sidearmsports.com/documents/2019/9/9/2019_FB_Notes_vs_A_M.pdf,2024-25,"Official notes date D1 move July 1, 2018.",2026-09-30
North Carolina Asheville,2017-18,2025-26,Known established D1 program; appears in official D1 final standings elsewhere in window; reviewed for entry/exit and name continuity.,https://dxbhsrqyrr690.cloudfront.net/sidearm.nextgen.sites/nacda.com/documents/2023/6/27/Final22.23Standings.pdf,"2022-23, 2023-24",Bounds clipped to study window. Not an independent annual membership certification.,2026-09-30
North Carolina Central,2017-18,2025-26,Known established D1 program; appears in official D1 final standings elsewhere in window; reviewed for entry/exit and name continuity.,https://dxbhsrqyrr690.cloudfront.net/sidearm.nextgen.sites/nacda.com/documents/2018/7/18/June29overallDI.pdf,"2017-18, 2018-19, 2022-23, 2023-24",Bounds clipped to study window. Not an independent annual membership certification.,2026-09-30
Northern Kentucky,2017-18,2025-26,Known established D1 program; appears in official D1 final standings elsewhere in window; reviewed for entry/exit and name continuity.,https://dxbhsrqyrr690.cloudfront.net/sidearm.nextgen.sites/nacda.com/documents/2019/6/27/June28DIOverall.pdf,"2018-19, 2022-23, 2023-24, 2025-26",Bounds clipped to study window. Not an independent annual membership certification.,2026-09-30
Northwestern State,2017-18,2025-26,Known established D1 program; appears in official D1 final standings elsewhere in window; reviewed for entry/exit and name continuity.,https://dxbhsrqyrr690.cloudfront.net/sidearm.nextgen.sites/nacda.com/documents/2018/7/18/June29overallDI.pdf,"2017-18, 2018-19, 2021-22, 2023-24",Bounds clipped to study window. Not an independent annual membership certification.,2026-09-30
Oakland,2017-18,2025-26,Known established D1 program; appears in official D1 final standings elsewhere in window; reviewed for entry/exit and name continuity.,https://dxbhsrqyrr690.cloudfront.net/sidearm.nextgen.sites/nacda.com/documents/2021/7/1/July2OverallDI.pdf,"2020-21, 2021-22, 2023-24, 2024-25, 2025-26",Bounds clipped to study window. Not an independent annual membership certification.,2026-09-30
Ohio,2017-18,2025-26,Known established D1 program; appears in official D1 final standings elsewhere in window; reviewed for entry/exit and name continuity.,https://dxbhsrqyrr690.cloudfront.net/sidearm.nextgen.sites/nacda.com/documents/2018/7/18/June29overallDI.pdf,"2017-18, 2018-19, 2020-21, 2022-23, 2023-24, 2024-25, 2025-26",Bounds clipped to study window. Not an independent annual membership certification.,2026-09-30
Oral Roberts,2017-18,2025-26,Known established D1 program; appears in official D1 final standings elsewhere in window; reviewed for entry/exit and name continuity.,https://dxbhsrqyrr690.cloudfront.net/sidearm.nextgen.sites/nacda.com/documents/2018/7/18/June29overallDI.pdf,"2017-18, 2020-21, 2021-22, 2022-23, 2023-24, 2024-25, 2025-26",Bounds clipped to study window. Not an independent annual membership certification.,2026-09-30
Pacific,2017-18,2025-26,Known established D1 program; appears in official D1 final standings elsewhere in window; reviewed for entry/exit and name continuity.,https://dxbhsrqyrr690.cloudfront.net/sidearm.nextgen.sites/nacda.com/documents/2018/7/18/June29overallDI.pdf,"2017-18, 2018-19, 2022-23, 2024-25",Bounds clipped to study window. Not an independent annual membership certification.,2026-09-30
Pennsylvania,2017-18,2025-26,Known established D1 program; appears in official D1 final standings elsewhere in window; reviewed for entry/exit and name continuity.,https://dxbhsrqyrr690.cloudfront.net/sidearm.nextgen.sites/nacda.com/documents/2018/7/18/June29overallDI.pdf,"2017-18, 2018-19, 2021-22, 2022-23, 2023-24, 2024-25, 2025-26",Bounds clipped to study window. Not an independent annual membership certification.,2026-09-30
Portland State,2017-18,2025-26,Known established D1 program; appears in official D1 final standings elsewhere in window; reviewed for entry/exit and name continuity.,https://dxbhsrqyrr690.cloudfront.net/sidearm.nextgen.sites/nacda.com/documents/2019/6/27/June28DIOverall.pdf,2018-19,Bounds clipped to study window. Not an independent annual membership certification.,2026-09-30
Prairie View A&M,2017-18,2025-26,Known established D1 program; appears in official D1 final standings elsewhere in window; reviewed for entry/exit and name continuity.,https://dxbhsrqyrr690.cloudfront.net/sidearm.nextgen.sites/nacda.com/documents/2018/7/18/June29overallDI.pdf,"2017-18, 2018-19, 2020-21, 2021-22, 2022-23, 2024-25, 2025-26",Bounds clipped to study window. Not an independent annual membership certification.,2026-09-30
Presbyterian College,2017-18,2025-26,Known established D1 program; appears in official D1 final standings elsewhere in window; reviewed for entry/exit and name continuity.,https://dxbhsrqyrr690.cloudfront.net/sidearm.nextgen.sites/nacda.com/documents/2018/7/18/June29overallDI.pdf,"2017-18, 2020-21, 2022-23, 2023-24, 2025-26",Bounds clipped to study window. Not an independent annual membership certification.,2026-09-30
Queens (N.C.),2022-23,2025-26,Official D1 transition record,https://ncaaorg.s3.amazonaws.com/research/sportpart/2023-24RES_NCAAMembershipBreakdown.pdf,2025-26,"2023-24 report lists year 2; full-member date is planned date in that report, not a current eligibility determination.",2026-09-30
Radford,2017-18,2025-26,Known established D1 program; appears in official D1 final standings elsewhere in window; reviewed for entry/exit and name continuity.,https://dxbhsrqyrr690.cloudfront.net/sidearm.nextgen.sites/nacda.com/documents/2018/7/18/June29overallDI.pdf,"2017-18, 2018-19, 2021-22, 2022-23, 2023-24, 2024-25",Bounds clipped to study window. Not an independent annual membership certification.,2026-09-30
Rhode Island,2017-18,2025-26,Known established D1 program; appears in official D1 final standings elsewhere in window; reviewed for entry/exit and name continuity.,https://dxbhsrqyrr690.cloudfront.net/sidearm.nextgen.sites/nacda.com/documents/2018/7/18/June29overallDI.pdf,"2017-18, 2018-19, 2020-21, 2021-22, 2023-24, 2024-25, 2025-26",Bounds clipped to study window. Not an independent annual membership certification.,2026-09-30
Robert Morris,2017-18,2025-26,Known established D1 program; appears in official D1 final standings elsewhere in window; reviewed for entry/exit and name continuity.,https://dxbhsrqyrr690.cloudfront.net/sidearm.nextgen.sites/nacda.com/documents/2018/7/18/June29overallDI.pdf,"2017-18, 2018-19, 2020-21, 2021-22, 2023-24, 2024-25, 2025-26",Bounds clipped to study window. Not an independent annual membership certification.,2026-09-30
SIU Edwardsville,2017-18,2025-26,Known established D1 program; appears in official D1 final standings elsewhere in window; reviewed for entry/exit and name continuity.,https://dxbhsrqyrr690.cloudfront.net/sidearm.nextgen.sites/nacda.com/documents/2019/6/27/June28DIOverall.pdf,"2018-19, 2020-21, 2021-22, 2022-23, 2023-24, 2024-25, 2025-26",Bounds clipped to study window. Not an independent annual membership certification.,2026-09-30
Saint Joseph's,2017-18,2025-26,Known established D1 program; appears in official D1 final standings elsewhere in window; reviewed for entry/exit and name continuity.,https://dxbhsrqyrr690.cloudfront.net/sidearm.nextgen.sites/nacda.com/documents/2018/7/18/June29overallDI.pdf,"2017-18, 2018-19, 2021-22, 2022-23, 2023-24, 2024-25, 2025-26",Bounds clipped to study window. Not an independent annual membership certification.,2026-09-30
Saint Mary's (CA),2017-18,2025-26,Known established D1 program; appears in official D1 final standings elsewhere in window; reviewed for entry/exit and name continuity.,https://dxbhsrqyrr690.cloudfront.net/sidearm.nextgen.sites/nacda.com/documents/2018/7/18/June29overallDI.pdf,"2017-18, 2018-19, 2021-22, 2022-23, 2023-24, 2024-25, 2025-26",Bounds clipped to study window. Not an independent annual membership certification.,2026-09-30
Saint Peter's,2017-18,2025-26,Known established D1 program; appears in official D1 final standings elsewhere in window; reviewed for entry/exit and name continuity.,https://dxbhsrqyrr690.cloudfront.net/sidearm.nextgen.sites/nacda.com/documents/2022/6/30/FinalDIstandings.pdf,"2021-22, 2023-24",Bounds clipped to study window. Not an independent annual membership certification.,2026-09-30
San Francisco,2017-18,2025-26,Known established D1 program; appears in official D1 final standings elsewhere in window; reviewed for entry/exit and name continuity.,https://dxbhsrqyrr690.cloudfront.net/sidearm.nextgen.sites/nacda.com/documents/2018/7/18/June29overallDI.pdf,"2017-18, 2020-21, 2021-22, 2022-23",Bounds clipped to study window. Not an independent annual membership certification.,2026-09-30
San Jose State,2017-18,2025-26,Known established D1 program; appears in official D1 final standings elsewhere in window; reviewed for entry/exit and name continuity.,https://dxbhsrqyrr690.cloudfront.net/sidearm.nextgen.sites/nacda.com/documents/2019/6/27/June28DIOverall.pdf,"2018-19, 2020-21, 2021-22, 2022-23, 2023-24, 2024-25, 2025-26",Bounds clipped to study window. Not an independent annual membership certification.,2026-09-30
Seattle,2017-18,2025-26,Known established D1 program; appears in official D1 final standings elsewhere in window; reviewed for entry/exit and name continuity.,https://dxbhsrqyrr690.cloudfront.net/sidearm.nextgen.sites/nacda.com/documents/2018/7/18/June29overallDI.pdf,"2017-18, 2018-19, 2020-21, 2021-22, 2023-24, 2024-25",Bounds clipped to study window. Not an independent annual membership certification.,2026-09-30
Seton Hall,2017-18,2025-26,Known established D1 program; appears in official D1 final standings elsewhere in window; reviewed for entry/exit and name continuity.,https://dxbhsrqyrr690.cloudfront.net/sidearm.nextgen.sites/nacda.com/documents/2018/7/18/June29overallDI.pdf,"2017-18, 2018-19, 2020-21, 2021-22, 2022-23, 2023-24, 2025-26",Bounds clipped to study window. Not an independent annual membership certification.,2026-09-30
Siena,2017-18,2025-26,Known established D1 program; appears in official D1 final standings elsewhere in window; reviewed for entry/exit and name continuity.,https://dxbhsrqyrr690.cloudfront.net/sidearm.nextgen.sites/nacda.com/documents/2021/7/1/July2OverallDI.pdf,"2020-21, 2022-23, 2023-24, 2024-25, 2025-26",Bounds clipped to study window. Not an independent annual membership certification.,2026-09-30
South Carolina Upstate,2017-18,2025-26,Known established D1 program; appears in official D1 final standings elsewhere in window; reviewed for entry/exit and name continuity.,https://dxbhsrqyrr690.cloudfront.net/sidearm.nextgen.sites/nacda.com/documents/2024/6/26/23.24FinalDI.pdf,"2023-24, 2024-25, 2025-26",Bounds clipped to study window. Not an independent annual membership certification.,2026-09-30
Southeast Missouri State,2017-18,2025-26,Known established D1 program; appears in official D1 final standings elsewhere in window; reviewed for entry/exit and name continuity.,https://dxbhsrqyrr690.cloudfront.net/sidearm.nextgen.sites/nacda.com/documents/2019/6/27/June28DIOverall.pdf,"2018-19, 2020-21, 2021-22, 2022-23, 2023-24, 2024-25",Bounds clipped to study window. Not an independent annual membership certification.,2026-09-30
Southeastern Louisiana,2017-18,2025-26,Known established D1 program; appears in official D1 final standings elsewhere in window; reviewed for entry/exit and name continuity.,https://dxbhsrqyrr690.cloudfront.net/sidearm.nextgen.sites/nacda.com/documents/2021/7/1/July2OverallDI.pdf,"2020-21, 2021-22, 2022-23, 2023-24, 2024-25, 2025-26",Bounds clipped to study window. Not an independent annual membership certification.,2026-09-30
Southern,2017-18,2025-26,Known established D1 program; appears in official D1 final standings elsewhere in window; reviewed for entry/exit and name continuity.,https://dxbhsrqyrr690.cloudfront.net/sidearm.nextgen.sites/nacda.com/documents/2019/6/27/June28DIOverall.pdf,"2018-19, 2020-21, 2022-23, 2024-25, 2025-26",Bounds clipped to study window. Not an independent annual membership certification.,2026-09-30
Southern Illinois,2017-18,2025-26,Known established D1 program; appears in official D1 final standings elsewhere in window; reviewed for entry/exit and name continuity.,https://dxbhsrqyrr690.cloudfront.net/sidearm.nextgen.sites/nacda.com/documents/2019/6/27/June28DIOverall.pdf,"2018-19, 2020-21, 2021-22, 2022-23, 2023-24, 2024-25, 2025-26",Bounds clipped to study window. Not an independent annual membership certification.,2026-09-30
St. Bonaventure,2017-18,2025-26,Known established D1 program; appears in official D1 final standings elsewhere in window; reviewed for entry/exit and name continuity.,https://dxbhsrqyrr690.cloudfront.net/sidearm.nextgen.sites/nacda.com/documents/2018/7/18/June29overallDI.pdf,"2017-18, 2020-21",Bounds clipped to study window. Not an independent annual membership certification.,2026-09-30
St. Francis (NY),2017-18,2022-23,Official membership loss record,https://ncaaorg.s3.amazonaws.com/research/sportpart/2023-24RES_NCAAMembershipBreakdown.pdf,"2017-18, 2020-21, 2022-23",NCAA lists 2022-23 as last active year.,2026-09-30
St. Thomas,2021-22,2025-26,Official D1 transition record,https://ncaaorg.s3.amazonaws.com/research/sportpart/2023-24RES_NCAAMembershipBreakdown.pdf,2025-26,"2023-24 report lists year 3; full-member date is planned date in that report, not a current eligibility determination.",2026-09-30
Stetson,2017-18,2025-26,Known established D1 program; appears in official D1 final standings elsewhere in window; reviewed for entry/exit and name continuity.,https://dxbhsrqyrr690.cloudfront.net/sidearm.nextgen.sites/nacda.com/documents/2018/7/18/June29overallDI.pdf,"2017-18, 2018-19, 2021-22, 2022-23, 2023-24, 2024-25, 2025-26",Bounds clipped to study window. Not an independent annual membership certification.,2026-09-30
Stonehill,2022-23,2025-26,Official D1 transition record,https://ncaaorg.s3.amazonaws.com/research/sportpart/2023-24RES_NCAAMembershipBreakdown.pdf,"2023-24, 2025-26","2023-24 report lists year 2; full-member date is planned date in that report, not a current eligibility determination.",2026-09-30
Tarleton State,2020-21,2025-26,Official D1 transition record,https://ncaaorg.s3.amazonaws.com/research/sportpart/2023-24RES_NCAAMembershipBreakdown.pdf,"2024-25, 2025-26",2023-24 NCAA report lists year 4 of D1 transition.,2026-09-30
Temple,2017-18,2025-26,Known established D1 program; appears in official D1 final standings elsewhere in window; reviewed for entry/exit and name continuity.,https://dxbhsrqyrr690.cloudfront.net/sidearm.nextgen.sites/nacda.com/documents/2018/7/18/June29overallDI.pdf,"2017-18, 2018-19, 2020-21, 2021-22, 2022-23, 2023-24, 2024-25",Bounds clipped to study window. Not an independent annual membership certification.,2026-09-30
Tennessee Martin,2017-18,2025-26,Known established D1 program; appears in official D1 final standings elsewhere in window; reviewed for entry/exit and name continuity.,https://dxbhsrqyrr690.cloudfront.net/sidearm.nextgen.sites/nacda.com/documents/2021/7/1/July2OverallDI.pdf,"2020-21, 2021-22, 2022-23, 2023-24, 2024-25",Bounds clipped to study window. Not an independent annual membership certification.,2026-09-30
Tennessee State,2017-18,2025-26,Known established D1 program; appears in official D1 final standings elsewhere in window; reviewed for entry/exit and name continuity.,https://dxbhsrqyrr690.cloudfront.net/sidearm.nextgen.sites/nacda.com/documents/2022/6/30/FinalDIstandings.pdf,"2021-22, 2022-23, 2024-25, 2025-26",Bounds clipped to study window. Not an independent annual membership certification.,2026-09-30
Tennessee Tech,2017-18,2025-26,Known established D1 program; appears in official D1 final standings elsewhere in window; reviewed for entry/exit and name continuity.,https://dxbhsrqyrr690.cloudfront.net/sidearm.nextgen.sites/nacda.com/documents/2018/7/18/June29overallDI.pdf,"2017-18, 2018-19, 2021-22, 2022-23, 2023-24, 2024-25, 2025-26",Bounds clipped to study window. Not an independent annual membership certification.,2026-09-30
Texas A&M Corpus Christi,2017-18,2025-26,Known established D1 program; appears in official D1 final standings elsewhere in window; reviewed for entry/exit and name continuity.,https://dxbhsrqyrr690.cloudfront.net/sidearm.nextgen.sites/nacda.com/documents/2019/6/27/June28DIOverall.pdf,"2018-19, 2020-21, 2021-22, 2022-23, 2023-24, 2024-25, 2025-26",Bounds clipped to study window. Not an independent annual membership certification.,2026-09-30
Texas Arlington,2017-18,2025-26,Known established D1 program; appears in official D1 final standings elsewhere in window; reviewed for entry/exit and name continuity.,https://dxbhsrqyrr690.cloudfront.net/sidearm.nextgen.sites/nacda.com/documents/2018/7/18/June29overallDI.pdf,"2017-18, 2020-21, 2021-22, 2022-23, 2023-24, 2024-25",Bounds clipped to study window. Not an independent annual membership certification.,2026-09-30
Texas Southern,2017-18,2025-26,Known established D1 program; appears in official D1 final standings elsewhere in window; reviewed for entry/exit and name continuity.,https://dxbhsrqyrr690.cloudfront.net/sidearm.nextgen.sites/nacda.com/documents/2018/7/18/June29overallDI.pdf,"2017-18, 2020-21, 2021-22, 2022-23",Bounds clipped to study window. Not an independent annual membership certification.,2026-09-30
Toledo,2017-18,2025-26,Known established D1 program; appears in official D1 final standings elsewhere in window; reviewed for entry/exit and name continuity.,https://dxbhsrqyrr690.cloudfront.net/sidearm.nextgen.sites/nacda.com/documents/2018/7/18/June29overallDI.pdf,"2017-18, 2018-19, 2021-22, 2022-23, 2023-24, 2024-25, 2025-26",Bounds clipped to study window. Not an independent annual membership certification.,2026-09-30
Towson,2017-18,2025-26,Known established D1 program; appears in official D1 final standings elsewhere in window; reviewed for entry/exit and name continuity.,https://dxbhsrqyrr690.cloudfront.net/sidearm.nextgen.sites/nacda.com/documents/2018/7/18/June29overallDI.pdf,"2017-18, 2018-19, 2020-21, 2021-22, 2022-23, 2023-24, 2024-25",Bounds clipped to study window. Not an independent annual membership certification.,2026-09-30
Troy,2017-18,2025-26,Known established D1 program; appears in official D1 final standings elsewhere in window; reviewed for entry/exit and name continuity.,https://dxbhsrqyrr690.cloudfront.net/sidearm.nextgen.sites/nacda.com/documents/2018/7/18/June29overallDI.pdf,"2017-18, 2018-19, 2020-21, 2022-23, 2023-24, 2024-25, 2025-26",Bounds clipped to study window. Not an independent annual membership certification.,2026-09-30
UAB,2017-18,2025-26,Known established D1 program; appears in official D1 final standings elsewhere in window; reviewed for entry/exit and name continuity.,https://dxbhsrqyrr690.cloudfront.net/sidearm.nextgen.sites/nacda.com/documents/2018/7/18/June29overallDI.pdf,"2017-18, 2018-19, 2020-21, 2021-22, 2022-23, 2023-24",Bounds clipped to study window. Not an independent annual membership certification.,2026-09-30
UC Davis,2017-18,2025-26,Known established D1 program; appears in official D1 final standings elsewhere in window; reviewed for entry/exit and name continuity.,https://dxbhsrqyrr690.cloudfront.net/sidearm.nextgen.sites/nacda.com/documents/2018/7/18/June29overallDI.pdf,"2017-18, 2018-19, 2020-21, 2021-22, 2022-23, 2024-25, 2025-26",Bounds clipped to study window. Not an independent annual membership certification.,2026-09-30
UC Riverside,2017-18,2025-26,Known established D1 program; appears in official D1 final standings elsewhere in window; reviewed for entry/exit and name continuity.,https://dxbhsrqyrr690.cloudfront.net/sidearm.nextgen.sites/nacda.com/documents/2019/6/27/June28DIOverall.pdf,"2018-19, 2022-23, 2025-26",Bounds clipped to study window. Not an independent annual membership certification.,2026-09-30
UC San Diego,2020-21,2025-26,Official D1 transition record,https://ncaaorg.s3.amazonaws.com/research/sportpart/2023-24RES_NCAAMembershipBreakdown.pdf,"2020-21, 2021-22, 2022-23, 2023-24, 2024-25, 2025-26",2023-24 NCAA report lists year 4 of D1 transition.,2026-09-30
UMBC,2017-18,2025-26,Known established D1 program; appears in official D1 final standings elsewhere in window; reviewed for entry/exit and name continuity.,https://dxbhsrqyrr690.cloudfront.net/sidearm.nextgen.sites/nacda.com/documents/2018/7/18/June29overallDI.pdf,"2017-18, 2018-19, 2020-21, 2021-22, 2022-23, 2023-24, 2025-26",Bounds clipped to study window. Not an independent annual membership certification.,2026-09-30
UMKC,2017-18,2025-26,Known established D1 program; appears in official D1 final standings elsewhere in window; reviewed for entry/exit and name continuity.,https://dxbhsrqyrr690.cloudfront.net/sidearm.nextgen.sites/nacda.com/documents/2018/7/18/June29overallDI.pdf,"2017-18, 2018-19, 2022-23, 2023-24, 2024-25, 2025-26",Bounds clipped to study window. Not an independent annual membership certification.,2026-09-30
UTEP,2017-18,2025-26,Known established D1 program; appears in official D1 final standings elsewhere in window; reviewed for entry/exit and name continuity.,https://dxbhsrqyrr690.cloudfront.net/sidearm.nextgen.sites/nacda.com/documents/2018/7/18/June29overallDI.pdf,"2017-18, 2020-21, 2021-22, 2022-23, 2024-25, 2025-26",Bounds clipped to study window. Not an independent annual membership certification.,2026-09-30
UTRGV,2017-18,2025-26,Known established D1 program; appears in official D1 final standings elsewhere in window; reviewed for entry/exit and name continuity.,https://dxbhsrqyrr690.cloudfront.net/sidearm.nextgen.sites/nacda.com/documents/2026/6/24/25.26DI_Final.pdf,2025-26,Bounds clipped to study window. Not an independent annual membership certification.,2026-09-30
Valparaiso,2017-18,2025-26,Known established D1 program; appears in official D1 final standings elsewhere in window; reviewed for entry/exit and name continuity.,https://dxbhsrqyrr690.cloudfront.net/sidearm.nextgen.sites/nacda.com/documents/2024/6/26/23.24FinalDI.pdf,2023-24,Bounds clipped to study window. Not an independent annual membership certification.,2026-09-30
Virginia Military Institute,2017-18,2025-26,Known established D1 program; appears in official D1 final standings elsewhere in window; reviewed for entry/exit and name continuity.,https://dxbhsrqyrr690.cloudfront.net/sidearm.nextgen.sites/nacda.com/documents/2021/7/1/July2OverallDI.pdf,"2020-21, 2023-24",Bounds clipped to study window. Not an independent annual membership certification.,2026-09-30
Wagner,2017-18,2025-26,Known established D1 program; appears in official D1 final standings elsewhere in window; reviewed for entry/exit and name continuity.,https://dxbhsrqyrr690.cloudfront.net/sidearm.nextgen.sites/nacda.com/documents/2018/7/18/June29overallDI.pdf,"2017-18, 2018-19, 2021-22, 2023-24, 2024-25, 2025-26",Bounds clipped to study window. Not an independent annual membership certification.,2026-09-30
Weber State,2017-18,2025-26,Known established D1 program; appears in official D1 final standings elsewhere in window; reviewed for entry/exit and name continuity.,https://dxbhsrqyrr690.cloudfront.net/sidearm.nextgen.sites/nacda.com/documents/2018/7/18/June29overallDI.pdf,"2017-18, 2018-19, 2020-21, 2021-22, 2022-23, 2023-24, 2024-25",Bounds clipped to study window. Not an independent annual membership certification.,2026-09-30
Western Carolina,2017-18,2025-26,Known established D1 program; appears in official D1 final standings elsewhere in window; reviewed for entry/exit and name continuity.,https://dxbhsrqyrr690.cloudfront.net/sidearm.nextgen.sites/nacda.com/documents/2024/6/26/23.24FinalDI.pdf,2023-24,Bounds clipped to study window. Not an independent annual membership certification.,2026-09-30
Western Illinois,2017-18,2025-26,Known established D1 program; appears in official D1 final standings elsewhere in window; reviewed for entry/exit and name continuity.,https://dxbhsrqyrr690.cloudfront.net/sidearm.nextgen.sites/nacda.com/documents/2018/7/18/June29overallDI.pdf,"2017-18, 2020-21, 2025-26",Bounds clipped to study window. Not an independent annual membership certification.,2026-09-30
Western Kentucky,2017-18,2025-26,Known established D1 program; appears in official D1 final standings elsewhere in window; reviewed for entry/exit and name continuity.,https://dxbhsrqyrr690.cloudfront.net/sidearm.nextgen.sites/nacda.com/documents/2018/7/18/June29overallDI.pdf,"2017-18, 2020-21, 2021-22, 2022-23, 2023-24, 2024-25, 2025-26",Bounds clipped to study window. Not an independent annual membership certification.,2026-09-30
William & Mary,2017-18,2025-26,Known established D1 program; appears in official D1 final standings elsewhere in window; reviewed for entry/exit and name continuity.,https://dxbhsrqyrr690.cloudfront.net/sidearm.nextgen.sites/nacda.com/documents/2018/7/18/June29overallDI.pdf,"2017-18, 2018-19, 2020-21, 2021-22, 2022-23, 2023-24, 2024-25",Bounds clipped to study window. Not an independent annual membership certification.,2026-09-30
Winthrop,2017-18,2025-26,Known established D1 program; appears in official D1 final standings elsewhere in window; reviewed for entry/exit and name continuity.,https://dxbhsrqyrr690.cloudfront.net/sidearm.nextgen.sites/nacda.com/documents/2018/7/18/June29overallDI.pdf,"2017-18, 2018-19, 2020-21, 2023-24",Bounds clipped to study window. Not an independent annual membership certification.,2026-09-30
Wisconsin Green Bay,2017-18,2025-26,Known established D1 program; appears in official D1 final standings elsewhere in window; reviewed for entry/exit and name continuity.,https://dxbhsrqyrr690.cloudfront.net/sidearm.nextgen.sites/nacda.com/documents/2018/7/18/June29overallDI.pdf,"2017-18, 2018-19, 2021-22, 2022-23, 2023-24, 2024-25, 2025-26",Bounds clipped to study window. Not an independent annual membership certification.,2026-09-30
Wisconsin Milwaukee,2017-18,2025-26,Known established D1 program; appears in official D1 final standings elsewhere in window; reviewed for entry/exit and name continuity.,https://dxbhsrqyrr690.cloudfront.net/sidearm.nextgen.sites/nacda.com/documents/2019/6/27/June28DIOverall.pdf,"2018-19, 2020-21, 2021-22, 2022-23, 2023-24, 2024-25, 2025-26",Bounds clipped to study window. Not an independent annual membership certification.,2026-09-30
Wofford,2017-18,2025-26,Known established D1 program; appears in official D1 final standings elsewhere in window; reviewed for entry/exit and name continuity.,https://dxbhsrqyrr690.cloudfront.net/sidearm.nextgen.sites/nacda.com/documents/2018/7/18/June29overallDI.pdf,"2017-18, 2018-19, 2023-24, 2024-25, 2025-26",Bounds clipped to study window. Not an independent annual membership certification.,2026-09-30
Yale,2017-18,2025-26,Known established D1 program; appears in official D1 final standings elsewhere in window; reviewed for entry/exit and name continuity.,https://dxbhsrqyrr690.cloudfront.net/sidearm.nextgen.sites/nacda.com/documents/2018/7/18/June29overallDI.pdf,"2017-18, 2018-19, 2021-22, 2022-23, 2023-24, 2024-25, 2025-26",Bounds clipped to study window. Not an independent annual membership certification.,2026-09-30
Youngstown State,2017-18,2025-26,Known established D1 program; appears in official D1 final standings elsewhere in window; reviewed for entry/exit and name continuity.,https://dxbhsrqyrr690.cloudfront.net/sidearm.nextgen.sites/nacda.com/documents/2018/7/18/June29overallDI.pdf,"2017-18, 2020-21, 2021-22, 2022-23, 2023-24, 2024-25, 2025-26",Bounds clipped to study window. Not an independent annual membership certification.,2026-09-30
