school_raw,school,school_id,match_status,mapping_basis,source_url,notes
Abilene Christian,Abilene Christian,abilene_christian,mapped,identity,https://dxbhsrqyrr690.cloudfront.net/sidearm.nextgen.sites/nacda.com/documents/2018/7/18/June29overallDI.pdf,Exact source school name.
Air Force,Air Force,air_force,mapped,identity,https://dxbhsrqyrr690.cloudfront.net/sidearm.nextgen.sites/nacda.com/documents/2018/7/18/June29overallDI.pdf,Exact source school name.
Akron,Akron,akron,mapped,identity,https://dxbhsrqyrr690.cloudfront.net/sidearm.nextgen.sites/nacda.com/documents/2018/7/18/June29overallDI.pdf,Exact source school name.
Alabama,Alabama,alabama,mapped,identity,https://dxbhsrqyrr690.cloudfront.net/sidearm.nextgen.sites/nacda.com/documents/2018/7/18/June29overallDI.pdf,Exact source school name.
Alabama A&M,Alabama A&M,alabama_a_m,mapped,identity,https://dxbhsrqyrr690.cloudfront.net/sidearm.nextgen.sites/nacda.com/documents/2021/7/1/July2OverallDI.pdf,Exact source school name.
Alabama State,Alabama State,alabama_state,mapped,identity,https://dxbhsrqyrr690.cloudfront.net/sidearm.nextgen.sites/nacda.com/documents/2018/7/18/June29overallDI.pdf,Exact source school name.
Albany,Albany,albany,mapped,identity,https://dxbhsrqyrr690.cloudfront.net/sidearm.nextgen.sites/nacda.com/documents/2018/7/18/June29overallDI.pdf,Exact source school name.
Alcorn State,Alcorn State,alcorn_state,mapped,identity,https://dxbhsrqyrr690.cloudfront.net/sidearm.nextgen.sites/nacda.com/documents/2019/6/27/June28DIOverall.pdf,Exact source school name.
American,American,american,mapped,identity,https://dxbhsrqyrr690.cloudfront.net/sidearm.nextgen.sites/nacda.com/documents/2018/7/18/June29overallDI.pdf,Exact source school name.
Appalachian State,Appalachian State,appalachian_state,mapped,identity,https://dxbhsrqyrr690.cloudfront.net/sidearm.nextgen.sites/nacda.com/documents/2018/7/18/June29overallDI.pdf,Exact source school name.
Arizona,Arizona,arizona,mapped,identity,https://dxbhsrqyrr690.cloudfront.net/sidearm.nextgen.sites/nacda.com/documents/2018/7/18/June29overallDI.pdf,Exact source school name.
Arizona State,Arizona State,arizona_state,mapped,identity,https://dxbhsrqyrr690.cloudfront.net/sidearm.nextgen.sites/nacda.com/documents/2018/7/18/June29overallDI.pdf,Exact source school name.
Arkansas,Arkansas,arkansas,mapped,identity,https://dxbhsrqyrr690.cloudfront.net/sidearm.nextgen.sites/nacda.com/documents/2018/7/18/June29overallDI.pdf,Exact source school name.
Arkansas Little Rock,Arkansas Little Rock,arkansas_little_rock,mapped,identity,https://dxbhsrqyrr690.cloudfront.net/sidearm.nextgen.sites/nacda.com/documents/2018/7/18/June29overallDI.pdf,Exact source school name.
Arkansas Pine Bluff,Arkansas Pine Bluff,arkansas_pine_bluff,mapped,identity,https://dxbhsrqyrr690.cloudfront.net/sidearm.nextgen.sites/nacda.com/documents/2023/6/27/Final22.23Standings.pdf,Exact source school name.
Arkansas State,Arkansas State,arkansas_state,mapped,identity,https://dxbhsrqyrr690.cloudfront.net/sidearm.nextgen.sites/nacda.com/documents/2018/7/18/June29overallDI.pdf,Exact source school name.
Army West Point,Army West Point,army_west_point,mapped,identity,https://dxbhsrqyrr690.cloudfront.net/sidearm.nextgen.sites/nacda.com/documents/2018/7/18/June29overallDI.pdf,Exact source school name.
Auburn,Auburn,auburn,mapped,identity,https://dxbhsrqyrr690.cloudfront.net/sidearm.nextgen.sites/nacda.com/documents/2018/7/18/June29overallDI.pdf,Exact source school name.
Austin Peay State,Austin Peay State,austin_peay_state,mapped,identity,https://dxbhsrqyrr690.cloudfront.net/sidearm.nextgen.sites/nacda.com/documents/2018/7/18/June29overallDI.pdf,Exact source school name.
BYU,BYU,byu,mapped,identity,https://dxbhsrqyrr690.cloudfront.net/sidearm.nextgen.sites/nacda.com/documents/2018/7/18/June29overallDI.pdf,Exact source school name.
Ball State,Ball State,ball_state,mapped,identity,https://dxbhsrqyrr690.cloudfront.net/sidearm.nextgen.sites/nacda.com/documents/2021/7/1/July2OverallDI.pdf,Exact source school name.
Baylor,Baylor,baylor,mapped,identity,https://dxbhsrqyrr690.cloudfront.net/sidearm.nextgen.sites/nacda.com/documents/2018/7/18/June29overallDI.pdf,Exact source school name.
Bellarmine,Bellarmine,bellarmine,mapped,identity,https://dxbhsrqyrr690.cloudfront.net/sidearm.nextgen.sites/nacda.com/documents/2026/6/24/25.26DI_Final.pdf,Exact source school name.
Belmont,Belmont,belmont,mapped,identity,https://dxbhsrqyrr690.cloudfront.net/sidearm.nextgen.sites/nacda.com/documents/2018/7/18/June29overallDI.pdf,Exact source school name.
Bethune-Cookman,Bethune-Cookman,bethune_cookman,mapped,identity,https://dxbhsrqyrr690.cloudfront.net/sidearm.nextgen.sites/nacda.com/documents/2018/7/18/June29overallDI.pdf,Exact source school name.
Binghamton,Binghamton,binghamton,mapped,identity,https://dxbhsrqyrr690.cloudfront.net/sidearm.nextgen.sites/nacda.com/documents/2018/7/18/June29overallDI.pdf,Exact source school name.
Boise State,Boise State,boise_state,mapped,identity,https://dxbhsrqyrr690.cloudfront.net/sidearm.nextgen.sites/nacda.com/documents/2018/7/18/June29overallDI.pdf,Exact source school name.
Boston College,Boston College,boston_college,mapped,identity,https://dxbhsrqyrr690.cloudfront.net/sidearm.nextgen.sites/nacda.com/documents/2018/7/18/June29overallDI.pdf,Exact source school name.
Boston University,Boston University,boston_university,mapped,identity,https://dxbhsrqyrr690.cloudfront.net/sidearm.nextgen.sites/nacda.com/documents/2018/7/18/June29overallDI.pdf,Exact source school name.
Bowling Green,Bowling Green,bowling_green,mapped,identity,https://dxbhsrqyrr690.cloudfront.net/sidearm.nextgen.sites/nacda.com/documents/2019/6/27/June28DIOverall.pdf,Exact source school name.
Bradley,Bradley,bradley,mapped,identity,https://dxbhsrqyrr690.cloudfront.net/sidearm.nextgen.sites/nacda.com/documents/2018/7/18/June29overallDI.pdf,Exact source school name.
Brown,Brown,brown,mapped,identity,https://dxbhsrqyrr690.cloudfront.net/sidearm.nextgen.sites/nacda.com/documents/2018/7/18/June29overallDI.pdf,Exact source school name.
Bryant,Bryant,bryant,mapped,identity,https://dxbhsrqyrr690.cloudfront.net/sidearm.nextgen.sites/nacda.com/documents/2018/7/18/June29overallDI.pdf,Exact source school name.
Bucknell,Bucknell,bucknell,mapped,identity,https://dxbhsrqyrr690.cloudfront.net/sidearm.nextgen.sites/nacda.com/documents/2018/7/18/June29overallDI.pdf,Exact source school name.
Buffalo,Buffalo,buffalo,mapped,identity,https://dxbhsrqyrr690.cloudfront.net/sidearm.nextgen.sites/nacda.com/documents/2018/7/18/June29overallDI.pdf,Exact source school name.
Butler,Butler,butler,mapped,identity,https://dxbhsrqyrr690.cloudfront.net/sidearm.nextgen.sites/nacda.com/documents/2018/7/18/June29overallDI.pdf,Exact source school name.
Cal Poly,Cal Poly,cal_poly,mapped,identity,https://dxbhsrqyrr690.cloudfront.net/sidearm.nextgen.sites/nacda.com/documents/2018/7/18/June29overallDI.pdf,Exact source school name.
Cal State Bakersfield,Cal State Bakersfield,cal_state_bakersfield,mapped,identity,https://dxbhsrqyrr690.cloudfront.net/sidearm.nextgen.sites/nacda.com/documents/2018/7/18/June29overallDI.pdf,Exact source school name.
Cal State Fullerton,Cal State Fullerton,cal_state_fullerton,mapped,identity,https://dxbhsrqyrr690.cloudfront.net/sidearm.nextgen.sites/nacda.com/documents/2018/7/18/June29overallDI.pdf,Exact source school name.
Cal State Northridge,Cal State Northridge,cal_state_northridge,mapped,identity,https://dxbhsrqyrr690.cloudfront.net/sidearm.nextgen.sites/nacda.com/documents/2018/7/18/June29overallDI.pdf,Exact source school name.
California,California,california,mapped,identity,https://dxbhsrqyrr690.cloudfront.net/sidearm.nextgen.sites/nacda.com/documents/2018/7/18/June29overallDI.pdf,Exact source school name.
California Baptist,California Baptist,california_baptist,mapped,identity,https://dxbhsrqyrr690.cloudfront.net/sidearm.nextgen.sites/nacda.com/documents/2021/7/1/July2OverallDI.pdf,Exact source school name.
Campbell,Campbell,campbell,mapped,identity,https://dxbhsrqyrr690.cloudfront.net/sidearm.nextgen.sites/nacda.com/documents/2018/7/18/June29overallDI.pdf,Exact source school name.
Canisius,Canisius,canisius,mapped,identity,https://dxbhsrqyrr690.cloudfront.net/sidearm.nextgen.sites/nacda.com/documents/2018/7/18/June29overallDI.pdf,Exact source school name.
Central Arkansas,Central Arkansas,central_arkansas,mapped,identity,https://dxbhsrqyrr690.cloudfront.net/sidearm.nextgen.sites/nacda.com/documents/2018/7/18/June29overallDI.pdf,Exact source school name.
Central Connecticut State,Central Connecticut State,central_connecticut_state,mapped,identity,https://dxbhsrqyrr690.cloudfront.net/sidearm.nextgen.sites/nacda.com/documents/2018/7/18/June29overallDI.pdf,Exact source school name.
Central Michigan,Central Michigan,central_michigan,mapped,identity,https://dxbhsrqyrr690.cloudfront.net/sidearm.nextgen.sites/nacda.com/documents/2018/7/18/June29overallDI.pdf,Exact source school name.
Charleston Southern,Charleston Southern,charleston_southern,mapped,identity,https://dxbhsrqyrr690.cloudfront.net/sidearm.nextgen.sites/nacda.com/documents/2021/7/1/July2OverallDI.pdf,Exact source school name.
Charlotte,Charlotte,charlotte,mapped,identity,https://dxbhsrqyrr690.cloudfront.net/sidearm.nextgen.sites/nacda.com/documents/2019/6/27/June28DIOverall.pdf,Exact source school name.
Chicago State,Chicago State,chicago_state,mapped,identity,https://dxbhsrqyrr690.cloudfront.net/sidearm.nextgen.sites/nacda.com/documents/2024/6/26/23.24FinalDI.pdf,Exact source school name.
Cincinnati,Cincinnati,cincinnati,mapped,identity,https://dxbhsrqyrr690.cloudfront.net/sidearm.nextgen.sites/nacda.com/documents/2018/7/18/June29overallDI.pdf,Exact source school name.
Citadel,Citadel,citadel,mapped,identity,https://dxbhsrqyrr690.cloudfront.net/sidearm.nextgen.sites/nacda.com/documents/2022/6/30/FinalDIstandings.pdf,Exact source school name.
Clemson,Clemson,clemson,mapped,identity,https://dxbhsrqyrr690.cloudfront.net/sidearm.nextgen.sites/nacda.com/documents/2018/7/18/June29overallDI.pdf,Exact source school name.
Cleveland State,Cleveland State,cleveland_state,mapped,identity,https://dxbhsrqyrr690.cloudfront.net/sidearm.nextgen.sites/nacda.com/documents/2018/7/18/June29overallDI.pdf,Exact source school name.
Coastal Carolina,Coastal Carolina,coastal_carolina,mapped,identity,https://dxbhsrqyrr690.cloudfront.net/sidearm.nextgen.sites/nacda.com/documents/2018/7/18/June29overallDI.pdf,Exact source school name.
Colgate,Colgate,colgate,mapped,identity,https://dxbhsrqyrr690.cloudfront.net/sidearm.nextgen.sites/nacda.com/documents/2018/7/18/June29overallDI.pdf,Exact source school name.
College of Charleston,College of Charleston,college_of_charleston,mapped,identity,https://dxbhsrqyrr690.cloudfront.net/sidearm.nextgen.sites/nacda.com/documents/2018/7/18/June29overallDI.pdf,Exact source school name.
Colorado,Colorado,colorado,mapped,identity,https://dxbhsrqyrr690.cloudfront.net/sidearm.nextgen.sites/nacda.com/documents/2018/7/18/June29overallDI.pdf,Exact source school name.
Colorado State,Colorado State,colorado_state,mapped,identity,https://dxbhsrqyrr690.cloudfront.net/sidearm.nextgen.sites/nacda.com/documents/2018/7/18/June29overallDI.pdf,Exact source school name.
Columbia,Columbia,columbia,mapped,identity,https://dxbhsrqyrr690.cloudfront.net/sidearm.nextgen.sites/nacda.com/documents/2018/7/18/June29overallDI.pdf,Exact source school name.
Coppin State,Coppin State,coppin_state,mapped,identity,https://dxbhsrqyrr690.cloudfront.net/sidearm.nextgen.sites/nacda.com/documents/2019/6/27/June28DIOverall.pdf,Exact source school name.
Cornell,Cornell,cornell,mapped,identity,https://dxbhsrqyrr690.cloudfront.net/sidearm.nextgen.sites/nacda.com/documents/2018/7/18/June29overallDI.pdf,Exact source school name.
Creighton,Creighton,creighton,mapped,identity,https://dxbhsrqyrr690.cloudfront.net/sidearm.nextgen.sites/nacda.com/documents/2018/7/18/June29overallDI.pdf,Exact source school name.
Dartmouth,Dartmouth,dartmouth,mapped,identity,https://dxbhsrqyrr690.cloudfront.net/sidearm.nextgen.sites/nacda.com/documents/2018/7/18/June29overallDI.pdf,Exact source school name.
Davidson,Davidson,davidson,mapped,identity,https://dxbhsrqyrr690.cloudfront.net/sidearm.nextgen.sites/nacda.com/documents/2018/7/18/June29overallDI.pdf,Exact source school name.
Dayton,Dayton,dayton,mapped,identity,https://dxbhsrqyrr690.cloudfront.net/sidearm.nextgen.sites/nacda.com/documents/2018/7/18/June29overallDI.pdf,Exact source school name.
DePaul,DePaul,depaul,mapped,identity,https://dxbhsrqyrr690.cloudfront.net/sidearm.nextgen.sites/nacda.com/documents/2018/7/18/June29overallDI.pdf,Exact source school name.
Delaware,Delaware,delaware,mapped,identity,https://dxbhsrqyrr690.cloudfront.net/sidearm.nextgen.sites/nacda.com/documents/2018/7/18/June29overallDI.pdf,Exact source school name.
Delaware State,Delaware State,delaware_state,mapped,identity,https://dxbhsrqyrr690.cloudfront.net/sidearm.nextgen.sites/nacda.com/documents/2021/7/1/July2OverallDI.pdf,Exact source school name.
Denver,Denver,denver,mapped,identity,https://dxbhsrqyrr690.cloudfront.net/sidearm.nextgen.sites/nacda.com/documents/2018/7/18/June29overallDI.pdf,Exact source school name.
Detroit,Detroit,detroit,mapped,identity,https://dxbhsrqyrr690.cloudfront.net/sidearm.nextgen.sites/nacda.com/documents/2019/6/27/June28DIOverall.pdf,Exact source school name.
Drake,Drake,drake,mapped,identity,https://dxbhsrqyrr690.cloudfront.net/sidearm.nextgen.sites/nacda.com/documents/2018/7/18/June29overallDI.pdf,Exact source school name.
Drexel,Drexel,drexel,mapped,identity,https://dxbhsrqyrr690.cloudfront.net/sidearm.nextgen.sites/nacda.com/documents/2018/7/18/June29overallDI.pdf,Exact source school name.
Duke,Duke,duke,mapped,identity,https://dxbhsrqyrr690.cloudfront.net/sidearm.nextgen.sites/nacda.com/documents/2018/7/18/June29overallDI.pdf,Exact source school name.
Duquesne,Duquesne,duquesne,mapped,identity,https://dxbhsrqyrr690.cloudfront.net/sidearm.nextgen.sites/nacda.com/documents/2019/6/27/June28DIOverall.pdf,Exact source school name.
East Carolina,East Carolina,east_carolina,mapped,identity,https://dxbhsrqyrr690.cloudfront.net/sidearm.nextgen.sites/nacda.com/documents/2018/7/18/June29overallDI.pdf,Exact source school name.
East Tennessee State,East Tennessee State,east_tennessee_state,mapped,identity,https://dxbhsrqyrr690.cloudfront.net/sidearm.nextgen.sites/nacda.com/documents/2018/7/18/June29overallDI.pdf,Exact source school name.
Eastern Illinois,Eastern Illinois,eastern_illinois,mapped,identity,https://dxbhsrqyrr690.cloudfront.net/sidearm.nextgen.sites/nacda.com/documents/2023/6/27/Final22.23Standings.pdf,Exact source school name.
Eastern Kentucky,Eastern Kentucky,eastern_kentucky,mapped,identity,https://dxbhsrqyrr690.cloudfront.net/sidearm.nextgen.sites/nacda.com/documents/2018/7/18/June29overallDI.pdf,Exact source school name.
Eastern Michigan,Eastern Michigan,eastern_michigan,mapped,identity,https://dxbhsrqyrr690.cloudfront.net/sidearm.nextgen.sites/nacda.com/documents/2018/7/18/June29overallDI.pdf,Exact source school name.
Eastern Washington,Eastern Washington,eastern_washington,mapped,identity,https://dxbhsrqyrr690.cloudfront.net/sidearm.nextgen.sites/nacda.com/documents/2018/7/18/June29overallDI.pdf,Exact source school name.
Elon,Elon,elon,mapped,identity,https://dxbhsrqyrr690.cloudfront.net/sidearm.nextgen.sites/nacda.com/documents/2018/7/18/June29overallDI.pdf,Exact source school name.
Evansville,Evansville,evansville,mapped,identity,https://dxbhsrqyrr690.cloudfront.net/sidearm.nextgen.sites/nacda.com/documents/2021/7/1/July2OverallDI.pdf,Exact source school name.
FAU,Florida Atlantic,florida_atlantic,mapped,explicit_alias,https://dxbhsrqyrr690.cloudfront.net/sidearm.nextgen.sites/nacda.com/documents/2021/7/1/July2OverallDI.pdf,Same institutional identity; historical source name retained in raw data.
FIU,Florida International,florida_international,mapped,explicit_alias,https://dxbhsrqyrr690.cloudfront.net/sidearm.nextgen.sites/nacda.com/documents/2021/7/1/July2OverallDI.pdf,Same institutional identity; historical source name retained in raw data.
Fairfield,Fairfield,fairfield,mapped,identity,https://dxbhsrqyrr690.cloudfront.net/sidearm.nextgen.sites/nacda.com/documents/2018/7/18/June29overallDI.pdf,Exact source school name.
Fairleigh Dickinson,Fairleigh Dickinson,fairleigh_dickinson,mapped,identity,https://dxbhsrqyrr690.cloudfront.net/sidearm.nextgen.sites/nacda.com/documents/2018/7/18/June29overallDI.pdf,Exact source school name.
Florida,Florida,florida,mapped,identity,https://dxbhsrqyrr690.cloudfront.net/sidearm.nextgen.sites/nacda.com/documents/2018/7/18/June29overallDI.pdf,Exact source school name.
Florida A&M,Florida A&M,florida_a_m,mapped,identity,https://dxbhsrqyrr690.cloudfront.net/sidearm.nextgen.sites/nacda.com/documents/2019/6/27/June28DIOverall.pdf,Exact source school name.
Florida Atlantic,Florida Atlantic,florida_atlantic,mapped,identity,https://dxbhsrqyrr690.cloudfront.net/sidearm.nextgen.sites/nacda.com/documents/2018/7/18/June29overallDI.pdf,Exact source school name.
Florida Gulf Coast,Florida Gulf Coast,florida_gulf_coast,mapped,identity,https://dxbhsrqyrr690.cloudfront.net/sidearm.nextgen.sites/nacda.com/documents/2018/7/18/June29overallDI.pdf,Exact source school name.
Florida International,Florida International,florida_international,mapped,identity,https://dxbhsrqyrr690.cloudfront.net/sidearm.nextgen.sites/nacda.com/documents/2018/7/18/June29overallDI.pdf,Exact source school name.
Florida State,Florida State,florida_state,mapped,identity,https://dxbhsrqyrr690.cloudfront.net/sidearm.nextgen.sites/nacda.com/documents/2018/7/18/June29overallDI.pdf,Exact source school name.
Fordham,Fordham,fordham,mapped,identity,https://dxbhsrqyrr690.cloudfront.net/sidearm.nextgen.sites/nacda.com/documents/2018/7/18/June29overallDI.pdf,Exact source school name.
Fresno State,Fresno State,fresno_state,mapped,identity,https://dxbhsrqyrr690.cloudfront.net/sidearm.nextgen.sites/nacda.com/documents/2018/7/18/June29overallDI.pdf,Exact source school name.
Furman,Furman,furman,mapped,identity,https://dxbhsrqyrr690.cloudfront.net/sidearm.nextgen.sites/nacda.com/documents/2018/7/18/June29overallDI.pdf,Exact source school name.
Gardner-Webb,Gardner-Webb,gardner_webb,mapped,identity,https://dxbhsrqyrr690.cloudfront.net/sidearm.nextgen.sites/nacda.com/documents/2019/6/27/June28DIOverall.pdf,Exact source school name.
George Mason,George Mason,george_mason,mapped,identity,https://dxbhsrqyrr690.cloudfront.net/sidearm.nextgen.sites/nacda.com/documents/2018/7/18/June29overallDI.pdf,Exact source school name.
George Washington,George Washington,george_washington,mapped,identity,https://dxbhsrqyrr690.cloudfront.net/sidearm.nextgen.sites/nacda.com/documents/2018/7/18/June29overallDI.pdf,Exact source school name.
Georgetown,Georgetown,georgetown,mapped,identity,https://dxbhsrqyrr690.cloudfront.net/sidearm.nextgen.sites/nacda.com/documents/2018/7/18/June29overallDI.pdf,Exact source school name.
Georgia,Georgia,georgia,mapped,identity,https://dxbhsrqyrr690.cloudfront.net/sidearm.nextgen.sites/nacda.com/documents/2018/7/18/June29overallDI.pdf,Exact source school name.
Georgia Southern,Georgia Southern,georgia_southern,mapped,identity,https://dxbhsrqyrr690.cloudfront.net/sidearm.nextgen.sites/nacda.com/documents/2019/6/27/June28DIOverall.pdf,Exact source school name.
Georgia State,Georgia State,georgia_state,mapped,identity,https://dxbhsrqyrr690.cloudfront.net/sidearm.nextgen.sites/nacda.com/documents/2018/7/18/June29overallDI.pdf,Exact source school name.
Georgia Tech,Georgia Tech,georgia_tech,mapped,identity,https://dxbhsrqyrr690.cloudfront.net/sidearm.nextgen.sites/nacda.com/documents/2018/7/18/June29overallDI.pdf,Exact source school name.
Gonzaga,Gonzaga,gonzaga,mapped,identity,https://dxbhsrqyrr690.cloudfront.net/sidearm.nextgen.sites/nacda.com/documents/2018/7/18/June29overallDI.pdf,Exact source school name.
Grambling State,Grambling State,grambling_state,mapped,identity,https://dxbhsrqyrr690.cloudfront.net/sidearm.nextgen.sites/nacda.com/documents/2018/7/18/June29overallDI.pdf,Exact source school name.
Grand Canyon,Grand Canyon,grand_canyon,mapped,identity,https://dxbhsrqyrr690.cloudfront.net/sidearm.nextgen.sites/nacda.com/documents/2018/7/18/June29overallDI.pdf,Exact source school name.
Hartford,Hartford,hartford,mapped,identity,https://dxbhsrqyrr690.cloudfront.net/sidearm.nextgen.sites/nacda.com/documents/2018/7/18/June29overallDI.pdf,Exact source school name.
Harvard,Harvard,harvard,mapped,identity,https://dxbhsrqyrr690.cloudfront.net/sidearm.nextgen.sites/nacda.com/documents/2018/7/18/June29overallDI.pdf,Exact source school name.
Hawaii,Hawaii,hawaii,mapped,identity,https://dxbhsrqyrr690.cloudfront.net/sidearm.nextgen.sites/nacda.com/documents/2018/7/18/June29overallDI.pdf,Exact source school name.
High Point,High Point,high_point,mapped,identity,https://dxbhsrqyrr690.cloudfront.net/sidearm.nextgen.sites/nacda.com/documents/2018/7/18/June29overallDI.pdf,Exact source school name.
Hofstra,Hofstra,hofstra,mapped,identity,https://dxbhsrqyrr690.cloudfront.net/sidearm.nextgen.sites/nacda.com/documents/2018/7/18/June29overallDI.pdf,Exact source school name.
Holy Cross,Holy Cross,holy_cross,mapped,identity,https://dxbhsrqyrr690.cloudfront.net/sidearm.nextgen.sites/nacda.com/documents/2021/7/1/July2OverallDI.pdf,Exact source school name.
Houston,Houston,houston,mapped,identity,https://dxbhsrqyrr690.cloudfront.net/sidearm.nextgen.sites/nacda.com/documents/2018/7/18/June29overallDI.pdf,Exact source school name.
Houston Baptist,Houston Christian,houston_christian,mapped,explicit_alias,https://dxbhsrqyrr690.cloudfront.net/sidearm.nextgen.sites/nacda.com/documents/2018/7/18/June29overallDI.pdf,Same institutional identity; historical source name retained in raw data.
Houston Christian,Houston Christian,houston_christian,mapped,identity,https://dxbhsrqyrr690.cloudfront.net/sidearm.nextgen.sites/nacda.com/documents/2025/6/23/24.25DivIStandingsFinal.pdf,Exact source school name.
Howard,Howard,howard,mapped,identity,https://dxbhsrqyrr690.cloudfront.net/sidearm.nextgen.sites/nacda.com/documents/2018/7/18/June29overallDI.pdf,Exact source school name.
IPFW,IPFW,ipfw,mapped,identity,https://dxbhsrqyrr690.cloudfront.net/sidearm.nextgen.sites/nacda.com/documents/2023/6/27/Final22.23Standings.pdf,Exact source school name.
IUPUI,IUPUI,iupui,mapped,identity,https://dxbhsrqyrr690.cloudfront.net/sidearm.nextgen.sites/nacda.com/documents/2018/7/18/June29overallDI.pdf,Exact source school name.
Idaho,Idaho,idaho,mapped,identity,https://dxbhsrqyrr690.cloudfront.net/sidearm.nextgen.sites/nacda.com/documents/2018/7/18/June29overallDI.pdf,Exact source school name.
Idaho State,Idaho State,idaho_state,mapped,identity,https://dxbhsrqyrr690.cloudfront.net/sidearm.nextgen.sites/nacda.com/documents/2021/7/1/July2OverallDI.pdf,Exact source school name.
Illinois,Illinois,illinois,mapped,identity,https://dxbhsrqyrr690.cloudfront.net/sidearm.nextgen.sites/nacda.com/documents/2018/7/18/June29overallDI.pdf,Exact source school name.
Illinois Chicago,Illinois Chicago,illinois_chicago,mapped,identity,https://dxbhsrqyrr690.cloudfront.net/sidearm.nextgen.sites/nacda.com/documents/2018/7/18/June29overallDI.pdf,Exact source school name.
Illinois State,Illinois State,illinois_state,mapped,identity,https://dxbhsrqyrr690.cloudfront.net/sidearm.nextgen.sites/nacda.com/documents/2019/6/27/June28DIOverall.pdf,Exact source school name.
Incarnate Word,Incarnate Word,incarnate_word,mapped,identity,https://dxbhsrqyrr690.cloudfront.net/sidearm.nextgen.sites/nacda.com/documents/2018/7/18/June29overallDI.pdf,Exact source school name.
Indiana,Indiana,indiana,mapped,identity,https://dxbhsrqyrr690.cloudfront.net/sidearm.nextgen.sites/nacda.com/documents/2018/7/18/June29overallDI.pdf,Exact source school name.
Indiana State,Indiana State,indiana_state,mapped,identity,https://dxbhsrqyrr690.cloudfront.net/sidearm.nextgen.sites/nacda.com/documents/2019/6/27/June28DIOverall.pdf,Exact source school name.
Iona,Iona,iona,mapped,identity,https://dxbhsrqyrr690.cloudfront.net/sidearm.nextgen.sites/nacda.com/documents/2018/7/18/June29overallDI.pdf,Exact source school name.
Iowa,Iowa,iowa,mapped,identity,https://dxbhsrqyrr690.cloudfront.net/sidearm.nextgen.sites/nacda.com/documents/2018/7/18/June29overallDI.pdf,Exact source school name.
Iowa State,Iowa State,iowa_state,mapped,identity,https://dxbhsrqyrr690.cloudfront.net/sidearm.nextgen.sites/nacda.com/documents/2018/7/18/June29overallDI.pdf,Exact source school name.
Jackson State,Jackson State,jackson_state,mapped,identity,https://dxbhsrqyrr690.cloudfront.net/sidearm.nextgen.sites/nacda.com/documents/2021/7/1/July2OverallDI.pdf,Exact source school name.
Jacksonville,Jacksonville,jacksonville,mapped,identity,https://dxbhsrqyrr690.cloudfront.net/sidearm.nextgen.sites/nacda.com/documents/2018/7/18/June29overallDI.pdf,Exact source school name.
Jacksonville State,Jacksonville State,jacksonville_state,mapped,identity,https://dxbhsrqyrr690.cloudfront.net/sidearm.nextgen.sites/nacda.com/documents/2018/7/18/June29overallDI.pdf,Exact source school name.
James Madison,James Madison,james_madison,mapped,identity,https://dxbhsrqyrr690.cloudfront.net/sidearm.nextgen.sites/nacda.com/documents/2018/7/18/June29overallDI.pdf,Exact source school name.
Kansas,Kansas,kansas,mapped,identity,https://dxbhsrqyrr690.cloudfront.net/sidearm.nextgen.sites/nacda.com/documents/2018/7/18/June29overallDI.pdf,Exact source school name.
Kansas State,Kansas State,kansas_state,mapped,identity,https://dxbhsrqyrr690.cloudfront.net/sidearm.nextgen.sites/nacda.com/documents/2018/7/18/June29overallDI.pdf,Exact source school name.
Kennesaw State,Kennesaw State,kennesaw_state,mapped,identity,https://dxbhsrqyrr690.cloudfront.net/sidearm.nextgen.sites/nacda.com/documents/2018/7/18/June29overallDI.pdf,Exact source school name.
Kent State,Kent State,kent_state,mapped,identity,https://dxbhsrqyrr690.cloudfront.net/sidearm.nextgen.sites/nacda.com/documents/2018/7/18/June29overallDI.pdf,Exact source school name.
Kentucky,Kentucky,kentucky,mapped,identity,https://dxbhsrqyrr690.cloudfront.net/sidearm.nextgen.sites/nacda.com/documents/2018/7/18/June29overallDI.pdf,Exact source school name.
LIU Brooklyn,LIU Brooklyn,liu_brooklyn,mapped,identity,https://dxbhsrqyrr690.cloudfront.net/sidearm.nextgen.sites/nacda.com/documents/2018/7/18/June29overallDI.pdf,Exact source school name.
LSU,LSU,lsu,mapped,identity,https://dxbhsrqyrr690.cloudfront.net/sidearm.nextgen.sites/nacda.com/documents/2018/7/18/June29overallDI.pdf,Exact source school name.
La Salle,La Salle,la_salle,mapped,identity,https://dxbhsrqyrr690.cloudfront.net/sidearm.nextgen.sites/nacda.com/documents/2018/7/18/June29overallDI.pdf,Exact source school name.
Lafayette,Lafayette,lafayette,mapped,identity,https://dxbhsrqyrr690.cloudfront.net/sidearm.nextgen.sites/nacda.com/documents/2024/6/26/23.24FinalDI.pdf,Exact source school name.
Lamar,Lamar,lamar,mapped,identity,https://dxbhsrqyrr690.cloudfront.net/sidearm.nextgen.sites/nacda.com/documents/2018/7/18/June29overallDI.pdf,Exact source school name.
Lehigh,Lehigh,lehigh,mapped,identity,https://dxbhsrqyrr690.cloudfront.net/sidearm.nextgen.sites/nacda.com/documents/2018/7/18/June29overallDI.pdf,Exact source school name.
Liberty,Liberty,liberty,mapped,identity,https://dxbhsrqyrr690.cloudfront.net/sidearm.nextgen.sites/nacda.com/documents/2018/7/18/June29overallDI.pdf,Exact source school name.
Lindenwood,Lindenwood,lindenwood,mapped,identity,https://dxbhsrqyrr690.cloudfront.net/sidearm.nextgen.sites/nacda.com/documents/2026/6/24/25.26DI_Final.pdf,Exact source school name.
Lipscomb,Lipscomb,lipscomb,mapped,identity,https://dxbhsrqyrr690.cloudfront.net/sidearm.nextgen.sites/nacda.com/documents/2018/7/18/June29overallDI.pdf,Exact source school name.
Long Beach State,Long Beach State,long_beach_state,mapped,identity,https://dxbhsrqyrr690.cloudfront.net/sidearm.nextgen.sites/nacda.com/documents/2018/7/18/June29overallDI.pdf,Exact source school name.
Longwood,Longwood,longwood,mapped,identity,https://dxbhsrqyrr690.cloudfront.net/sidearm.nextgen.sites/nacda.com/documents/2019/6/27/June28DIOverall.pdf,Exact source school name.
Louisiana,Louisiana,louisiana,mapped,identity,https://dxbhsrqyrr690.cloudfront.net/sidearm.nextgen.sites/nacda.com/documents/2021/7/1/July2OverallDI.pdf,Exact source school name.
Louisiana Lafayette,Louisiana,louisiana,mapped,explicit_alias,https://dxbhsrqyrr690.cloudfront.net/sidearm.nextgen.sites/nacda.com/documents/2018/7/18/June29overallDI.pdf,Same institutional identity; historical source name retained in raw data.
Louisiana Monroe,Louisiana Monroe,louisiana_monroe,mapped,identity,https://dxbhsrqyrr690.cloudfront.net/sidearm.nextgen.sites/nacda.com/documents/2018/7/18/June29overallDI.pdf,Exact source school name.
Louisiana Tech,Louisiana Tech,louisiana_tech,mapped,identity,https://dxbhsrqyrr690.cloudfront.net/sidearm.nextgen.sites/nacda.com/documents/2018/7/18/June29overallDI.pdf,Exact source school name.
Louisville,Louisville,louisville,mapped,identity,https://dxbhsrqyrr690.cloudfront.net/sidearm.nextgen.sites/nacda.com/documents/2018/7/18/June29overallDI.pdf,Exact source school name.
Loyola Chicago,Loyola Chicago,loyola_chicago,mapped,identity,https://dxbhsrqyrr690.cloudfront.net/sidearm.nextgen.sites/nacda.com/documents/2018/7/18/June29overallDI.pdf,Exact source school name.
Loyola Maryland,Loyola Maryland,loyola_maryland,mapped,identity,https://dxbhsrqyrr690.cloudfront.net/sidearm.nextgen.sites/nacda.com/documents/2018/7/18/June29overallDI.pdf,Exact source school name.
Loyola Marymount,Loyola Marymount,loyola_marymount,mapped,identity,https://dxbhsrqyrr690.cloudfront.net/sidearm.nextgen.sites/nacda.com/documents/2019/6/27/June28DIOverall.pdf,Exact source school name.
Maine,Maine,maine,mapped,identity,https://dxbhsrqyrr690.cloudfront.net/sidearm.nextgen.sites/nacda.com/documents/2018/7/18/June29overallDI.pdf,Exact source school name.
Manhattan,Manhattan,manhattan,mapped,identity,https://dxbhsrqyrr690.cloudfront.net/sidearm.nextgen.sites/nacda.com/documents/2021/7/1/July2OverallDI.pdf,Exact source school name.
Marist,Marist,marist,mapped,identity,https://dxbhsrqyrr690.cloudfront.net/sidearm.nextgen.sites/nacda.com/documents/2019/6/27/June28DIOverall.pdf,Exact source school name.
Marquette,Marquette,marquette,mapped,identity,https://dxbhsrqyrr690.cloudfront.net/sidearm.nextgen.sites/nacda.com/documents/2018/7/18/June29overallDI.pdf,Exact source school name.
Marshall,Marshall,marshall,mapped,identity,https://dxbhsrqyrr690.cloudfront.net/sidearm.nextgen.sites/nacda.com/documents/2018/7/18/June29overallDI.pdf,Exact source school name.
Maryland,Maryland,maryland,mapped,identity,https://dxbhsrqyrr690.cloudfront.net/sidearm.nextgen.sites/nacda.com/documents/2018/7/18/June29overallDI.pdf,Exact source school name.
Maryland Eastern Shore,Maryland Eastern Shore,maryland_eastern_shore,mapped,identity,https://dxbhsrqyrr690.cloudfront.net/sidearm.nextgen.sites/nacda.com/documents/2019/6/27/June28DIOverall.pdf,Exact source school name.
Massachusetts,Massachusetts,massachusetts,mapped,identity,https://dxbhsrqyrr690.cloudfront.net/sidearm.nextgen.sites/nacda.com/documents/2018/7/18/June29overallDI.pdf,Exact source school name.
Massachusetts Lowell,Massachusetts Lowell,massachusetts_lowell,mapped,identity,https://dxbhsrqyrr690.cloudfront.net/sidearm.nextgen.sites/nacda.com/documents/2021/7/1/July2OverallDI.pdf,Exact source school name.
McNeese State,McNeese State,mcneese_state,mapped,identity,https://dxbhsrqyrr690.cloudfront.net/sidearm.nextgen.sites/nacda.com/documents/2018/7/18/June29overallDI.pdf,Exact source school name.
Memphis,Memphis,memphis,mapped,identity,https://dxbhsrqyrr690.cloudfront.net/sidearm.nextgen.sites/nacda.com/documents/2018/7/18/June29overallDI.pdf,Exact source school name.
Mercer,Mercer,mercer,mapped,identity,https://dxbhsrqyrr690.cloudfront.net/sidearm.nextgen.sites/nacda.com/documents/2018/7/18/June29overallDI.pdf,Exact source school name.
Merrimack,Merrimack,merrimack,mapped,identity,https://dxbhsrqyrr690.cloudfront.net/sidearm.nextgen.sites/nacda.com/documents/2023/6/27/Final22.23Standings.pdf,Exact source school name.
Miami (FL),Miami (FL),miami_fl,mapped,identity,https://dxbhsrqyrr690.cloudfront.net/sidearm.nextgen.sites/nacda.com/documents/2018/7/18/June29overallDI.pdf,Exact source school name.
Miami (OH),Miami (OH),miami_oh,mapped,identity,https://dxbhsrqyrr690.cloudfront.net/sidearm.nextgen.sites/nacda.com/documents/2018/7/18/June29overallDI.pdf,Exact source school name.
Michigan,Michigan,michigan,mapped,identity,https://dxbhsrqyrr690.cloudfront.net/sidearm.nextgen.sites/nacda.com/documents/2018/7/18/June29overallDI.pdf,Exact source school name.
Michigan State,Michigan State,michigan_state,mapped,identity,https://dxbhsrqyrr690.cloudfront.net/sidearm.nextgen.sites/nacda.com/documents/2018/7/18/June29overallDI.pdf,Exact source school name.
Middle Tennessee State,Middle Tennessee State,middle_tennessee_state,mapped,identity,https://dxbhsrqyrr690.cloudfront.net/sidearm.nextgen.sites/nacda.com/documents/2018/7/18/June29overallDI.pdf,Exact source school name.
Minnesota,Minnesota,minnesota,mapped,identity,https://dxbhsrqyrr690.cloudfront.net/sidearm.nextgen.sites/nacda.com/documents/2018/7/18/June29overallDI.pdf,Exact source school name.
Mississippi State,Mississippi State,mississippi_state,mapped,identity,https://dxbhsrqyrr690.cloudfront.net/sidearm.nextgen.sites/nacda.com/documents/2018/7/18/June29overallDI.pdf,Exact source school name.
Missouri,Missouri,missouri,mapped,identity,https://dxbhsrqyrr690.cloudfront.net/sidearm.nextgen.sites/nacda.com/documents/2018/7/18/June29overallDI.pdf,Exact source school name.
Missouri State,Missouri State,missouri_state,mapped,identity,https://dxbhsrqyrr690.cloudfront.net/sidearm.nextgen.sites/nacda.com/documents/2018/7/18/June29overallDI.pdf,Exact source school name.
Monmouth,Monmouth,monmouth,mapped,identity,https://dxbhsrqyrr690.cloudfront.net/sidearm.nextgen.sites/nacda.com/documents/2018/7/18/June29overallDI.pdf,Exact source school name.
Montana,Montana,montana,mapped,identity,https://dxbhsrqyrr690.cloudfront.net/sidearm.nextgen.sites/nacda.com/documents/2018/7/18/June29overallDI.pdf,Exact source school name.
Montana State,Montana State,montana_state,mapped,identity,https://dxbhsrqyrr690.cloudfront.net/sidearm.nextgen.sites/nacda.com/documents/2018/7/18/June29overallDI.pdf,Exact source school name.
Morehead State,Morehead State,morehead_state,mapped,identity,https://dxbhsrqyrr690.cloudfront.net/sidearm.nextgen.sites/nacda.com/documents/2018/7/18/June29overallDI.pdf,Exact source school name.
Morgan State,Morgan State,morgan_state,mapped,identity,https://dxbhsrqyrr690.cloudfront.net/sidearm.nextgen.sites/nacda.com/documents/2018/7/18/June29overallDI.pdf,Exact source school name.
Mount St. Mary's,Mount St. Mary's,mount_st_mary_s,mapped,identity,https://dxbhsrqyrr690.cloudfront.net/sidearm.nextgen.sites/nacda.com/documents/2021/7/1/July2OverallDI.pdf,Exact source school name.
Murray State,Murray State,murray_state,mapped,identity,https://dxbhsrqyrr690.cloudfront.net/sidearm.nextgen.sites/nacda.com/documents/2018/7/18/June29overallDI.pdf,Exact source school name.
NJIT,NJIT,njit,mapped,identity,https://dxbhsrqyrr690.cloudfront.net/sidearm.nextgen.sites/nacda.com/documents/2018/7/18/June29overallDI.pdf,Exact source school name.
Navy,Navy,navy,mapped,identity,https://dxbhsrqyrr690.cloudfront.net/sidearm.nextgen.sites/nacda.com/documents/2018/7/18/June29overallDI.pdf,Exact source school name.
Nebraska,Nebraska,nebraska,mapped,identity,https://dxbhsrqyrr690.cloudfront.net/sidearm.nextgen.sites/nacda.com/documents/2018/7/18/June29overallDI.pdf,Exact source school name.
Nebraska Omaha,Nebraska Omaha,nebraska_omaha,mapped,identity,https://dxbhsrqyrr690.cloudfront.net/sidearm.nextgen.sites/nacda.com/documents/2018/7/18/June29overallDI.pdf,Exact source school name.
Nevada,Nevada,nevada,mapped,identity,https://dxbhsrqyrr690.cloudfront.net/sidearm.nextgen.sites/nacda.com/documents/2018/7/18/June29overallDI.pdf,Exact source school name.
New Hampshire,New Hampshire,new_hampshire,mapped,identity,https://dxbhsrqyrr690.cloudfront.net/sidearm.nextgen.sites/nacda.com/documents/2018/7/18/June29overallDI.pdf,Exact source school name.
New Mexico,New Mexico,new_mexico,mapped,identity,https://dxbhsrqyrr690.cloudfront.net/sidearm.nextgen.sites/nacda.com/documents/2018/7/18/June29overallDI.pdf,Exact source school name.
New Mexico State,New Mexico State,new_mexico_state,mapped,identity,https://dxbhsrqyrr690.cloudfront.net/sidearm.nextgen.sites/nacda.com/documents/2018/7/18/June29overallDI.pdf,Exact source school name.
New Orleans,New Orleans,new_orleans,mapped,identity,https://dxbhsrqyrr690.cloudfront.net/sidearm.nextgen.sites/nacda.com/documents/2022/6/30/FinalDIstandings.pdf,Exact source school name.
Niagara,Niagara,niagara,mapped,identity,https://dxbhsrqyrr690.cloudfront.net/sidearm.nextgen.sites/nacda.com/documents/2024/6/26/23.24FinalDI.pdf,Exact source school name.
Nicholls State,Nicholls State,nicholls_state,mapped,identity,https://dxbhsrqyrr690.cloudfront.net/sidearm.nextgen.sites/nacda.com/documents/2018/7/18/June29overallDI.pdf,Exact source school name.
Norfolk State,Norfolk State,norfolk_state,mapped,identity,https://dxbhsrqyrr690.cloudfront.net/sidearm.nextgen.sites/nacda.com/documents/2018/7/18/June29overallDI.pdf,Exact source school name.
North Alabama,North Alabama,north_alabama,mapped,identity,https://dxbhsrqyrr690.cloudfront.net/sidearm.nextgen.sites/nacda.com/documents/2025/6/23/24.25DivIStandingsFinal.pdf,Exact source school name.
North Carolina,North Carolina,north_carolina,mapped,identity,https://dxbhsrqyrr690.cloudfront.net/sidearm.nextgen.sites/nacda.com/documents/2018/7/18/June29overallDI.pdf,Exact source school name.
North Carolina A&T,North Carolina A&T,north_carolina_a_t,mapped,identity,https://dxbhsrqyrr690.cloudfront.net/sidearm.nextgen.sites/nacda.com/documents/2018/7/18/June29overallDI.pdf,Exact source school name.
North Carolina A&T State,North Carolina A&T,north_carolina_a_t,mapped,explicit_alias,https://dxbhsrqyrr690.cloudfront.net/sidearm.nextgen.sites/nacda.com/documents/2022/6/30/FinalDIstandings.pdf,Same institutional identity; historical source name retained in raw data.
North Carolina Asheville,North Carolina Asheville,north_carolina_asheville,mapped,identity,https://dxbhsrqyrr690.cloudfront.net/sidearm.nextgen.sites/nacda.com/documents/2023/6/27/Final22.23Standings.pdf,Exact source school name.
North Carolina Central,North Carolina Central,north_carolina_central,mapped,identity,https://dxbhsrqyrr690.cloudfront.net/sidearm.nextgen.sites/nacda.com/documents/2018/7/18/June29overallDI.pdf,Exact source school name.
North Carolina Greensboro,North Carolina Greensboro,north_carolina_greensboro,mapped,identity,https://dxbhsrqyrr690.cloudfront.net/sidearm.nextgen.sites/nacda.com/documents/2018/7/18/June29overallDI.pdf,Exact source school name.
North Carolina State,North Carolina State,north_carolina_state,mapped,identity,https://dxbhsrqyrr690.cloudfront.net/sidearm.nextgen.sites/nacda.com/documents/2018/7/18/June29overallDI.pdf,Exact source school name.
North Carolina Wilmington,North Carolina Wilmington,north_carolina_wilmington,mapped,identity,https://dxbhsrqyrr690.cloudfront.net/sidearm.nextgen.sites/nacda.com/documents/2018/7/18/June29overallDI.pdf,Exact source school name.
North Dakota,North Dakota,north_dakota,mapped,identity,https://dxbhsrqyrr690.cloudfront.net/sidearm.nextgen.sites/nacda.com/documents/2018/7/18/June29overallDI.pdf,Exact source school name.
North Dakota State,North Dakota State,north_dakota_state,mapped,identity,https://dxbhsrqyrr690.cloudfront.net/sidearm.nextgen.sites/nacda.com/documents/2018/7/18/June29overallDI.pdf,Exact source school name.
North Florida,North Florida,north_florida,mapped,identity,https://dxbhsrqyrr690.cloudfront.net/sidearm.nextgen.sites/nacda.com/documents/2018/7/18/June29overallDI.pdf,Exact source school name.
North Texas,North Texas,north_texas,mapped,identity,https://dxbhsrqyrr690.cloudfront.net/sidearm.nextgen.sites/nacda.com/documents/2018/7/18/June29overallDI.pdf,Exact source school name.
Northeastern,Northeastern,northeastern,mapped,identity,https://dxbhsrqyrr690.cloudfront.net/sidearm.nextgen.sites/nacda.com/documents/2018/7/18/June29overallDI.pdf,Exact source school name.
Northern Arizona,Northern Arizona,northern_arizona,mapped,identity,https://dxbhsrqyrr690.cloudfront.net/sidearm.nextgen.sites/nacda.com/documents/2018/7/18/June29overallDI.pdf,Exact source school name.
Northern Colorado,Northern Colorado,northern_colorado,mapped,identity,https://dxbhsrqyrr690.cloudfront.net/sidearm.nextgen.sites/nacda.com/documents/2018/7/18/June29overallDI.pdf,Exact source school name.
Northern Illinois,Northern Illinois,northern_illinois,mapped,identity,https://dxbhsrqyrr690.cloudfront.net/sidearm.nextgen.sites/nacda.com/documents/2018/7/18/June29overallDI.pdf,Exact source school name.
Northern Iowa,Northern Iowa,northern_iowa,mapped,identity,https://dxbhsrqyrr690.cloudfront.net/sidearm.nextgen.sites/nacda.com/documents/2018/7/18/June29overallDI.pdf,Exact source school name.
Northern Kentucky,Northern Kentucky,northern_kentucky,mapped,identity,https://dxbhsrqyrr690.cloudfront.net/sidearm.nextgen.sites/nacda.com/documents/2019/6/27/June28DIOverall.pdf,Exact source school name.
Northwestern,Northwestern,northwestern,mapped,identity,https://dxbhsrqyrr690.cloudfront.net/sidearm.nextgen.sites/nacda.com/documents/2018/7/18/June29overallDI.pdf,Exact source school name.
Northwestern State,Northwestern State,northwestern_state,mapped,identity,https://dxbhsrqyrr690.cloudfront.net/sidearm.nextgen.sites/nacda.com/documents/2018/7/18/June29overallDI.pdf,Exact source school name.
Notre Dame,Notre Dame,notre_dame,mapped,identity,https://dxbhsrqyrr690.cloudfront.net/sidearm.nextgen.sites/nacda.com/documents/2018/7/18/June29overallDI.pdf,Exact source school name.
Oakland,Oakland,oakland,mapped,identity,https://dxbhsrqyrr690.cloudfront.net/sidearm.nextgen.sites/nacda.com/documents/2021/7/1/July2OverallDI.pdf,Exact source school name.
Ohio,Ohio,ohio,mapped,identity,https://dxbhsrqyrr690.cloudfront.net/sidearm.nextgen.sites/nacda.com/documents/2018/7/18/June29overallDI.pdf,Exact source school name.
Ohio State,Ohio State,ohio_state,mapped,identity,https://dxbhsrqyrr690.cloudfront.net/sidearm.nextgen.sites/nacda.com/documents/2018/7/18/June29overallDI.pdf,Exact source school name.
Oklahoma,Oklahoma,oklahoma,mapped,identity,https://dxbhsrqyrr690.cloudfront.net/sidearm.nextgen.sites/nacda.com/documents/2018/7/18/June29overallDI.pdf,Exact source school name.
Oklahoma State,Oklahoma State,oklahoma_state,mapped,identity,https://dxbhsrqyrr690.cloudfront.net/sidearm.nextgen.sites/nacda.com/documents/2018/7/18/June29overallDI.pdf,Exact source school name.
Old Dominion,Old Dominion,old_dominion,mapped,identity,https://dxbhsrqyrr690.cloudfront.net/sidearm.nextgen.sites/nacda.com/documents/2018/7/18/June29overallDI.pdf,Exact source school name.
Ole Miss,Ole Miss,ole_miss,mapped,identity,https://dxbhsrqyrr690.cloudfront.net/sidearm.nextgen.sites/nacda.com/documents/2018/7/18/June29overallDI.pdf,Exact source school name.
Omaha,Nebraska Omaha,nebraska_omaha,mapped,explicit_alias,https://dxbhsrqyrr690.cloudfront.net/sidearm.nextgen.sites/nacda.com/documents/2021/7/1/July2OverallDI.pdf,Same institutional identity; historical source name retained in raw data.
Oral Roberts,Oral Roberts,oral_roberts,mapped,identity,https://dxbhsrqyrr690.cloudfront.net/sidearm.nextgen.sites/nacda.com/documents/2018/7/18/June29overallDI.pdf,Exact source school name.
Oregon,Oregon,oregon,mapped,identity,https://dxbhsrqyrr690.cloudfront.net/sidearm.nextgen.sites/nacda.com/documents/2018/7/18/June29overallDI.pdf,Exact source school name.
Oregon State,Oregon State,oregon_state,mapped,identity,https://dxbhsrqyrr690.cloudfront.net/sidearm.nextgen.sites/nacda.com/documents/2018/7/18/June29overallDI.pdf,Exact source school name.
Pacific,Pacific,pacific,mapped,identity,https://dxbhsrqyrr690.cloudfront.net/sidearm.nextgen.sites/nacda.com/documents/2018/7/18/June29overallDI.pdf,Exact source school name.
Penn State,Penn State,penn_state,mapped,identity,https://dxbhsrqyrr690.cloudfront.net/sidearm.nextgen.sites/nacda.com/documents/2018/7/18/June29overallDI.pdf,Exact source school name.
Pennsylvania,Pennsylvania,pennsylvania,mapped,identity,https://dxbhsrqyrr690.cloudfront.net/sidearm.nextgen.sites/nacda.com/documents/2018/7/18/June29overallDI.pdf,Exact source school name.
Pepperdine,Pepperdine,pepperdine,mapped,identity,https://dxbhsrqyrr690.cloudfront.net/sidearm.nextgen.sites/nacda.com/documents/2018/7/18/June29overallDI.pdf,Exact source school name.
Pittsburgh,Pittsburgh,pittsburgh,mapped,identity,https://dxbhsrqyrr690.cloudfront.net/sidearm.nextgen.sites/nacda.com/documents/2018/7/18/June29overallDI.pdf,Exact source school name.
Portland,Portland,portland,mapped,identity,https://dxbhsrqyrr690.cloudfront.net/sidearm.nextgen.sites/nacda.com/documents/2018/7/18/June29overallDI.pdf,Exact source school name.
Portland State,Portland State,portland_state,mapped,identity,https://dxbhsrqyrr690.cloudfront.net/sidearm.nextgen.sites/nacda.com/documents/2019/6/27/June28DIOverall.pdf,Exact source school name.
Prairie View A&M,Prairie View A&M,prairie_view_a_m,mapped,identity,https://dxbhsrqyrr690.cloudfront.net/sidearm.nextgen.sites/nacda.com/documents/2018/7/18/June29overallDI.pdf,Exact source school name.
Presbyterian College,Presbyterian College,presbyterian_college,mapped,identity,https://dxbhsrqyrr690.cloudfront.net/sidearm.nextgen.sites/nacda.com/documents/2018/7/18/June29overallDI.pdf,Exact source school name.
Princeton,Princeton,princeton,mapped,identity,https://dxbhsrqyrr690.cloudfront.net/sidearm.nextgen.sites/nacda.com/documents/2018/7/18/June29overallDI.pdf,Exact source school name.
Providence,Providence,providence,mapped,identity,https://dxbhsrqyrr690.cloudfront.net/sidearm.nextgen.sites/nacda.com/documents/2018/7/18/June29overallDI.pdf,Exact source school name.
Purdue,Purdue,purdue,mapped,identity,https://dxbhsrqyrr690.cloudfront.net/sidearm.nextgen.sites/nacda.com/documents/2018/7/18/June29overallDI.pdf,Exact source school name.
Queens (N.C.),Queens (N.C.),queens_n_c,mapped,identity,https://dxbhsrqyrr690.cloudfront.net/sidearm.nextgen.sites/nacda.com/documents/2026/6/24/25.26DI_Final.pdf,Exact source school name.
Quinnipiac,Quinnipiac,quinnipiac,mapped,identity,https://dxbhsrqyrr690.cloudfront.net/sidearm.nextgen.sites/nacda.com/documents/2018/7/18/June29overallDI.pdf,Exact source school name.
Radford,Radford,radford,mapped,identity,https://dxbhsrqyrr690.cloudfront.net/sidearm.nextgen.sites/nacda.com/documents/2018/7/18/June29overallDI.pdf,Exact source school name.
Rhode Island,Rhode Island,rhode_island,mapped,identity,https://dxbhsrqyrr690.cloudfront.net/sidearm.nextgen.sites/nacda.com/documents/2018/7/18/June29overallDI.pdf,Exact source school name.
Rice,Rice,rice,mapped,identity,https://dxbhsrqyrr690.cloudfront.net/sidearm.nextgen.sites/nacda.com/documents/2018/7/18/June29overallDI.pdf,Exact source school name.
Richmond,Richmond,richmond,mapped,identity,https://dxbhsrqyrr690.cloudfront.net/sidearm.nextgen.sites/nacda.com/documents/2018/7/18/June29overallDI.pdf,Exact source school name.
Rider,Rider,rider,mapped,identity,https://dxbhsrqyrr690.cloudfront.net/sidearm.nextgen.sites/nacda.com/documents/2018/7/18/June29overallDI.pdf,Exact source school name.
Robert Morris,Robert Morris,robert_morris,mapped,identity,https://dxbhsrqyrr690.cloudfront.net/sidearm.nextgen.sites/nacda.com/documents/2018/7/18/June29overallDI.pdf,Exact source school name.
Rutgers,Rutgers,rutgers,mapped,identity,https://dxbhsrqyrr690.cloudfront.net/sidearm.nextgen.sites/nacda.com/documents/2018/7/18/June29overallDI.pdf,Exact source school name.
SIU Edwardsville,SIU Edwardsville,siu_edwardsville,mapped,identity,https://dxbhsrqyrr690.cloudfront.net/sidearm.nextgen.sites/nacda.com/documents/2019/6/27/June28DIOverall.pdf,Exact source school name.
SMU,SMU,smu,mapped,identity,https://dxbhsrqyrr690.cloudfront.net/sidearm.nextgen.sites/nacda.com/documents/2018/7/18/June29overallDI.pdf,Exact source school name.
Sacramento State,Sacramento State,sacramento_state,mapped,identity,https://dxbhsrqyrr690.cloudfront.net/sidearm.nextgen.sites/nacda.com/documents/2018/7/18/June29overallDI.pdf,Exact source school name.
Sacred Heart,Sacred Heart,sacred_heart,mapped,identity,https://dxbhsrqyrr690.cloudfront.net/sidearm.nextgen.sites/nacda.com/documents/2018/7/18/June29overallDI.pdf,Exact source school name.
Saint Francis (PA),Saint Francis (PA),saint_francis_pa,mapped,identity,https://dxbhsrqyrr690.cloudfront.net/sidearm.nextgen.sites/nacda.com/documents/2018/7/18/June29overallDI.pdf,Exact source school name.
Saint Joseph's,Saint Joseph's,saint_joseph_s,mapped,identity,https://dxbhsrqyrr690.cloudfront.net/sidearm.nextgen.sites/nacda.com/documents/2018/7/18/June29overallDI.pdf,Exact source school name.
Saint Louis,Saint Louis,saint_louis,mapped,identity,https://dxbhsrqyrr690.cloudfront.net/sidearm.nextgen.sites/nacda.com/documents/2018/7/18/June29overallDI.pdf,Exact source school name.
Saint Mary's (CA),Saint Mary's (CA),saint_mary_s_ca,mapped,identity,https://dxbhsrqyrr690.cloudfront.net/sidearm.nextgen.sites/nacda.com/documents/2022/6/30/FinalDIstandings.pdf,Exact source school name.
Saint Peter's,Saint Peter's,saint_peter_s,mapped,identity,https://dxbhsrqyrr690.cloudfront.net/sidearm.nextgen.sites/nacda.com/documents/2022/6/30/FinalDIstandings.pdf,Exact source school name.
Sam Houston State,Sam Houston State,sam_houston_state,mapped,identity,https://dxbhsrqyrr690.cloudfront.net/sidearm.nextgen.sites/nacda.com/documents/2018/7/18/June29overallDI.pdf,Exact source school name.
Samford,Samford,samford,mapped,identity,https://dxbhsrqyrr690.cloudfront.net/sidearm.nextgen.sites/nacda.com/documents/2018/7/18/June29overallDI.pdf,Exact source school name.
San Diego,San Diego,san_diego,mapped,identity,https://dxbhsrqyrr690.cloudfront.net/sidearm.nextgen.sites/nacda.com/documents/2018/7/18/June29overallDI.pdf,Exact source school name.
San Diego State,San Diego State,san_diego_state,mapped,identity,https://dxbhsrqyrr690.cloudfront.net/sidearm.nextgen.sites/nacda.com/documents/2018/7/18/June29overallDI.pdf,Exact source school name.
San Francisco,San Francisco,san_francisco,mapped,identity,https://dxbhsrqyrr690.cloudfront.net/sidearm.nextgen.sites/nacda.com/documents/2018/7/18/June29overallDI.pdf,Exact source school name.
San Jose State,San Jose State,san_jose_state,mapped,identity,https://dxbhsrqyrr690.cloudfront.net/sidearm.nextgen.sites/nacda.com/documents/2019/6/27/June28DIOverall.pdf,Exact source school name.
Santa Clara,Santa Clara,santa_clara,mapped,identity,https://dxbhsrqyrr690.cloudfront.net/sidearm.nextgen.sites/nacda.com/documents/2018/7/18/June29overallDI.pdf,Exact source school name.
Seattle,Seattle,seattle,mapped,identity,https://dxbhsrqyrr690.cloudfront.net/sidearm.nextgen.sites/nacda.com/documents/2018/7/18/June29overallDI.pdf,Exact source school name.
Seton Hall,Seton Hall,seton_hall,mapped,identity,https://dxbhsrqyrr690.cloudfront.net/sidearm.nextgen.sites/nacda.com/documents/2018/7/18/June29overallDI.pdf,Exact source school name.
Siena,Siena,siena,mapped,identity,https://dxbhsrqyrr690.cloudfront.net/sidearm.nextgen.sites/nacda.com/documents/2021/7/1/July2OverallDI.pdf,Exact source school name.
South Alabama,South Alabama,south_alabama,mapped,identity,https://dxbhsrqyrr690.cloudfront.net/sidearm.nextgen.sites/nacda.com/documents/2018/7/18/June29overallDI.pdf,Exact source school name.
South Carolina,South Carolina,south_carolina,mapped,identity,https://dxbhsrqyrr690.cloudfront.net/sidearm.nextgen.sites/nacda.com/documents/2018/7/18/June29overallDI.pdf,Exact source school name.
South Carolina State,South Carolina State,south_carolina_state,mapped,identity,https://dxbhsrqyrr690.cloudfront.net/sidearm.nextgen.sites/nacda.com/documents/2018/7/18/June29overallDI.pdf,Exact source school name.
South Carolina Upstate,South Carolina Upstate,south_carolina_upstate,mapped,identity,https://dxbhsrqyrr690.cloudfront.net/sidearm.nextgen.sites/nacda.com/documents/2024/6/26/23.24FinalDI.pdf,Exact source school name.
South Dakota,South Dakota,south_dakota,mapped,identity,https://dxbhsrqyrr690.cloudfront.net/sidearm.nextgen.sites/nacda.com/documents/2018/7/18/June29overallDI.pdf,Exact source school name.
South Dakota State,South Dakota State,south_dakota_state,mapped,identity,https://dxbhsrqyrr690.cloudfront.net/sidearm.nextgen.sites/nacda.com/documents/2018/7/18/June29overallDI.pdf,Exact source school name.
South Florida,South Florida,south_florida,mapped,identity,https://dxbhsrqyrr690.cloudfront.net/sidearm.nextgen.sites/nacda.com/documents/2018/7/18/June29overallDI.pdf,Exact source school name.
Southeast Missouri State,Southeast Missouri State,southeast_missouri_state,mapped,identity,https://dxbhsrqyrr690.cloudfront.net/sidearm.nextgen.sites/nacda.com/documents/2019/6/27/June28DIOverall.pdf,Exact source school name.
Southeastern Louisiana,Southeastern Louisiana,southeastern_louisiana,mapped,identity,https://dxbhsrqyrr690.cloudfront.net/sidearm.nextgen.sites/nacda.com/documents/2021/7/1/July2OverallDI.pdf,Exact source school name.
Southern,Southern,southern,mapped,identity,https://dxbhsrqyrr690.cloudfront.net/sidearm.nextgen.sites/nacda.com/documents/2019/6/27/June28DIOverall.pdf,Exact source school name.
Southern Illinois,Southern Illinois,southern_illinois,mapped,identity,https://dxbhsrqyrr690.cloudfront.net/sidearm.nextgen.sites/nacda.com/documents/2019/6/27/June28DIOverall.pdf,Exact source school name.
Southern Mississippi,Southern Mississippi,southern_mississippi,mapped,identity,https://dxbhsrqyrr690.cloudfront.net/sidearm.nextgen.sites/nacda.com/documents/2018/7/18/June29overallDI.pdf,Exact source school name.
Southern Utah,Southern Utah,southern_utah,mapped,identity,https://dxbhsrqyrr690.cloudfront.net/sidearm.nextgen.sites/nacda.com/documents/2018/7/18/June29overallDI.pdf,Exact source school name.
St. Bonaventure,St. Bonaventure,st_bonaventure,mapped,identity,https://dxbhsrqyrr690.cloudfront.net/sidearm.nextgen.sites/nacda.com/documents/2018/7/18/June29overallDI.pdf,Exact source school name.
St. Francis (NY),St. Francis (NY),st_francis_ny,mapped,identity,https://dxbhsrqyrr690.cloudfront.net/sidearm.nextgen.sites/nacda.com/documents/2018/7/18/June29overallDI.pdf,Exact source school name.
St. John's (NY),St. John's (NY),st_john_s_ny,mapped,identity,https://dxbhsrqyrr690.cloudfront.net/sidearm.nextgen.sites/nacda.com/documents/2018/7/18/June29overallDI.pdf,Exact source school name.
St. Mary's College of California,Saint Mary's (CA),saint_mary_s_ca,mapped,explicit_alias,https://dxbhsrqyrr690.cloudfront.net/sidearm.nextgen.sites/nacda.com/documents/2018/7/18/June29overallDI.pdf,Same institutional identity; historical source name retained in raw data.
St. Thomas,St. Thomas,st_thomas,mapped,identity,https://dxbhsrqyrr690.cloudfront.net/sidearm.nextgen.sites/nacda.com/documents/2026/6/24/25.26DI_Final.pdf,Exact source school name.
Stanford,Stanford,stanford,mapped,identity,https://dxbhsrqyrr690.cloudfront.net/sidearm.nextgen.sites/nacda.com/documents/2018/7/18/June29overallDI.pdf,Exact source school name.
Stephen F. Austin,Stephen F. Austin,stephen_f_austin,mapped,identity,https://dxbhsrqyrr690.cloudfront.net/sidearm.nextgen.sites/nacda.com/documents/2018/7/18/June29overallDI.pdf,Exact source school name.
Stetson,Stetson,stetson,mapped,identity,https://dxbhsrqyrr690.cloudfront.net/sidearm.nextgen.sites/nacda.com/documents/2018/7/18/June29overallDI.pdf,Exact source school name.
Stonehill,Stonehill,stonehill,mapped,identity,https://dxbhsrqyrr690.cloudfront.net/sidearm.nextgen.sites/nacda.com/documents/2026/6/24/25.26DI_Final.pdf,Exact source school name.
Stonehill (2026-27),Stonehill,stonehill,mapped,explicit_alias,https://dxbhsrqyrr690.cloudfront.net/sidearm.nextgen.sites/nacda.com/documents/2024/6/26/23.24FinalDI.pdf,Same institutional identity; historical source name retained in raw data.
Stony Brook,Stony Brook,stony_brook,mapped,identity,https://dxbhsrqyrr690.cloudfront.net/sidearm.nextgen.sites/nacda.com/documents/2018/7/18/June29overallDI.pdf,Exact source school name.
Syracuse,Syracuse,syracuse,mapped,identity,https://dxbhsrqyrr690.cloudfront.net/sidearm.nextgen.sites/nacda.com/documents/2018/7/18/June29overallDI.pdf,Exact source school name.
TCU,TCU,tcu,mapped,identity,https://dxbhsrqyrr690.cloudfront.net/sidearm.nextgen.sites/nacda.com/documents/2018/7/18/June29overallDI.pdf,Exact source school name.
Tarleton State,Tarleton State,tarleton_state,mapped,identity,https://dxbhsrqyrr690.cloudfront.net/sidearm.nextgen.sites/nacda.com/documents/2025/6/23/24.25DivIStandingsFinal.pdf,Exact source school name.
Temple,Temple,temple,mapped,identity,https://dxbhsrqyrr690.cloudfront.net/sidearm.nextgen.sites/nacda.com/documents/2018/7/18/June29overallDI.pdf,Exact source school name.
Tennessee,Tennessee,tennessee,mapped,identity,https://dxbhsrqyrr690.cloudfront.net/sidearm.nextgen.sites/nacda.com/documents/2018/7/18/June29overallDI.pdf,Exact source school name.
Tennessee Chattanooga,Tennessee Chattanooga,tennessee_chattanooga,mapped,identity,https://dxbhsrqyrr690.cloudfront.net/sidearm.nextgen.sites/nacda.com/documents/2018/7/18/June29overallDI.pdf,Exact source school name.
Tennessee Martin,Tennessee Martin,tennessee_martin,mapped,identity,https://dxbhsrqyrr690.cloudfront.net/sidearm.nextgen.sites/nacda.com/documents/2021/7/1/July2OverallDI.pdf,Exact source school name.
Tennessee State,Tennessee State,tennessee_state,mapped,identity,https://dxbhsrqyrr690.cloudfront.net/sidearm.nextgen.sites/nacda.com/documents/2022/6/30/FinalDIstandings.pdf,Exact source school name.
Tennessee Tech,Tennessee Tech,tennessee_tech,mapped,identity,https://dxbhsrqyrr690.cloudfront.net/sidearm.nextgen.sites/nacda.com/documents/2018/7/18/June29overallDI.pdf,Exact source school name.
Texas,Texas,texas,mapped,identity,https://dxbhsrqyrr690.cloudfront.net/sidearm.nextgen.sites/nacda.com/documents/2018/7/18/June29overallDI.pdf,Exact source school name.
Texas A&M,Texas A&M,texas_a_m,mapped,identity,https://dxbhsrqyrr690.cloudfront.net/sidearm.nextgen.sites/nacda.com/documents/2018/7/18/June29overallDI.pdf,Exact source school name.
Texas A&M Corpus Christi,Texas A&M Corpus Christi,texas_a_m_corpus_christi,mapped,identity,https://dxbhsrqyrr690.cloudfront.net/sidearm.nextgen.sites/nacda.com/documents/2019/6/27/June28DIOverall.pdf,Exact source school name.
Texas Arlington,Texas Arlington,texas_arlington,mapped,identity,https://dxbhsrqyrr690.cloudfront.net/sidearm.nextgen.sites/nacda.com/documents/2018/7/18/June29overallDI.pdf,Exact source school name.
Texas Southern,Texas Southern,texas_southern,mapped,identity,https://dxbhsrqyrr690.cloudfront.net/sidearm.nextgen.sites/nacda.com/documents/2018/7/18/June29overallDI.pdf,Exact source school name.
Texas State,Texas State,texas_state,mapped,identity,https://dxbhsrqyrr690.cloudfront.net/sidearm.nextgen.sites/nacda.com/documents/2018/7/18/June29overallDI.pdf,Exact source school name.
Texas Tech,Texas Tech,texas_tech,mapped,identity,https://dxbhsrqyrr690.cloudfront.net/sidearm.nextgen.sites/nacda.com/documents/2018/7/18/June29overallDI.pdf,Exact source school name.
Toledo,Toledo,toledo,mapped,identity,https://dxbhsrqyrr690.cloudfront.net/sidearm.nextgen.sites/nacda.com/documents/2018/7/18/June29overallDI.pdf,Exact source school name.
Towson,Towson,towson,mapped,identity,https://dxbhsrqyrr690.cloudfront.net/sidearm.nextgen.sites/nacda.com/documents/2018/7/18/June29overallDI.pdf,Exact source school name.
Troy,Troy,troy,mapped,identity,https://dxbhsrqyrr690.cloudfront.net/sidearm.nextgen.sites/nacda.com/documents/2018/7/18/June29overallDI.pdf,Exact source school name.
Tulane,Tulane,tulane,mapped,identity,https://dxbhsrqyrr690.cloudfront.net/sidearm.nextgen.sites/nacda.com/documents/2018/7/18/June29overallDI.pdf,Exact source school name.
Tulsa,Tulsa,tulsa,mapped,identity,https://dxbhsrqyrr690.cloudfront.net/sidearm.nextgen.sites/nacda.com/documents/2018/7/18/June29overallDI.pdf,Exact source school name.
UAB,UAB,uab,mapped,identity,https://dxbhsrqyrr690.cloudfront.net/sidearm.nextgen.sites/nacda.com/documents/2018/7/18/June29overallDI.pdf,Exact source school name.
UC Davis,UC Davis,uc_davis,mapped,identity,https://dxbhsrqyrr690.cloudfront.net/sidearm.nextgen.sites/nacda.com/documents/2018/7/18/June29overallDI.pdf,Exact source school name.
UC Irvine,UC Irvine,uc_irvine,mapped,identity,https://dxbhsrqyrr690.cloudfront.net/sidearm.nextgen.sites/nacda.com/documents/2018/7/18/June29overallDI.pdf,Exact source school name.
UC Riverside,UC Riverside,uc_riverside,mapped,identity,https://dxbhsrqyrr690.cloudfront.net/sidearm.nextgen.sites/nacda.com/documents/2019/6/27/June28DIOverall.pdf,Exact source school name.
UC San Diego,UC San Diego,uc_san_diego,mapped,identity,https://dxbhsrqyrr690.cloudfront.net/sidearm.nextgen.sites/nacda.com/documents/2021/7/1/July2OverallDI.pdf,Exact source school name.
UC Santa Barbara,UC Santa Barbara,uc_santa_barbara,mapped,identity,https://dxbhsrqyrr690.cloudfront.net/sidearm.nextgen.sites/nacda.com/documents/2018/7/18/June29overallDI.pdf,Exact source school name.
UCF,UCF,ucf,mapped,identity,https://dxbhsrqyrr690.cloudfront.net/sidearm.nextgen.sites/nacda.com/documents/2018/7/18/June29overallDI.pdf,Exact source school name.
UCLA,UCLA,ucla,mapped,identity,https://dxbhsrqyrr690.cloudfront.net/sidearm.nextgen.sites/nacda.com/documents/2018/7/18/June29overallDI.pdf,Exact source school name.
UConn,UConn,uconn,mapped,identity,https://dxbhsrqyrr690.cloudfront.net/sidearm.nextgen.sites/nacda.com/documents/2018/7/18/June29overallDI.pdf,Exact source school name.
UMBC,UMBC,umbc,mapped,identity,https://dxbhsrqyrr690.cloudfront.net/sidearm.nextgen.sites/nacda.com/documents/2018/7/18/June29overallDI.pdf,Exact source school name.
UMKC,UMKC,umkc,mapped,identity,https://dxbhsrqyrr690.cloudfront.net/sidearm.nextgen.sites/nacda.com/documents/2018/7/18/June29overallDI.pdf,Exact source school name.
UNLV,UNLV,unlv,mapped,identity,https://dxbhsrqyrr690.cloudfront.net/sidearm.nextgen.sites/nacda.com/documents/2018/7/18/June29overallDI.pdf,Exact source school name.
USC,USC,usc,mapped,identity,https://dxbhsrqyrr690.cloudfront.net/sidearm.nextgen.sites/nacda.com/documents/2018/7/18/June29overallDI.pdf,Exact source school name.
UTEP,UTEP,utep,mapped,identity,https://dxbhsrqyrr690.cloudfront.net/sidearm.nextgen.sites/nacda.com/documents/2018/7/18/June29overallDI.pdf,Exact source school name.
UTRGV,UTRGV,utrgv,mapped,identity,https://dxbhsrqyrr690.cloudfront.net/sidearm.nextgen.sites/nacda.com/documents/2026/6/24/25.26DI_Final.pdf,Exact source school name.
UTSA,UTSA,utsa,mapped,identity,https://dxbhsrqyrr690.cloudfront.net/sidearm.nextgen.sites/nacda.com/documents/2018/7/18/June29overallDI.pdf,Exact source school name.
Uconn,UConn,uconn,mapped,explicit_alias,https://dxbhsrqyrr690.cloudfront.net/sidearm.nextgen.sites/nacda.com/documents/2026/6/24/25.26DI_Final.pdf,Same institutional identity; historical source name retained in raw data.
Utah,Utah,utah,mapped,identity,https://dxbhsrqyrr690.cloudfront.net/sidearm.nextgen.sites/nacda.com/documents/2018/7/18/June29overallDI.pdf,Exact source school name.
Utah State,Utah State,utah_state,mapped,identity,https://dxbhsrqyrr690.cloudfront.net/sidearm.nextgen.sites/nacda.com/documents/2018/7/18/June29overallDI.pdf,Exact source school name.
Utah Valley,Utah Valley,utah_valley,mapped,identity,https://dxbhsrqyrr690.cloudfront.net/sidearm.nextgen.sites/nacda.com/documents/2018/7/18/June29overallDI.pdf,Exact source school name.
VCU,VCU,vcu,mapped,identity,https://dxbhsrqyrr690.cloudfront.net/sidearm.nextgen.sites/nacda.com/documents/2018/7/18/June29overallDI.pdf,Exact source school name.
Valparaiso,Valparaiso,valparaiso,mapped,identity,https://dxbhsrqyrr690.cloudfront.net/sidearm.nextgen.sites/nacda.com/documents/2024/6/26/23.24FinalDI.pdf,Exact source school name.
Vanderbilt,Vanderbilt,vanderbilt,mapped,identity,https://dxbhsrqyrr690.cloudfront.net/sidearm.nextgen.sites/nacda.com/documents/2018/7/18/June29overallDI.pdf,Exact source school name.
Vermont,Vermont,vermont,mapped,identity,https://dxbhsrqyrr690.cloudfront.net/sidearm.nextgen.sites/nacda.com/documents/2018/7/18/June29overallDI.pdf,Exact source school name.
Villanova,Villanova,villanova,mapped,identity,https://dxbhsrqyrr690.cloudfront.net/sidearm.nextgen.sites/nacda.com/documents/2018/7/18/June29overallDI.pdf,Exact source school name.
Virginia,Virginia,virginia,mapped,identity,https://dxbhsrqyrr690.cloudfront.net/sidearm.nextgen.sites/nacda.com/documents/2018/7/18/June29overallDI.pdf,Exact source school name.
Virginia Military Institute,Virginia Military Institute,virginia_military_institute,mapped,identity,https://dxbhsrqyrr690.cloudfront.net/sidearm.nextgen.sites/nacda.com/documents/2021/7/1/July2OverallDI.pdf,Exact source school name.
Virginia Tech,Virginia Tech,virginia_tech,mapped,identity,https://dxbhsrqyrr690.cloudfront.net/sidearm.nextgen.sites/nacda.com/documents/2018/7/18/June29overallDI.pdf,Exact source school name.
Wagner,Wagner,wagner,mapped,identity,https://dxbhsrqyrr690.cloudfront.net/sidearm.nextgen.sites/nacda.com/documents/2018/7/18/June29overallDI.pdf,Exact source school name.
Wake Forest,Wake Forest,wake_forest,mapped,identity,https://dxbhsrqyrr690.cloudfront.net/sidearm.nextgen.sites/nacda.com/documents/2018/7/18/June29overallDI.pdf,Exact source school name.
Washington,Washington,washington,mapped,identity,https://dxbhsrqyrr690.cloudfront.net/sidearm.nextgen.sites/nacda.com/documents/2018/7/18/June29overallDI.pdf,Exact source school name.
Washington State,Washington State,washington_state,mapped,identity,https://dxbhsrqyrr690.cloudfront.net/sidearm.nextgen.sites/nacda.com/documents/2018/7/18/June29overallDI.pdf,Exact source school name.
Weber State,Weber State,weber_state,mapped,identity,https://dxbhsrqyrr690.cloudfront.net/sidearm.nextgen.sites/nacda.com/documents/2018/7/18/June29overallDI.pdf,Exact source school name.
West Virginia,West Virginia,west_virginia,mapped,identity,https://dxbhsrqyrr690.cloudfront.net/sidearm.nextgen.sites/nacda.com/documents/2018/7/18/June29overallDI.pdf,Exact source school name.
Western Carolina,Western Carolina,western_carolina,mapped,identity,https://dxbhsrqyrr690.cloudfront.net/sidearm.nextgen.sites/nacda.com/documents/2024/6/26/23.24FinalDI.pdf,Exact source school name.
Western Illinois,Western Illinois,western_illinois,mapped,identity,https://dxbhsrqyrr690.cloudfront.net/sidearm.nextgen.sites/nacda.com/documents/2018/7/18/June29overallDI.pdf,Exact source school name.
Western Kentucky,Western Kentucky,western_kentucky,mapped,identity,https://dxbhsrqyrr690.cloudfront.net/sidearm.nextgen.sites/nacda.com/documents/2018/7/18/June29overallDI.pdf,Exact source school name.
Western Michigan,Western Michigan,western_michigan,mapped,identity,https://dxbhsrqyrr690.cloudfront.net/sidearm.nextgen.sites/nacda.com/documents/2018/7/18/June29overallDI.pdf,Exact source school name.
Wichita State,Wichita State,wichita_state,mapped,identity,https://dxbhsrqyrr690.cloudfront.net/sidearm.nextgen.sites/nacda.com/documents/2018/7/18/June29overallDI.pdf,Exact source school name.
William & Mary,William & Mary,william_mary,mapped,identity,https://dxbhsrqyrr690.cloudfront.net/sidearm.nextgen.sites/nacda.com/documents/2018/7/18/June29overallDI.pdf,Exact source school name.
Winthrop,Winthrop,winthrop,mapped,identity,https://dxbhsrqyrr690.cloudfront.net/sidearm.nextgen.sites/nacda.com/documents/2018/7/18/June29overallDI.pdf,Exact source school name.
Wisconsin,Wisconsin,wisconsin,mapped,identity,https://dxbhsrqyrr690.cloudfront.net/sidearm.nextgen.sites/nacda.com/documents/2018/7/18/June29overallDI.pdf,Exact source school name.
Wisconsin Green Bay,Wisconsin Green Bay,wisconsin_green_bay,mapped,identity,https://dxbhsrqyrr690.cloudfront.net/sidearm.nextgen.sites/nacda.com/documents/2018/7/18/June29overallDI.pdf,Exact source school name.
Wisconsin Milwaukee,Wisconsin Milwaukee,wisconsin_milwaukee,mapped,identity,https://dxbhsrqyrr690.cloudfront.net/sidearm.nextgen.sites/nacda.com/documents/2019/6/27/June28DIOverall.pdf,Exact source school name.
Wofford,Wofford,wofford,mapped,identity,https://dxbhsrqyrr690.cloudfront.net/sidearm.nextgen.sites/nacda.com/documents/2018/7/18/June29overallDI.pdf,Exact source school name.
Wright State,Wright State,wright_state,mapped,identity,https://dxbhsrqyrr690.cloudfront.net/sidearm.nextgen.sites/nacda.com/documents/2018/7/18/June29overallDI.pdf,Exact source school name.
Wyoming,Wyoming,wyoming,mapped,identity,https://dxbhsrqyrr690.cloudfront.net/sidearm.nextgen.sites/nacda.com/documents/2018/7/18/June29overallDI.pdf,Exact source school name.
Xavier,Xavier,xavier,mapped,identity,https://dxbhsrqyrr690.cloudfront.net/sidearm.nextgen.sites/nacda.com/documents/2018/7/18/June29overallDI.pdf,Exact source school name.
Yale,Yale,yale,mapped,identity,https://dxbhsrqyrr690.cloudfront.net/sidearm.nextgen.sites/nacda.com/documents/2018/7/18/June29overallDI.pdf,Exact source school name.
Youngstown State,Youngstown State,youngstown_state,mapped,identity,https://dxbhsrqyrr690.cloudfront.net/sidearm.nextgen.sites/nacda.com/documents/2018/7/18/June29overallDI.pdf,Exact source school name.
